condition,participant,wait_duration_before_circle,BINNING,is_valid,space_pressed_duration,DIFF,RATIO,ABS ERROR,Avg.underest.(percentage)
0-Control-RR,ad,0.9,750-1100 MS.,,0.55,-0.34,0.62,-0.38,0.38
0-Control-RR,ad,0.66,350-750 MS.,,0.46,-0.2,0.69,-0.31,0.31
0-Control-RR,ad,0.31,0-350 MS.,,0.58,0.28,1.9,0.9,-0.9
0-Control-RR,ad,0.86,750-1100 MS.,,0.64,-0.22,0.75,-0.25,0.25
0-Control-RR,ad,0.04,0-350 MS.,,0.41,0.37,10.97,9.97,-9.97
0-Control-RR,ad,0.19,0-350 MS.,,0.6,0.41,3.12,2.12,-2.12
0-Control-RR,ad,0.64,350-750 MS.,,0.63,-0.01,0.99,-0.01,0.01
0-Control-RR,ad,0.14,0-350 MS.,,0.27,0.14,2.01,1.01,-1.01
0-Control-RR,ad,0.13,0-350 MS.,,0.25,0.12,1.98,0.98,-0.98
0-Control-RR,ad,0.86,750-1100 MS.,,0.34,-0.52,0.4,-0.6,0.6
0-Control-RR,ad,0.3,0-350 MS.,,0.4,0.1,1.32,0.32,-0.32
0-Control-RR,ad,0.96,750-1100 MS.,,0.86,-0.1,0.89,-0.11,0.11
0-Control-RR,ad,1.06,750-1100 MS.,,0.78,-0.28,0.73,-0.27,0.27
0-Control-RR,ad,0.33,0-350 MS.,,0.62,0.29,1.88,0.88,-0.88
0-Control-RR,ad,0.95,750-1100 MS.,,0.75,-0.2,0.79,-0.21,0.21
0-Control-RR,ad,0.04,0-350 MS.,,0.43,0.39,10.94,9.94,-9.94
0-Control-RR,ad,0.51,350-750 MS.,,0.8,0.29,1.58,0.58,-0.58
0-Control-RR,ad,0.86,750-1100 MS.,,0.88,0.02,1.02,0.02,-0.02
0-Control-RR,ad,1.01,750-1100 MS.,,0.85,-0.16,0.84,-0.16,0.16
0-Control-RR,ad,0.3,0-350 MS.,,0.59,0.3,1.99,0.99,-0.99
0-Control-RR,ad,0.93,750-1100 MS.,,0.9,-0.03,0.97,-0.03,0.03
0-Control-RR,ad,0.8,750-1100 MS.,,0.46,-0.34,0.57,-0.43,0.43
0-Control-RR,ad,0.5,350-750 MS.,,0.69,0.19,1.39,0.39,-0.39
0-Control-RR,ad,1.02,750-1100 MS.,,0.99,-0.02,0.98,-0.02,0.02
0-Control-RR,ad,0.95,750-1100 MS.,,0.96,0.01,1.01,0.01,-0.01
0-Control-RR,ad,0.13,0-350 MS.,,0.74,0.62,5.83,4.83,-4.83
0-Control-RR,ad,0.1,0-350 MS.,,0.47,0.37,4.81,3.81,-3.81
0-Control-RR,ad,1.08,750-1100 MS.,,0.27,-0.81,0.25,-0.75,0.75
0-Control-RR,ad,0.39,350-750 MS.,,0.32,-0.07,0.82,-0.18,0.18
0-Control-RR,ad,0.62,350-750 MS.,,0.5,-0.13,0.8,-0.2,0.2
0-Control-RR,ad,0.91,750-1100 MS.,,0.7,-0.21,0.76,-0.24,0.24
0-Control-RR,ad,0.52,350-750 MS.,,0.88,0.36,1.68,0.68,-0.68
0-Control-RR,ad,0.1,0-350 MS.,,0.34,0.23,3.28,2.28,-2.28
0-Control-RR,ad,0.41,350-750 MS.,,0.5,0.09,1.22,0.22,-0.22
0-Control-RR,ad,0.2,0-350 MS.,,0.42,0.22,2.09,1.09,-1.09
0-Control-RR,ad,0.65,350-750 MS.,,0.46,-0.19,0.71,-0.29,0.29
0-Control-RR,ad,0.2,0-350 MS.,,0.21,0,1.02,0.02,-0.02
0-Control-RR,ad,0.46,350-750 MS.,,0.53,0.07,1.15,0.15,-0.15
0-Control-RR,ad,0.58,350-750 MS.,,0.75,0.17,1.29,0.29,-0.29
0-Control-RR,ad,1.04,750-1100 MS.,,1.03,-0.01,0.99,-0.01,0.01
0-Control-RR,ad,0.39,350-750 MS.,,0.61,0.22,1.55,0.55,-0.55
0-Control-RR,ad,0.09,0-350 MS.,,0.66,0.57,7.29,6.29,-6.29
0-Control-RR,ad,0.04,0-350 MS.,,0.42,0.39,11.49,10.49,-10.49
0-Control-RR,ad,0.66,350-750 MS.,,0.42,-0.24,0.63,-0.37,0.37
0-Control-RR,ad,1.09,750-1100 MS.,,1.02,-0.07,0.94,-0.06,0.06
0-Control-RR,ad,0.29,0-350 MS.,,0.45,0.16,1.56,0.56,-0.56
0-Control-RR,ad,0.27,0-350 MS.,,0.21,-0.06,0.78,-0.22,0.22
0-Control-RR,ad,0.94,750-1100 MS.,,0.84,-0.1,0.9,-0.1,0.1
0-Control-RR,ad,0.08,0-350 MS.,,0.19,0.11,2.44,1.44,-1.44
0-Control-RR,ad,0.1,0-350 MS.,,0.18,0.09,1.88,0.88,-0.88
0-Control-RR,ag,0.31,0-350 MS.,,0.26,-0.04,0.86,-0.14,0.14
0-Control-RR,ag,1.04,750-1100 MS.,,0.47,-0.57,0.45,-0.55,0.55
0-Control-RR,ag,0.46,350-750 MS.,,0.3,-0.16,0.66,-0.34,0.34
0-Control-RR,ag,0.1,0-350 MS.,,0.17,0.07,1.71,0.71,-0.71
0-Control-RR,ag,1.09,750-1100 MS.,,0.74,-0.35,0.68,-0.32,0.32
0-Control-RR,ag,0.3,0-350 MS.,,0.32,0.02,1.05,0.05,-0.05
0-Control-RR,ag,0.2,0-350 MS.,,0.28,0.08,1.38,0.38,-0.38
0-Control-RR,ag,0.04,0-350 MS.,,0.19,0.15,4.86,3.86,-3.86
0-Control-RR,ag,0.52,350-750 MS.,,0.38,-0.15,0.72,-0.28,0.28
0-Control-RR,ag,1.02,750-1100 MS.,,0.84,-0.18,0.83,-0.17,0.17
0-Control-RR,ag,0.58,350-750 MS.,,0.42,-0.17,0.71,-0.29,0.29
0-Control-RR,ag,0.14,0-350 MS.,,0.26,0.13,1.95,0.95,-0.95
0-Control-RR,ag,0.86,750-1100 MS.,,0.69,-0.17,0.8,-0.2,0.2
0-Control-RR,ag,0.95,750-1100 MS.,,1,0.05,1.06,0.06,-0.06
0-Control-RR,ag,0.65,350-750 MS.,,0.46,-0.19,0.71,-0.29,0.29
0-Control-RR,ag,0.1,0-350 MS.,,0.18,0.09,1.88,0.88,-0.88
0-Control-RR,ag,0.66,350-750 MS.,,0.24,-0.42,0.36,-0.64,0.64
0-Control-RR,ag,0.04,0-350 MS.,,0.18,0.15,4.99,3.99,-3.99
0-Control-RR,ag,0.51,350-750 MS.,,0.5,0,1,0,0
0-Control-RR,ag,0.13,0-350 MS.,,0.2,0.07,1.57,0.57,-0.57
0-Control-RR,ag,0.39,350-750 MS.,,0.15,-0.24,0.39,-0.61,0.61
0-Control-RR,ag,0.29,0-350 MS.,,0.15,-0.14,0.53,-0.47,0.47
0-Control-RR,ag,0.94,750-1100 MS.,,0.7,-0.24,0.74,-0.26,0.26
0-Control-RR,ag,0.19,0-350 MS.,,0.16,-0.03,0.83,-0.17,0.17
0-Control-RR,ag,0.96,750-1100 MS.,,0.97,0.01,1.01,0.01,-0.01
0-Control-RR,ag,0.33,0-350 MS.,,0.18,-0.16,0.53,-0.47,0.47
0-Control-RR,ag,0.08,0-350 MS.,,0.12,0.04,1.52,0.52,-0.52
0-Control-RR,ag,0.39,350-750 MS.,,0.21,-0.18,0.53,-0.47,0.47
0-Control-RR,ag,0.8,750-1100 MS.,,0.82,0.02,1.03,0.03,-0.03
0-Control-RR,ag,1.08,750-1100 MS.,,0.74,-0.34,0.69,-0.31,0.31
0-Control-RR,ag,0.04,0-350 MS.,,0.18,0.14,4.73,3.73,-3.73
0-Control-RR,ag,0.27,0-350 MS.,,0.19,-0.07,0.72,-0.28,0.28
0-Control-RR,ag,0.09,0-350 MS.,,0.07,-0.02,0.8,-0.2,0.2
0-Control-RR,ag,0.66,350-750 MS.,,0.22,-0.44,0.33,-0.67,0.67
0-Control-RR,ag,0.3,0-350 MS.,,0.18,-0.11,0.62,-0.38,0.38
0-Control-RR,ag,0.5,350-750 MS.,,0.33,-0.17,0.66,-0.34,0.34
0-Control-RR,ag,0.41,350-750 MS.,,0.21,-0.2,0.51,-0.49,0.49
0-Control-RR,ag,0.95,750-1100 MS.,,0.27,-0.68,0.29,-0.71,0.71
0-Control-RR,ag,0.62,350-750 MS.,,0.27,-0.35,0.44,-0.56,0.56
0-Control-RR,ag,0.13,0-350 MS.,,0.13,0,1.02,0.02,-0.02
0-Control-RR,ag,0.1,0-350 MS.,,0.14,0.03,1.33,0.33,-0.33
0-Control-RR,ag,0.64,350-750 MS.,,0.29,-0.35,0.45,-0.55,0.55
0-Control-RR,ag,0.91,750-1100 MS.,,0.43,-0.48,0.47,-0.53,0.53
0-Control-RR,ag,0.9,750-1100 MS.,,0.21,-0.69,0.23,-0.77,0.77
0-Control-RR,ag,0.2,0-350 MS.,,0.17,-0.04,0.82,-0.18,0.18
0-Control-RR,ag,0.86,750-1100 MS.,,0.36,-0.5,0.42,-0.58,0.58
0-Control-RR,ag,0.93,750-1100 MS.,,0.3,-0.62,0.33,-0.67,0.67
0-Control-RR,ag,0.86,750-1100 MS.,,0.29,-0.57,0.33,-0.67,0.67
0-Control-RR,ag,1.01,750-1100 MS.,,0.98,-0.03,0.97,-0.03,0.03
0-Control-RR,ag,1.06,750-1100 MS.,,0.96,-0.1,0.9,-0.1,0.1
0-Control-RR,bs,0.96,750-1100 MS.,,0.6,-0.36,0.63,-0.37,0.37
0-Control-RR,bs,0.08,0-350 MS.,,0.22,0.15,2.84,1.84,-1.84
0-Control-RR,bs,1.09,750-1100 MS.,,0.2,-0.89,0.18,-0.82,0.82
0-Control-RR,bs,0.58,350-750 MS.,,0.28,-0.3,0.48,-0.52,0.52
0-Control-RR,bs,0.13,0-350 MS.,,0.3,0.18,2.42,1.42,-1.42
0-Control-RR,bs,1.02,750-1100 MS.,,0.49,-0.53,0.48,-0.52,0.52
0-Control-RR,bs,0.8,750-1100 MS.,,0.42,-0.38,0.52,-0.48,0.48
0-Control-RR,bs,0.04,0-350 MS.,,0.23,0.19,5.87,4.87,-4.87
0-Control-RR,bs,0.09,0-350 MS.,,0.28,0.19,3.11,2.11,-2.11
0-Control-RR,bs,0.95,750-1100 MS.,,0.62,-0.33,0.65,-0.35,0.35
0-Control-RR,bs,0.86,750-1100 MS.,,0.65,-0.21,0.75,-0.25,0.25
0-Control-RR,bs,0.94,750-1100 MS.,,0.3,-0.63,0.32,-0.68,0.68
0-Control-RR,bs,0.41,350-750 MS.,,0.33,-0.08,0.8,-0.2,0.2
0-Control-RR,bs,0.51,350-750 MS.,,0.34,-0.16,0.68,-0.32,0.32
0-Control-RR,bs,0.62,350-750 MS.,,0.33,-0.29,0.53,-0.47,0.47
0-Control-RR,bs,0.39,350-750 MS.,,0.31,-0.08,0.8,-0.2,0.2
0-Control-RR,bs,0.1,0-350 MS.,,0.32,0.22,3.27,2.27,-2.27
0-Control-RR,bs,0.66,350-750 MS.,,0.45,-0.21,0.68,-0.32,0.32
0-Control-RR,bs,0.91,750-1100 MS.,,0.67,-0.24,0.74,-0.26,0.26
0-Control-RR,bs,0.93,750-1100 MS.,,0.78,-0.15,0.84,-0.16,0.16
0-Control-RR,bs,0.27,0-350 MS.,,0.34,0.08,1.29,0.29,-0.29
0-Control-RR,bs,0.65,350-750 MS.,,0.46,-0.19,0.71,-0.29,0.29
0-Control-RR,bs,0.5,350-750 MS.,,0.34,-0.16,0.68,-0.32,0.32
0-Control-RR,bs,0.3,0-350 MS.,,0.31,0.01,1.03,0.03,-0.03
0-Control-RR,bs,0.9,750-1100 MS.,,0.46,-0.43,0.52,-0.48,0.48
0-Control-RR,bs,0.04,0-350 MS.,,0.23,0.2,6.29,5.29,-5.29
0-Control-RR,bs,0.95,750-1100 MS.,,0.5,-0.45,0.52,-0.48,0.48
0-Control-RR,bs,0.19,0-350 MS.,,0.2,0.01,1.04,0.04,-0.04
0-Control-RR,bs,1.08,750-1100 MS.,,0.51,-0.57,0.47,-0.53,0.53
0-Control-RR,bs,0.1,0-350 MS.,,0.19,0.09,1.87,0.87,-0.87
0-Control-RR,bs,0.14,0-350 MS.,,0.26,0.12,1.89,0.89,-0.89
0-Control-RR,bs,0.66,350-750 MS.,,0.33,-0.33,0.5,-0.5,0.5
0-Control-RR,bs,0.86,750-1100 MS.,,0.42,-0.43,0.49,-0.51,0.51
0-Control-RR,bs,0.1,0-350 MS.,,0.34,0.24,3.43,2.43,-2.43
0-Control-RR,bs,0.64,350-750 MS.,,0.22,-0.42,0.34,-0.66,0.66
0-Control-RR,bs,1.04,750-1100 MS.,,0.5,-0.53,0.49,-0.51,0.51
0-Control-RR,bs,0.86,750-1100 MS.,,0.65,-0.22,0.75,-0.25,0.25
0-Control-RR,bs,0.3,0-350 MS.,,0.38,0.08,1.27,0.27,-0.27
0-Control-RR,bs,0.33,0-350 MS.,,0.42,0.09,1.28,0.28,-0.28
0-Control-RR,bs,0.2,0-350 MS.,,0.35,0.15,1.74,0.74,-0.74
0-Control-RR,bs,0.39,350-750 MS.,,0.29,-0.1,0.73,-0.27,0.27
0-Control-RR,bs,0.31,0-350 MS.,,0.25,-0.06,0.81,-0.19,0.19
0-Control-RR,bs,1.01,750-1100 MS.,,0.53,-0.48,0.53,-0.47,0.47
0-Control-RR,bs,0.29,0-350 MS.,,0.42,0.13,1.44,0.44,-0.44
0-Control-RR,bs,0.04,0-350 MS.,,0.3,0.26,7.96,6.96,-6.96
0-Control-RR,bs,1.06,750-1100 MS.,,0.68,-0.38,0.64,-0.36,0.36
0-Control-RR,bs,0.46,350-750 MS.,,0.34,-0.12,0.73,-0.27,0.27
0-Control-RR,bs,0.52,350-750 MS.,,0.49,-0.03,0.93,-0.07,0.07
0-Control-RR,bs,0.2,0-350 MS.,,0.37,0.16,1.81,0.81,-0.81
0-Control-RR,bs,0.13,0-350 MS.,,0.45,0.32,3.51,2.51,-2.51
0-Control-RR,bt,1.06,750-1100 MS.,,0.45,-0.61,0.42,-0.58,0.58
0-Control-RR,bt,0.94,750-1100 MS.,,0.34,-0.6,0.36,-0.64,0.64
0-Control-RR,bt,0.27,0-350 MS.,,0.18,-0.09,0.66,-0.34,0.34
0-Control-RR,bt,0.8,750-1100 MS.,,0.25,-0.55,0.31,-0.69,0.69
0-Control-RR,bt,0.04,0-350 MS.,,0.16,0.12,4.3,3.3,-3.3
0-Control-RR,bt,0.51,350-750 MS.,,0.24,-0.27,0.47,-0.53,0.53
0-Control-RR,bt,0.2,0-350 MS.,,0.26,0.05,1.26,0.26,-0.26
0-Control-RR,bt,0.91,750-1100 MS.,,0.31,-0.6,0.34,-0.66,0.66
0-Control-RR,bt,1.02,750-1100 MS.,,0.34,-0.68,0.33,-0.67,0.67
0-Control-RR,bt,0.64,350-750 MS.,,0.21,-0.43,0.33,-0.67,0.67
0-Control-RR,bt,0.41,350-750 MS.,,0.23,-0.18,0.57,-0.43,0.43
0-Control-RR,bt,0.13,0-350 MS.,,0.16,0.03,1.25,0.25,-0.25
0-Control-RR,bt,0.14,0-350 MS.,,0.22,0.09,1.66,0.66,-0.66
0-Control-RR,bt,0.95,750-1100 MS.,,0.22,-0.72,0.24,-0.76,0.76
0-Control-RR,bt,0.13,0-350 MS.,,0.18,0.05,1.4,0.4,-0.4
0-Control-RR,bt,0.62,350-750 MS.,,0.12,-0.5,0.19,-0.81,0.81
0-Control-RR,bt,0.86,750-1100 MS.,,0.24,-0.62,0.28,-0.72,0.72
0-Control-RR,bt,0.66,350-750 MS.,,0.27,-0.39,0.41,-0.59,0.59
0-Control-RR,bt,0.08,0-350 MS.,,0.15,0.07,1.93,0.93,-0.93
0-Control-RR,bt,0.29,0-350 MS.,,0.17,-0.12,0.58,-0.42,0.42
0-Control-RR,bt,0.3,0-350 MS.,,0.19,-0.1,0.65,-0.35,0.35
0-Control-RR,bt,0.31,0-350 MS.,,0.18,-0.13,0.57,-0.43,0.43
0-Control-RR,bt,0.93,750-1100 MS.,,0.19,-0.73,0.21,-0.79,0.79
0-Control-RR,bt,1.01,750-1100 MS.,,0.24,-0.77,0.24,-0.76,0.76
0-Control-RR,bt,0.66,350-750 MS.,,0.18,-0.48,0.28,-0.72,0.72
0-Control-RR,bt,0.96,750-1100 MS.,,0.21,-0.75,0.22,-0.78,0.78
0-Control-RR,bt,0.04,0-350 MS.,,0.15,0.11,3.85,2.85,-2.85
0-Control-RR,bt,0.1,0-350 MS.,,0.19,0.09,1.96,0.96,-0.96
0-Control-RR,bt,0.1,0-350 MS.,,0.09,-0.01,0.86,-0.14,0.14
0-Control-RR,bt,0.58,350-750 MS.,,0.15,-0.43,0.26,-0.74,0.74
0-Control-RR,bt,0.3,0-350 MS.,,0.24,-0.06,0.79,-0.21,0.21
0-Control-RR,bt,0.39,350-750 MS.,,0.25,-0.14,0.64,-0.36,0.36
0-Control-RR,bt,0.65,350-750 MS.,,0.2,-0.45,0.31,-0.69,0.69
0-Control-RR,bt,1.08,750-1100 MS.,,0.19,-0.89,0.18,-0.82,0.82
0-Control-RR,bt,0.33,0-350 MS.,,0.23,-0.1,0.7,-0.3,0.3
0-Control-RR,bt,0.5,350-750 MS.,,0.17,-0.33,0.34,-0.66,0.66
0-Control-RR,bt,0.52,350-750 MS.,,0.18,-0.35,0.34,-0.66,0.66
0-Control-RR,bt,0.46,350-750 MS.,,0.21,-0.25,0.45,-0.55,0.55
0-Control-RR,bt,0.2,0-350 MS.,,0.18,-0.02,0.9,-0.1,0.1
0-Control-RR,bt,0.9,750-1100 MS.,,0.27,-0.62,0.3,-0.7,0.7
0-Control-RR,bt,0.86,750-1100 MS.,,0.22,-0.65,0.25,-0.75,0.75
0-Control-RR,bt,1.04,750-1100 MS.,,0.26,-0.78,0.25,-0.75,0.75
0-Control-RR,bt,0.09,0-350 MS.,,0.1,0.01,1.16,0.16,-0.16
0-Control-RR,bt,1.09,750-1100 MS.,,0.21,-0.88,0.19,-0.81,0.81
0-Control-RR,bt,0.04,0-350 MS.,,0.09,0.05,2.38,1.38,-1.38
0-Control-RR,bt,0.95,750-1100 MS.,,0.15,-0.8,0.16,-0.84,0.84
0-Control-RR,bt,0.19,0-350 MS.,,0.15,-0.04,0.79,-0.21,0.21
0-Control-RR,bt,0.1,0-350 MS.,,0.09,-0.01,0.9,-0.1,0.1
0-Control-RR,bt,0.86,750-1100 MS.,,0.14,-0.73,0.16,-0.84,0.84
0-Control-RR,bt,0.39,350-750 MS.,,0.26,-0.14,0.65,-0.35,0.35
0-Control-RR,dt,0.96,750-1100 MS.,,0.71,-0.25,0.74,-0.26,0.26
0-Control-RR,dt,0.14,0-350 MS.,,0.1,-0.03,0.77,-0.23,0.23
0-Control-RR,dt,0.91,750-1100 MS.,,0.36,-0.55,0.4,-0.6,0.6
0-Control-RR,dt,0.52,350-750 MS.,,0.24,-0.28,0.46,-0.54,0.54
0-Control-RR,dt,0.3,0-350 MS.,,0.13,-0.17,0.43,-0.57,0.57
0-Control-RR,dt,0.04,0-350 MS.,,0.13,0.09,3.24,2.24,-2.24
0-Control-RR,dt,0.04,0-350 MS.,,0.14,0.11,3.87,2.87,-2.87
0-Control-RR,dt,0.13,0-350 MS.,,0.18,0.05,1.38,0.38,-0.38
0-Control-RR,dt,0.64,350-750 MS.,,0.58,-0.06,0.9,-0.1,0.1
0-Control-RR,dt,0.29,0-350 MS.,,0.21,-0.08,0.72,-0.28,0.28
0-Control-RR,dt,0.39,350-750 MS.,,0.39,0,1.01,0.01,-0.01
0-Control-RR,dt,0.39,350-750 MS.,,0.33,-0.06,0.84,-0.16,0.16
0-Control-RR,dt,0.94,750-1100 MS.,,1.1,0.17,1.18,0.18,-0.18
0-Control-RR,dt,1.09,750-1100 MS.,,0.85,-0.24,0.78,-0.22,0.22
0-Control-RR,dt,0.1,0-350 MS.,,0.12,0.02,1.23,0.23,-0.23
0-Control-RR,dt,0.5,350-750 MS.,,0.15,-0.34,0.31,-0.69,0.69
0-Control-RR,dt,0.3,0-350 MS.,,0.18,-0.12,0.61,-0.39,0.39
0-Control-RR,dt,0.19,0-350 MS.,,0.18,-0.01,0.96,-0.04,0.04
0-Control-RR,dt,0.8,750-1100 MS.,,0.76,-0.04,0.95,-0.05,0.05
0-Control-RR,dt,0.58,350-750 MS.,,0.41,-0.17,0.7,-0.3,0.3
0-Control-RR,dt,0.93,750-1100 MS.,,0.18,-0.74,0.2,-0.8,0.8
0-Control-RR,dt,0.31,0-350 MS.,,0.15,-0.16,0.49,-0.51,0.51
0-Control-RR,dt,0.1,0-350 MS.,,0.2,0.1,1.95,0.95,-0.95
0-Control-RR,dt,0.41,350-750 MS.,,0.29,-0.12,0.71,-0.29,0.29
0-Control-RR,dt,1.01,750-1100 MS.,,0.7,-0.3,0.7,-0.3,0.3
0-Control-RR,dt,0.65,350-750 MS.,,0.65,-0.01,0.99,-0.01,0.01
0-Control-RR,dt,0.1,0-350 MS.,,0.12,0.02,1.22,0.22,-0.22
0-Control-RR,dt,1.04,750-1100 MS.,,0.98,-0.06,0.94,-0.06,0.06
0-Control-RR,dt,1.08,750-1100 MS.,,0.3,-0.78,0.28,-0.72,0.72
0-Control-RR,dt,0.08,0-350 MS.,,0.14,0.06,1.73,0.73,-0.73
0-Control-RR,dt,0.04,0-350 MS.,,0.26,0.22,6.94,5.94,-5.94
0-Control-RR,dt,0.66,350-750 MS.,,0.23,-0.43,0.35,-0.65,0.65
0-Control-RR,dt,0.27,0-350 MS.,,0.19,-0.07,0.72,-0.28,0.28
0-Control-RR,dt,0.09,0-350 MS.,,0.22,0.13,2.4,1.4,-1.4
0-Control-RR,dt,0.2,0-350 MS.,,0.18,-0.03,0.86,-0.14,0.14
0-Control-RR,dt,0.9,750-1100 MS.,,0.79,-0.1,0.88,-0.12,0.12
0-Control-RR,dt,0.95,750-1100 MS.,,0.33,-0.62,0.35,-0.65,0.65
0-Control-RR,dt,0.95,750-1100 MS.,,0.93,-0.02,0.98,-0.02,0.02
0-Control-RR,dt,0.86,750-1100 MS.,,0.41,-0.46,0.47,-0.53,0.53
0-Control-RR,dt,1.06,750-1100 MS.,,0.82,-0.24,0.77,-0.23,0.23
0-Control-RR,dt,0.2,0-350 MS.,,0.26,0.05,1.26,0.26,-0.26
0-Control-RR,dt,0.66,350-750 MS.,,0.26,-0.4,0.39,-0.61,0.61
0-Control-RR,dt,1.02,750-1100 MS.,,0.44,-0.58,0.43,-0.57,0.57
0-Control-RR,dt,0.86,750-1100 MS.,,0.49,-0.37,0.57,-0.43,0.43
0-Control-RR,dt,0.13,0-350 MS.,,0.3,0.18,2.42,1.42,-1.42
0-Control-RR,dt,0.46,350-750 MS.,,0.26,-0.2,0.56,-0.44,0.44
0-Control-RR,dt,0.62,350-750 MS.,,0.3,-0.33,0.48,-0.52,0.52
0-Control-RR,dt,0.51,350-750 MS.,,0.54,0.03,1.06,0.06,-0.06
0-Control-RR,dt,0.86,750-1100 MS.,,0.4,-0.46,0.47,-0.53,0.53
0-Control-RR,dt,0.33,0-350 MS.,,0.35,0.02,1.06,0.06,-0.06
0-Control-RR,hc,0.13,0-350 MS.,,0.13,0,1.02,0.02,-0.02
0-Control-RR,hc,0.04,0-350 MS.,,0.18,0.14,4.73,3.73,-3.73
0-Control-RR,hc,0.86,750-1100 MS.,,0.34,-0.51,0.4,-0.6,0.6
0-Control-RR,hc,0.91,750-1100 MS.,,0.33,-0.58,0.36,-0.64,0.64
0-Control-RR,hc,0.46,350-750 MS.,,0.42,-0.04,0.92,-0.08,0.08
0-Control-RR,hc,1.09,750-1100 MS.,,0.34,-0.75,0.31,-0.69,0.69
0-Control-RR,hc,0.64,350-750 MS.,,0.24,-0.4,0.38,-0.62,0.62
0-Control-RR,hc,0.3,0-350 MS.,,0.17,-0.14,0.55,-0.45,0.45
0-Control-RR,hc,0.51,350-750 MS.,,0.26,-0.25,0.51,-0.49,0.49
0-Control-RR,hc,0.58,350-750 MS.,,0.23,-0.35,0.4,-0.6,0.6
0-Control-RR,hc,0.39,350-750 MS.,,0.26,-0.13,0.68,-0.32,0.32
0-Control-RR,hc,0.2,0-350 MS.,,0.17,-0.03,0.83,-0.17,0.17
0-Control-RR,hc,0.9,750-1100 MS.,,0.38,-0.52,0.42,-0.58,0.58
0-Control-RR,hc,0.93,750-1100 MS.,,0.52,-0.41,0.56,-0.44,0.44
0-Control-RR,hc,0.33,0-350 MS.,,0.28,-0.05,0.84,-0.16,0.16
0-Control-RR,hc,0.96,750-1100 MS.,,0.58,-0.38,0.61,-0.39,0.39
0-Control-RR,hc,0.95,750-1100 MS.,,0.66,-0.29,0.69,-0.31,0.31
0-Control-RR,hc,0.65,350-750 MS.,,0.56,-0.09,0.86,-0.14,0.14
0-Control-RR,hc,0.62,350-750 MS.,,0.26,-0.36,0.42,-0.58,0.58
0-Control-RR,hc,0.5,350-750 MS.,,0.21,-0.29,0.42,-0.58,0.58
0-Control-RR,hc,0.3,0-350 MS.,,0.21,-0.09,0.7,-0.3,0.3
0-Control-RR,hc,1.08,750-1100 MS.,,0.26,-0.82,0.24,-0.76,0.76
0-Control-RR,hc,0.19,0-350 MS.,,0.3,0.11,1.58,0.58,-0.58
0-Control-RR,hc,0.1,0-350 MS.,,0.19,0.09,1.87,0.87,-0.87
0-Control-RR,hc,0.08,0-350 MS.,,0.17,0.09,2.13,1.13,-1.13
0-Control-RR,hc,1.04,750-1100 MS.,,0.5,-0.54,0.48,-0.52,0.52
0-Control-RR,hc,0.94,750-1100 MS.,,0.42,-0.51,0.45,-0.55,0.55
0-Control-RR,hc,0.27,0-350 MS.,,0.16,-0.11,0.6,-0.4,0.4
0-Control-RR,hc,0.95,750-1100 MS.,,0.21,-0.74,0.22,-0.78,0.78
0-Control-RR,hc,0.29,0-350 MS.,,0.28,-0.01,0.97,-0.03,0.03
0-Control-RR,hc,0.86,750-1100 MS.,,0.42,-0.45,0.48,-0.52,0.52
0-Control-RR,hc,1.01,750-1100 MS.,,0.54,-0.47,0.53,-0.47,0.47
0-Control-RR,hc,0.31,0-350 MS.,,0.21,-0.1,0.68,-0.32,0.32
0-Control-RR,hc,0.86,750-1100 MS.,,0.55,-0.31,0.64,-0.36,0.36
0-Control-RR,hc,0.66,350-750 MS.,,0.38,-0.28,0.58,-0.42,0.42
0-Control-RR,hc,0.52,350-750 MS.,,0.28,-0.24,0.54,-0.46,0.46
0-Control-RR,hc,0.39,350-750 MS.,,0.23,-0.16,0.59,-0.41,0.41
0-Control-RR,hc,0.13,0-350 MS.,,0.18,0.05,1.38,0.38,-0.38
0-Control-RR,hc,0.04,0-350 MS.,,0.14,0.1,3.69,2.69,-2.69
0-Control-RR,hc,0.41,350-750 MS.,,0.3,-0.11,0.73,-0.27,0.27
0-Control-RR,hc,0.09,0-350 MS.,,0.15,0.06,1.69,0.69,-0.69
0-Control-RR,hc,0.66,350-750 MS.,,0.27,-0.39,0.41,-0.59,0.59
0-Control-RR,hc,0.1,0-350 MS.,,0.12,0.02,1.23,0.23,-0.23
0-Control-RR,hc,0.2,0-350 MS.,,0.19,-0.01,0.94,-0.06,0.06
0-Control-RR,hc,0.14,0-350 MS.,,0.18,0.04,1.3,0.3,-0.3
0-Control-RR,hc,0.8,750-1100 MS.,,0.14,-0.66,0.17,-0.83,0.83
0-Control-RR,hc,0.04,0-350 MS.,,0.14,0.1,3.65,2.65,-2.65
0-Control-RR,hc,1.06,750-1100 MS.,,0.23,-0.83,0.22,-0.78,0.78
0-Control-RR,hc,0.1,0-350 MS.,,0.13,0.03,1.31,0.31,-0.31
0-Control-RR,hc,1.02,750-1100 MS.,,0.32,-0.7,0.31,-0.69,0.69
0-Control-RR,ho,0.51,350-750 MS.,,0.32,-0.19,0.63,-0.37,0.37
0-Control-RR,ho,0.3,0-350 MS.,,0.38,0.09,1.29,0.29,-0.29
0-Control-RR,ho,0.1,0-350 MS.,,0.38,0.27,3.67,2.67,-2.67
0-Control-RR,ho,0.09,0-350 MS.,,0.34,0.25,3.74,2.74,-2.74
0-Control-RR,ho,0.95,750-1100 MS.,,0.46,-0.49,0.49,-0.51,0.51
0-Control-RR,ho,0.19,0-350 MS.,,0.42,0.22,2.17,1.17,-1.17
0-Control-RR,ho,0.27,0-350 MS.,,0.47,0.21,1.77,0.77,-0.77
0-Control-RR,ho,0.95,750-1100 MS.,,0.55,-0.4,0.58,-0.42,0.42
0-Control-RR,ho,0.65,350-750 MS.,,0.51,-0.14,0.78,-0.22,0.22
0-Control-RR,ho,0.9,750-1100 MS.,,0.57,-0.33,0.63,-0.37,0.37
0-Control-RR,ho,0.1,0-350 MS.,,0.54,0.45,5.57,4.57,-4.57
0-Control-RR,ho,0.94,750-1100 MS.,,0.57,-0.37,0.61,-0.39,0.39
0-Control-RR,ho,0.31,0-350 MS.,,0.66,0.35,2.13,1.13,-1.13
0-Control-RR,ho,0.8,750-1100 MS.,,0.5,-0.3,0.63,-0.37,0.37
0-Control-RR,ho,0.91,750-1100 MS.,,0.5,-0.41,0.55,-0.45,0.45
0-Control-RR,ho,0.46,350-750 MS.,,0.41,-0.05,0.89,-0.11,0.11
0-Control-RR,ho,0.52,350-750 MS.,,0.47,-0.05,0.9,-0.1,0.1
0-Control-RR,ho,0.3,0-350 MS.,,0.46,0.16,1.53,0.53,-0.53
0-Control-RR,ho,0.04,0-350 MS.,,0.43,0.4,11.71,10.71,-10.71
0-Control-RR,ho,0.1,0-350 MS.,,0.47,0.37,4.81,3.81,-3.81
0-Control-RR,ho,0.5,350-750 MS.,,0.58,0.08,1.16,0.16,-0.16
0-Control-RR,ho,0.2,0-350 MS.,,0.45,0.24,2.2,1.2,-1.2
0-Control-RR,ho,0.2,0-350 MS.,,0.42,0.21,2.05,1.05,-1.05
0-Control-RR,ho,0.13,0-350 MS.,,0.37,0.24,2.89,1.89,-1.89
0-Control-RR,ho,1.02,750-1100 MS.,,0.42,-0.59,0.42,-0.58,0.58
0-Control-RR,ho,0.86,750-1100 MS.,,0.55,-0.31,0.64,-0.36,0.36
0-Control-RR,ho,0.64,350-750 MS.,,0.49,-0.15,0.76,-0.24,0.24
0-Control-RR,ho,0.58,350-750 MS.,,0.5,-0.08,0.86,-0.14,0.14
0-Control-RR,ho,0.66,350-750 MS.,,0.44,-0.22,0.67,-0.33,0.33
0-Control-RR,ho,1.04,750-1100 MS.,,0.55,-0.49,0.53,-0.47,0.47
0-Control-RR,ho,1.09,750-1100 MS.,,0.46,-0.63,0.42,-0.58,0.58
0-Control-RR,ho,0.39,350-750 MS.,,0.46,0.07,1.18,0.18,-0.18
0-Control-RR,ho,0.04,0-350 MS.,,0.45,0.41,12.04,11.04,-11.04
0-Control-RR,ho,0.08,0-350 MS.,,0.46,0.39,5.89,4.89,-4.89
0-Control-RR,ho,0.66,350-750 MS.,,0.46,-0.2,0.69,-0.31,0.31
0-Control-RR,ho,0.86,750-1100 MS.,,0.39,-0.47,0.45,-0.55,0.55
0-Control-RR,ho,0.04,0-350 MS.,,0.47,0.43,11.95,10.95,-10.95
0-Control-RR,ho,0.14,0-350 MS.,,0.37,0.23,2.72,1.72,-1.72
0-Control-RR,ho,1.01,750-1100 MS.,,0.42,-0.59,0.41,-0.59,0.59
0-Control-RR,ho,0.93,750-1100 MS.,,0.43,-0.49,0.47,-0.53,0.53
0-Control-RR,ho,0.13,0-350 MS.,,0.45,0.32,3.57,2.57,-2.57
0-Control-RR,ho,0.96,750-1100 MS.,,0.48,-0.48,0.5,-0.5,0.5
0-Control-RR,ho,1.08,750-1100 MS.,,0.48,-0.6,0.44,-0.56,0.56
0-Control-RR,ho,0.86,750-1100 MS.,,0.53,-0.33,0.61,-0.39,0.39
0-Control-RR,ho,1.06,750-1100 MS.,,0.49,-0.57,0.46,-0.54,0.54
0-Control-RR,ho,0.33,0-350 MS.,,0.46,0.12,1.37,0.37,-0.37
0-Control-RR,ho,0.29,0-350 MS.,,0.52,0.23,1.8,0.8,-0.8
0-Control-RR,ho,0.62,350-750 MS.,,0.53,-0.09,0.85,-0.15,0.15
0-Control-RR,ho,0.41,350-750 MS.,,0.54,0.13,1.31,0.31,-0.31
0-Control-RR,ho,0.39,350-750 MS.,,0.54,0.15,1.4,0.4,-0.4
0-Control-RR,ia,0.14,0-350 MS.,,0.14,0.01,1.06,0.06,-0.06
0-Control-RR,ia,0.46,350-750 MS.,,0.28,-0.18,0.61,-0.39,0.39
0-Control-RR,ia,0.94,750-1100 MS.,,0.36,-0.58,0.38,-0.62,0.62
0-Control-RR,ia,0.04,0-350 MS.,,0.12,0.08,3.23,2.23,-2.23
0-Control-RR,ia,0.33,0-350 MS.,,0.1,-0.23,0.31,-0.69,0.69
0-Control-RR,ia,0.08,0-350 MS.,,0.1,0.02,1.22,0.22,-0.22
0-Control-RR,ia,0.39,350-750 MS.,,0.42,0.03,1.09,0.09,-0.09
0-Control-RR,ia,0.5,350-750 MS.,,0.21,-0.29,0.42,-0.58,0.58
0-Control-RR,ia,0.86,750-1100 MS.,,0.18,-0.69,0.2,-0.8,0.8
0-Control-RR,ia,0.3,0-350 MS.,,0.25,-0.05,0.84,-0.16,0.16
0-Control-RR,ia,1.06,750-1100 MS.,,0.46,-0.6,0.43,-0.57,0.57
0-Control-RR,ia,0.13,0-350 MS.,,0.17,0.04,1.34,0.34,-0.34
0-Control-RR,ia,0.19,0-350 MS.,,0.11,-0.08,0.58,-0.42,0.42
0-Control-RR,ia,0.95,750-1100 MS.,,0.39,-0.56,0.41,-0.59,0.59
0-Control-RR,ia,0.04,0-350 MS.,,0.2,0.16,5.42,4.42,-4.42
0-Control-RR,ia,0.27,0-350 MS.,,0.25,-0.02,0.93,-0.07,0.07
0-Control-RR,ia,1.08,750-1100 MS.,,0.75,-0.33,0.69,-0.31,0.31
0-Control-RR,ia,0.41,350-750 MS.,,0.14,-0.27,0.33,-0.67,0.67
0-Control-RR,ia,0.65,350-750 MS.,,0.64,-0.01,0.98,-0.02,0.02
0-Control-RR,ia,0.2,0-350 MS.,,0.22,0.02,1.1,0.1,-0.1
0-Control-RR,ia,0.52,350-750 MS.,,0.32,-0.2,0.61,-0.39,0.39
0-Control-RR,ia,0.2,0-350 MS.,,0.22,0.01,1.07,0.07,-0.07
0-Control-RR,ia,0.04,0-350 MS.,,0.14,0.1,3.65,2.65,-2.65
0-Control-RR,ia,0.1,0-350 MS.,,0.25,0.15,2.53,1.53,-1.53
0-Control-RR,ia,0.39,350-750 MS.,,0.36,-0.03,0.92,-0.08,0.08
0-Control-RR,ia,0.3,0-350 MS.,,0.22,-0.08,0.74,-0.26,0.26
0-Control-RR,ia,0.93,750-1100 MS.,,0.43,-0.49,0.47,-0.53,0.53
0-Control-RR,ia,1.04,750-1100 MS.,,0.7,-0.33,0.68,-0.32,0.32
0-Control-RR,ia,0.95,750-1100 MS.,,0.48,-0.47,0.51,-0.49,0.49
0-Control-RR,ia,1.02,750-1100 MS.,,0.6,-0.42,0.59,-0.41,0.41
0-Control-RR,ia,0.8,750-1100 MS.,,0.42,-0.38,0.53,-0.47,0.47
0-Control-RR,ia,0.1,0-350 MS.,,0.14,0.04,1.39,0.39,-0.39
0-Control-RR,ia,0.1,0-350 MS.,,0.18,0.07,1.72,0.72,-0.72
0-Control-RR,ia,0.13,0-350 MS.,,0.18,0.05,1.38,0.38,-0.38
0-Control-RR,ia,0.09,0-350 MS.,,0.14,0.05,1.6,0.6,-0.6
0-Control-RR,ia,0.64,350-750 MS.,,0.39,-0.25,0.61,-0.39,0.39
0-Control-RR,ia,0.86,750-1100 MS.,,0.42,-0.44,0.48,-0.52,0.52
0-Control-RR,ia,0.66,350-750 MS.,,0.71,0.05,1.08,0.08,-0.08
0-Control-RR,ia,0.29,0-350 MS.,,0.16,-0.13,0.56,-0.44,0.44
0-Control-RR,ia,0.96,750-1100 MS.,,0.41,-0.55,0.43,-0.57,0.57
0-Control-RR,ia,1.01,750-1100 MS.,,0.49,-0.52,0.49,-0.51,0.51
0-Control-RR,ia,0.31,0-350 MS.,,0.39,0.08,1.27,0.27,-0.27
0-Control-RR,ia,0.62,350-750 MS.,,0.39,-0.23,0.63,-0.37,0.37
0-Control-RR,ia,0.58,350-750 MS.,,0.34,-0.24,0.59,-0.41,0.41
0-Control-RR,ia,0.91,750-1100 MS.,,0.33,-0.58,0.36,-0.64,0.64
0-Control-RR,ia,1.09,750-1100 MS.,,0.47,-0.62,0.43,-0.57,0.57
0-Control-RR,ia,0.66,350-750 MS.,,0.4,-0.26,0.61,-0.39,0.39
0-Control-RR,ia,0.86,750-1100 MS.,,0.38,-0.49,0.44,-0.56,0.56
0-Control-RR,ia,0.51,350-750 MS.,,0.3,-0.21,0.58,-0.42,0.42
0-Control-RR,ia,0.9,750-1100 MS.,,0.42,-0.48,0.46,-0.54,0.54
0-Control-RR,mae,0.04,0-350 MS.,,0.07,0.04,1.95,0.95,-0.95
0-Control-RR,mae,0.66,350-750 MS.,,0.26,-0.4,0.39,-0.61,0.61
0-Control-RR,mae,0.65,350-750 MS.,,0.42,-0.23,0.65,-0.35,0.35
0-Control-RR,mae,0.58,350-750 MS.,,0.53,-0.05,0.91,-0.09,0.09
0-Control-RR,mae,0.08,0-350 MS.,,0.08,0,1.02,0.02,-0.02
0-Control-RR,mae,0.1,0-350 MS.,,0.06,-0.04,0.57,-0.43,0.43
0-Control-RR,mae,0.13,0-350 MS.,,0.22,0.09,1.69,0.69,-0.69
0-Control-RR,mae,0.95,750-1100 MS.,,0.58,-0.36,0.62,-0.38,0.38
0-Control-RR,mae,1.01,750-1100 MS.,,0.6,-0.41,0.6,-0.4,0.4
0-Control-RR,mae,0.3,0-350 MS.,,0.23,-0.07,0.76,-0.24,0.24
0-Control-RR,mae,0.14,0-350 MS.,,0.21,0.07,1.54,0.54,-0.54
0-Control-RR,mae,0.09,0-350 MS.,,0.14,0.05,1.51,0.51,-0.51
0-Control-RR,mae,0.62,350-750 MS.,,0.48,-0.14,0.77,-0.23,0.23
0-Control-RR,mae,0.8,750-1100 MS.,,0.54,-0.26,0.67,-0.33,0.33
0-Control-RR,mae,0.95,750-1100 MS.,,0.52,-0.43,0.55,-0.45,0.45
0-Control-RR,mae,0.46,350-750 MS.,,0.31,-0.15,0.68,-0.32,0.32
0-Control-RR,mae,0.86,750-1100 MS.,,0.49,-0.37,0.57,-0.43,0.43
0-Control-RR,mae,1.08,750-1100 MS.,,0.51,-0.57,0.47,-0.53,0.53
0-Control-RR,mae,0.94,750-1100 MS.,,0.4,-0.54,0.43,-0.57,0.57
0-Control-RR,mae,0.19,0-350 MS.,,0.11,-0.08,0.58,-0.42,0.42
0-Control-RR,mae,0.86,750-1100 MS.,,0.6,-0.26,0.69,-0.31,0.31
0-Control-RR,mae,0.04,0-350 MS.,,0.09,0.05,2.37,1.37,-1.37
0-Control-RR,mae,0.41,350-750 MS.,,0.22,-0.18,0.55,-0.45,0.45
0-Control-RR,mae,0.52,350-750 MS.,,0.35,-0.17,0.67,-0.33,0.33
0-Control-RR,mae,0.2,0-350 MS.,,0.41,0.2,2,1,-1
0-Control-RR,mae,0.96,750-1100 MS.,,0.47,-0.49,0.49,-0.51,0.51
0-Control-RR,mae,0.39,350-750 MS.,,0.46,0.07,1.19,0.19,-0.19
0-Control-RR,mae,1.04,750-1100 MS.,,0.74,-0.29,0.72,-0.28,0.28
0-Control-RR,mae,0.39,350-750 MS.,,0.34,-0.05,0.88,-0.12,0.12
0-Control-RR,mae,0.04,0-350 MS.,,0.04,0,1.01,0.01,-0.01
0-Control-RR,mae,0.91,750-1100 MS.,,0.6,-0.31,0.66,-0.34,0.34
0-Control-RR,mae,0.3,0-350 MS.,,0.39,0.1,1.32,0.32,-0.32
0-Control-RR,mae,0.27,0-350 MS.,,0.36,0.09,1.35,0.35,-0.35
0-Control-RR,mae,1.09,750-1100 MS.,,0.66,-0.43,0.61,-0.39,0.39
0-Control-RR,mae,0.1,0-350 MS.,,0.04,-0.06,0.41,-0.59,0.59
0-Control-RR,mae,1.06,750-1100 MS.,,0.7,-0.36,0.66,-0.34,0.34
0-Control-RR,mae,0.86,750-1100 MS.,,0.5,-0.36,0.59,-0.41,0.41
0-Control-RR,mae,0.66,350-750 MS.,,0.4,-0.26,0.61,-0.39,0.39
0-Control-RR,mae,0.31,0-350 MS.,,0.23,-0.08,0.75,-0.25,0.25
0-Control-RR,mae,0.93,750-1100 MS.,,0.62,-0.31,0.67,-0.33,0.33
0-Control-RR,mae,0.33,0-350 MS.,,0.22,-0.12,0.65,-0.35,0.35
0-Control-RR,mae,0.13,0-350 MS.,,0.06,-0.06,0.51,-0.49,0.49
0-Control-RR,mae,0.51,350-750 MS.,,0.24,-0.27,0.47,-0.53,0.53
0-Control-RR,mae,1.02,750-1100 MS.,,0.5,-0.52,0.49,-0.51,0.51
0-Control-RR,mae,0.29,0-350 MS.,,0.13,-0.16,0.44,-0.56,0.56
0-Control-RR,mae,0.64,350-750 MS.,,0.29,-0.35,0.45,-0.55,0.55
0-Control-RR,mae,0.9,750-1100 MS.,,0.41,-0.49,0.45,-0.55,0.55
0-Control-RR,mae,0.2,0-350 MS.,,0.11,-0.09,0.55,-0.45,0.45
0-Control-RR,mae,0.1,0-350 MS.,,0.14,0.03,1.33,0.33,-0.33
0-Control-RR,mae,0.5,350-750 MS.,,0.34,-0.15,0.69,-0.31,0.31
0-Control-RR,ot,1.02,750-1100 MS.,,0.93,-0.09,0.91,-0.09,0.09
0-Control-RR,ot,0.1,0-350 MS.,,0.18,0.09,1.88,0.88,-0.88
0-Control-RR,ot,0.62,350-750 MS.,,0.29,-0.33,0.46,-0.54,0.54
0-Control-RR,ot,0.08,0-350 MS.,,0.14,0.07,1.83,0.83,-0.83
0-Control-RR,ot,0.86,750-1100 MS.,,0.54,-0.33,0.62,-0.38,0.38
0-Control-RR,ot,0.66,350-750 MS.,,0.3,-0.36,0.46,-0.54,0.54
0-Control-RR,ot,0.04,0-350 MS.,,0.23,0.19,5.87,4.87,-4.87
0-Control-RR,ot,0.29,0-350 MS.,,0.26,-0.02,0.92,-0.08,0.08
0-Control-RR,ot,0.66,350-750 MS.,,0.44,-0.22,0.67,-0.33,0.33
0-Control-RR,ot,0.9,750-1100 MS.,,0.29,-0.61,0.32,-0.68,0.68
0-Control-RR,ot,0.91,750-1100 MS.,,0.24,-0.67,0.26,-0.74,0.74
0-Control-RR,ot,0.86,750-1100 MS.,,0.32,-0.54,0.37,-0.63,0.63
0-Control-RR,ot,0.31,0-350 MS.,,0.22,-0.09,0.7,-0.3,0.3
0-Control-RR,ot,0.46,350-750 MS.,,0.22,-0.24,0.49,-0.51,0.51
0-Control-RR,ot,0.64,350-750 MS.,,0.28,-0.36,0.44,-0.56,0.56
0-Control-RR,ot,0.1,0-350 MS.,,0.29,0.19,2.95,1.95,-1.95
0-Control-RR,ot,0.13,0-350 MS.,,0.33,0.2,2.62,1.62,-1.62
0-Control-RR,ot,0.1,0-350 MS.,,0.35,0.25,3.43,2.43,-2.43
0-Control-RR,ot,1.09,750-1100 MS.,,0.35,-0.74,0.32,-0.68,0.68
0-Control-RR,ot,1.01,750-1100 MS.,,0.3,-0.71,0.29,-0.71,0.71
0-Control-RR,ot,0.09,0-350 MS.,,0.31,0.22,3.47,2.47,-2.47
0-Control-RR,ot,0.95,750-1100 MS.,,0.29,-0.66,0.3,-0.7,0.7
0-Control-RR,ot,0.3,0-350 MS.,,0.26,-0.04,0.86,-0.14,0.14
0-Control-RR,ot,0.8,750-1100 MS.,,0.39,-0.41,0.49,-0.51,0.51
0-Control-RR,ot,0.95,750-1100 MS.,,0.78,-0.17,0.82,-0.18,0.18
0-Control-RR,ot,0.41,350-750 MS.,,0.43,0.02,1.06,0.06,-0.06
0-Control-RR,ot,0.27,0-350 MS.,,0.46,0.2,1.74,0.74,-0.74
0-Control-RR,ot,0.96,750-1100 MS.,,0.58,-0.38,0.6,-0.4,0.4
0-Control-RR,ot,1.08,750-1100 MS.,,0.58,-0.51,0.53,-0.47,0.47
0-Control-RR,ot,0.04,0-350 MS.,,0.1,0.07,2.8,1.8,-1.8
0-Control-RR,ot,0.93,750-1100 MS.,,0.48,-0.45,0.52,-0.48,0.48
0-Control-RR,ot,0.2,0-350 MS.,,0.34,0.13,1.66,0.66,-0.66
0-Control-RR,ot,0.51,350-750 MS.,,0.38,-0.12,0.76,-0.24,0.24
0-Control-RR,ot,0.39,350-750 MS.,,0.34,-0.05,0.88,-0.12,0.12
0-Control-RR,ot,0.13,0-350 MS.,,0.36,0.23,2.82,1.82,-1.82
0-Control-RR,ot,0.86,750-1100 MS.,,0.3,-0.56,0.35,-0.65,0.65
0-Control-RR,ot,0.33,0-350 MS.,,0.27,-0.06,0.82,-0.18,0.18
0-Control-RR,ot,0.04,0-350 MS.,,0.28,0.24,7.59,6.59,-6.59
0-Control-RR,ot,0.14,0-350 MS.,,0.34,0.21,2.54,1.54,-1.54
0-Control-RR,ot,0.94,750-1100 MS.,,0.31,-0.62,0.33,-0.67,0.67
0-Control-RR,ot,1.06,750-1100 MS.,,0.29,-0.77,0.27,-0.73,0.73
0-Control-RR,ot,0.2,0-350 MS.,,0.3,0.1,1.49,0.49,-0.49
0-Control-RR,ot,0.52,350-750 MS.,,0.26,-0.26,0.51,-0.49,0.49
0-Control-RR,ot,0.19,0-350 MS.,,0.33,0.14,1.71,0.71,-0.71
0-Control-RR,ot,0.5,350-750 MS.,,0.3,-0.2,0.6,-0.4,0.4
0-Control-RR,ot,0.3,0-350 MS.,,0.26,-0.05,0.84,-0.16,0.16
0-Control-RR,ot,0.58,350-750 MS.,,0.33,-0.25,0.56,-0.44,0.44
0-Control-RR,ot,0.65,350-750 MS.,,0.32,-0.33,0.49,-0.51,0.51
0-Control-RR,ot,0.39,350-750 MS.,,0.26,-0.13,0.66,-0.34,0.34
0-Control-RR,ot,1.04,750-1100 MS.,,0.26,-0.78,0.25,-0.75,0.75
1-Motor-FF,ad,0.55,550 MS.,FALSE,0.33,-0.22,0.6,-0.4,0.4
1-Motor-FF,ad,0.55,550 MS.,FALSE,0.34,-0.21,0.61,-0.39,0.39
1-Motor-FF,ad,0.55,550 MS.,TRUE,0.34,-0.21,0.63,-0.37,0.37
1-Motor-FF,ad,0.55,550 MS.,TRUE,0.28,-0.27,0.51,-0.49,0.49
1-Motor-FF,ad,0.55,550 MS.,TRUE,0.3,-0.25,0.55,-0.45,0.45
1-Motor-FF,ad,0.55,550 MS.,TRUE,0.22,-0.33,0.41,-0.59,0.59
1-Motor-FF,ad,0.55,550 MS.,FALSE,0.24,-0.31,0.44,-0.56,0.56
1-Motor-FF,ad,0.55,550 MS.,TRUE,0.22,-0.33,0.41,-0.59,0.59
1-Motor-FF,ad,0.55,550 MS.,TRUE,0.21,-0.34,0.38,-0.62,0.62
1-Motor-FF,ad,0.55,550 MS.,TRUE,0.22,-0.33,0.41,-0.59,0.59
1-Motor-FF,ad,0.55,550 MS.,FALSE,0.3,-0.25,0.54,-0.46,0.46
1-Motor-FF,ad,0.55,550 MS.,TRUE,0.22,-0.33,0.39,-0.61,0.61
1-Motor-FF,ad,0.55,550 MS.,TRUE,0.24,-0.31,0.44,-0.56,0.56
1-Motor-FF,ad,0.55,550 MS.,FALSE,0.23,-0.32,0.42,-0.58,0.58
1-Motor-FF,ad,0.55,550 MS.,FALSE,0.24,-0.31,0.44,-0.56,0.56
1-Motor-FF,ad,0.55,550 MS.,TRUE,0.23,-0.32,0.42,-0.58,0.58
1-Motor-FF,ad,0.55,550 MS.,TRUE,0.31,-0.24,0.57,-0.43,0.43
1-Motor-FF,ad,0.55,550 MS.,FALSE,0.23,-0.32,0.42,-0.58,0.58
1-Motor-FF,ad,0.55,550 MS.,FALSE,0.24,-0.31,0.44,-0.56,0.56
1-Motor-FF,ad,0.55,550 MS.,TRUE,0.22,-0.33,0.39,-0.61,0.61
1-Motor-FF,ad,0.55,550 MS.,FALSE,0.24,-0.31,0.44,-0.56,0.56
1-Motor-FF,ad,0.55,550 MS.,FALSE,0.22,-0.33,0.41,-0.59,0.59
1-Motor-FF,ad,0.55,550 MS.,FALSE,0.22,-0.33,0.41,-0.59,0.59
1-Motor-FF,ad,0.55,550 MS.,FALSE,0.19,-0.36,0.35,-0.65,0.65
1-Motor-FF,ad,0.55,550 MS.,TRUE,0.24,-0.31,0.44,-0.56,0.56
1-Motor-FF,ad,0.55,550 MS.,TRUE,0.18,-0.37,0.32,-0.68,0.68
1-Motor-FF,ad,0.55,550 MS.,FALSE,0.22,-0.33,0.41,-0.59,0.59
1-Motor-FF,ad,0.55,550 MS.,TRUE,0.25,-0.3,0.45,-0.55,0.55
1-Motor-FF,ad,0.55,550 MS.,TRUE,0.21,-0.34,0.38,-0.62,0.62
1-Motor-FF,ad,0.55,550 MS.,TRUE,0.22,-0.33,0.41,-0.59,0.59
1-Motor-FF,ad,0.55,550 MS.,FALSE,0.22,-0.33,0.39,-0.61,0.61
1-Motor-FF,ad,0.55,550 MS.,FALSE,0.26,-0.29,0.47,-0.53,0.53
1-Motor-FF,ad,0.55,550 MS.,FALSE,0.29,-0.26,0.52,-0.48,0.48
1-Motor-FF,ad,0.55,550 MS.,TRUE,0.3,-0.25,0.54,-0.46,0.46
1-Motor-FF,ad,0.55,550 MS.,TRUE,0.19,-0.36,0.35,-0.65,0.65
1-Motor-FF,ad,0.55,550 MS.,FALSE,0.19,-0.36,0.35,-0.65,0.65
1-Motor-FF,ad,0.55,550 MS.,TRUE,0.3,-0.25,0.55,-0.45,0.45
1-Motor-FF,ad,0.55,550 MS.,TRUE,0.29,-0.26,0.52,-0.48,0.48
1-Motor-FF,ad,0.55,550 MS.,FALSE,0.26,-0.29,0.47,-0.53,0.53
1-Motor-FF,ad,0.55,550 MS.,FALSE,0.3,-0.25,0.54,-0.46,0.46
1-Motor-FF,ad,0.55,550 MS.,TRUE,0.25,-0.3,0.45,-0.55,0.55
1-Motor-FF,ad,0.55,550 MS.,FALSE,0.21,-0.34,0.38,-0.62,0.62
1-Motor-FF,ad,0.55,550 MS.,FALSE,0.26,-0.29,0.48,-0.52,0.52
1-Motor-FF,ad,0.55,550 MS.,TRUE,0.22,-0.33,0.41,-0.59,0.59
1-Motor-FF,ad,0.55,550 MS.,FALSE,0.24,-0.31,0.44,-0.56,0.56
1-Motor-FF,ad,0.55,550 MS.,TRUE,0.22,-0.33,0.39,-0.61,0.61
1-Motor-FF,ad,0.55,550 MS.,FALSE,0.26,-0.29,0.48,-0.52,0.52
1-Motor-FF,ad,0.55,550 MS.,TRUE,0.27,-0.28,0.49,-0.51,0.51
1-Motor-FF,ad,0.55,550 MS.,FALSE,0.26,-0.29,0.48,-0.52,0.52
1-Motor-FF,ad,0.55,550 MS.,FALSE,0.23,-0.32,0.42,-0.58,0.58
1-Motor-FF,ag,0.55,550 MS.,FALSE,0.32,-0.23,0.58,-0.42,0.42
1-Motor-FF,ag,0.55,550 MS.,TRUE,0.25,-0.3,0.45,-0.55,0.55
1-Motor-FF,ag,0.55,550 MS.,FALSE,0.28,-0.27,0.51,-0.49,0.49
1-Motor-FF,ag,0.55,550 MS.,FALSE,0.28,-0.27,0.51,-0.49,0.49
1-Motor-FF,ag,0.55,550 MS.,FALSE,0.32,-0.23,0.58,-0.42,0.42
1-Motor-FF,ag,0.55,550 MS.,TRUE,0.33,-0.22,0.6,-0.4,0.4
1-Motor-FF,ag,0.55,550 MS.,TRUE,0.29,-0.26,0.52,-0.48,0.48
1-Motor-FF,ag,0.55,550 MS.,TRUE,0.3,-0.25,0.55,-0.45,0.45
1-Motor-FF,ag,0.55,550 MS.,TRUE,0.3,-0.25,0.54,-0.46,0.46
1-Motor-FF,ag,0.55,550 MS.,FALSE,0.39,-0.16,0.71,-0.29,0.29
1-Motor-FF,ag,0.55,550 MS.,FALSE,0.3,-0.25,0.55,-0.45,0.45
1-Motor-FF,ag,0.55,550 MS.,TRUE,0.32,-0.23,0.58,-0.42,0.42
1-Motor-FF,ag,0.55,550 MS.,FALSE,0.29,-0.26,0.52,-0.48,0.48
1-Motor-FF,ag,0.55,550 MS.,TRUE,0.38,-0.17,0.7,-0.3,0.3
1-Motor-FF,ag,0.55,550 MS.,FALSE,0.32,-0.23,0.58,-0.42,0.42
1-Motor-FF,ag,0.55,550 MS.,TRUE,0.31,-0.24,0.57,-0.43,0.43
1-Motor-FF,ag,0.55,550 MS.,TRUE,0.38,-0.17,0.7,-0.3,0.3
1-Motor-FF,ag,0.55,550 MS.,TRUE,0.4,-0.15,0.73,-0.27,0.27
1-Motor-FF,ag,0.55,550 MS.,TRUE,0.37,-0.18,0.67,-0.33,0.33
1-Motor-FF,ag,0.55,550 MS.,FALSE,0.32,-0.23,0.58,-0.42,0.42
1-Motor-FF,ag,0.55,550 MS.,FALSE,0.42,-0.13,0.76,-0.24,0.24
1-Motor-FF,ag,0.55,550 MS.,TRUE,0.32,-0.23,0.58,-0.42,0.42
1-Motor-FF,ag,0.55,550 MS.,TRUE,0.38,-0.17,0.68,-0.32,0.32
1-Motor-FF,ag,0.55,550 MS.,TRUE,0.34,-0.21,0.61,-0.39,0.39
1-Motor-FF,ag,0.55,550 MS.,TRUE,0.37,-0.18,0.67,-0.33,0.33
1-Motor-FF,ag,0.55,550 MS.,FALSE,0.36,-0.19,0.65,-0.35,0.35
1-Motor-FF,ag,0.55,550 MS.,FALSE,0.38,-0.17,0.7,-0.3,0.3
1-Motor-FF,ag,0.55,550 MS.,FALSE,0.38,-0.17,0.68,-0.32,0.32
1-Motor-FF,ag,0.55,550 MS.,TRUE,0.38,-0.17,0.7,-0.3,0.3
1-Motor-FF,ag,0.55,550 MS.,FALSE,0.44,-0.11,0.8,-0.2,0.2
1-Motor-FF,ag,0.55,550 MS.,TRUE,0.42,-0.13,0.77,-0.23,0.23
1-Motor-FF,ag,0.55,550 MS.,FALSE,0.41,-0.14,0.74,-0.26,0.26
1-Motor-FF,ag,0.55,550 MS.,TRUE,0.48,-0.07,0.87,-0.13,0.13
1-Motor-FF,ag,0.55,550 MS.,FALSE,0.54,-0.01,0.99,-0.01,0.01
1-Motor-FF,ag,0.55,550 MS.,TRUE,0.42,-0.13,0.77,-0.23,0.23
1-Motor-FF,ag,0.55,550 MS.,TRUE,0.45,-0.1,0.81,-0.19,0.19
1-Motor-FF,ag,0.55,550 MS.,FALSE,0.44,-0.11,0.8,-0.2,0.2
1-Motor-FF,ag,0.55,550 MS.,FALSE,0.45,-0.1,0.81,-0.19,0.19
1-Motor-FF,ag,0.55,550 MS.,TRUE,0.5,-0.05,0.9,-0.1,0.1
1-Motor-FF,ag,0.55,550 MS.,FALSE,0.4,-0.15,0.73,-0.27,0.27
1-Motor-FF,ag,0.55,550 MS.,FALSE,0.39,-0.16,0.71,-0.29,0.29
1-Motor-FF,ag,0.55,550 MS.,FALSE,0.3,-0.25,0.55,-0.45,0.45
1-Motor-FF,ag,0.55,550 MS.,FALSE,0.32,-0.23,0.58,-0.42,0.42
1-Motor-FF,ag,0.55,550 MS.,FALSE,0.34,-0.21,0.63,-0.37,0.37
1-Motor-FF,ag,0.55,550 MS.,FALSE,0.34,-0.21,0.63,-0.37,0.37
1-Motor-FF,ag,0.55,550 MS.,TRUE,0.32,-0.23,0.58,-0.42,0.42
1-Motor-FF,ag,0.55,550 MS.,TRUE,0.42,-0.13,0.77,-0.23,0.23
1-Motor-FF,ag,0.55,550 MS.,TRUE,0.4,-0.15,0.73,-0.27,0.27
1-Motor-FF,ag,0.55,550 MS.,TRUE,0.41,-0.14,0.74,-0.26,0.26
1-Motor-FF,ag,0.55,550 MS.,TRUE,0.4,-0.15,0.73,-0.27,0.27
1-Motor-FF,bs,0.55,550 MS.,FALSE,0.32,-0.23,0.58,-0.42,0.42
1-Motor-FF,bs,0.55,550 MS.,FALSE,0.42,-0.13,0.77,-0.23,0.23
1-Motor-FF,bs,0.55,550 MS.,FALSE,0.25,-0.3,0.45,-0.55,0.55
1-Motor-FF,bs,0.55,550 MS.,FALSE,0.31,-0.24,0.57,-0.43,0.43
1-Motor-FF,bs,0.55,550 MS.,TRUE,0.26,-0.29,0.47,-0.53,0.53
1-Motor-FF,bs,0.55,550 MS.,FALSE,0.27,-0.28,0.49,-0.51,0.51
1-Motor-FF,bs,0.55,550 MS.,TRUE,0.26,-0.29,0.48,-0.52,0.52
1-Motor-FF,bs,0.55,550 MS.,TRUE,0.22,-0.33,0.41,-0.59,0.59
1-Motor-FF,bs,0.55,550 MS.,TRUE,0.33,-0.22,0.6,-0.4,0.4
1-Motor-FF,bs,0.55,550 MS.,FALSE,0.22,-0.33,0.39,-0.61,0.61
1-Motor-FF,bs,0.55,550 MS.,FALSE,0.3,-0.25,0.55,-0.45,0.45
1-Motor-FF,bs,0.55,550 MS.,FALSE,0.39,-0.16,0.71,-0.29,0.29
1-Motor-FF,bs,0.55,550 MS.,FALSE,0.4,-0.15,0.73,-0.27,0.27
1-Motor-FF,bs,0.55,550 MS.,FALSE,0.47,-0.08,0.86,-0.14,0.14
1-Motor-FF,bs,0.55,550 MS.,TRUE,0.26,-0.29,0.48,-0.52,0.52
1-Motor-FF,bs,0.55,550 MS.,FALSE,0.33,-0.22,0.6,-0.4,0.4
1-Motor-FF,bs,0.55,550 MS.,TRUE,0.24,-0.31,0.44,-0.56,0.56
1-Motor-FF,bs,0.55,550 MS.,FALSE,0.35,-0.2,0.64,-0.36,0.36
1-Motor-FF,bs,0.55,550 MS.,TRUE,0.46,-0.09,0.83,-0.17,0.17
1-Motor-FF,bs,0.55,550 MS.,FALSE,0.26,-0.29,0.47,-0.53,0.53
1-Motor-FF,bs,0.55,550 MS.,FALSE,0.25,-0.3,0.45,-0.55,0.55
1-Motor-FF,bs,0.55,550 MS.,TRUE,0.26,-0.29,0.47,-0.53,0.53
1-Motor-FF,bs,0.55,550 MS.,FALSE,0.33,-0.22,0.6,-0.4,0.4
1-Motor-FF,bs,0.55,550 MS.,FALSE,0.34,-0.21,0.61,-0.39,0.39
1-Motor-FF,bs,0.55,550 MS.,TRUE,0.34,-0.21,0.61,-0.39,0.39
1-Motor-FF,bs,0.55,550 MS.,FALSE,0.38,-0.17,0.7,-0.3,0.3
1-Motor-FF,bs,0.55,550 MS.,TRUE,0.38,-0.17,0.7,-0.3,0.3
1-Motor-FF,bs,0.55,550 MS.,FALSE,0.34,-0.21,0.63,-0.37,0.37
1-Motor-FF,bs,0.55,550 MS.,FALSE,0.34,-0.21,0.61,-0.39,0.39
1-Motor-FF,bs,0.55,550 MS.,TRUE,0.37,-0.18,0.67,-0.33,0.33
1-Motor-FF,bs,0.55,550 MS.,FALSE,0.38,-0.17,0.68,-0.32,0.32
1-Motor-FF,bs,0.55,550 MS.,FALSE,0.35,-0.2,0.64,-0.36,0.36
1-Motor-FF,bs,0.55,550 MS.,FALSE,0.34,-0.21,0.63,-0.37,0.37
1-Motor-FF,bs,0.55,550 MS.,TRUE,0.39,-0.16,0.71,-0.29,0.29
1-Motor-FF,bs,0.55,550 MS.,TRUE,0.45,-0.1,0.81,-0.19,0.19
1-Motor-FF,bs,0.55,550 MS.,FALSE,0.27,-0.28,0.49,-0.51,0.51
1-Motor-FF,bs,0.55,550 MS.,FALSE,0.31,-0.24,0.57,-0.43,0.43
1-Motor-FF,bs,0.55,550 MS.,TRUE,0.42,-0.13,0.77,-0.23,0.23
1-Motor-FF,bs,0.55,550 MS.,TRUE,0.29,-0.26,0.52,-0.48,0.48
1-Motor-FF,bs,0.55,550 MS.,TRUE,0.23,-0.32,0.42,-0.58,0.58
1-Motor-FF,bs,0.55,550 MS.,TRUE,0.32,-0.23,0.58,-0.42,0.42
1-Motor-FF,bs,0.55,550 MS.,FALSE,0.18,-0.37,0.32,-0.68,0.68
1-Motor-FF,bs,0.55,550 MS.,FALSE,0.18,-0.37,0.32,-0.68,0.68
1-Motor-FF,bs,0.55,550 MS.,FALSE,0.19,-0.36,0.35,-0.65,0.65
1-Motor-FF,bs,0.55,550 MS.,FALSE,0.17,-0.38,0.31,-0.69,0.69
1-Motor-FF,bs,0.55,550 MS.,TRUE,0.19,-0.36,0.35,-0.65,0.65
1-Motor-FF,bs,0.55,550 MS.,FALSE,0.35,-0.2,0.64,-0.36,0.36
1-Motor-FF,bs,0.55,550 MS.,TRUE,0.34,-0.21,0.63,-0.37,0.37
1-Motor-FF,bs,0.55,550 MS.,TRUE,0.27,-0.28,0.49,-0.51,0.51
1-Motor-FF,bs,0.55,550 MS.,TRUE,0.18,-0.37,0.33,-0.67,0.67
1-Motor-FF,bt,0.55,550 MS.,FALSE,0.23,-0.32,0.42,-0.58,0.58
1-Motor-FF,bt,0.55,550 MS.,FALSE,0.26,-0.29,0.48,-0.52,0.52
1-Motor-FF,bt,0.55,550 MS.,TRUE,0.25,-0.3,0.45,-0.55,0.55
1-Motor-FF,bt,0.55,550 MS.,TRUE,0.22,-0.33,0.39,-0.61,0.61
1-Motor-FF,bt,0.55,550 MS.,TRUE,0.31,-0.24,0.57,-0.43,0.43
1-Motor-FF,bt,0.55,550 MS.,TRUE,0.3,-0.25,0.54,-0.46,0.46
1-Motor-FF,bt,0.55,550 MS.,FALSE,0.3,-0.25,0.55,-0.45,0.45
1-Motor-FF,bt,0.55,550 MS.,FALSE,0.22,-0.33,0.39,-0.61,0.61
1-Motor-FF,bt,0.55,550 MS.,FALSE,0.3,-0.25,0.55,-0.45,0.45
1-Motor-FF,bt,0.55,550 MS.,TRUE,0.22,-0.33,0.41,-0.59,0.59
1-Motor-FF,bt,0.55,550 MS.,TRUE,0.27,-0.28,0.49,-0.51,0.51
1-Motor-FF,bt,0.55,550 MS.,FALSE,0.3,-0.25,0.55,-0.45,0.45
1-Motor-FF,bt,0.55,550 MS.,TRUE,0.29,-0.26,0.52,-0.48,0.48
1-Motor-FF,bt,0.55,550 MS.,TRUE,0.33,-0.22,0.6,-0.4,0.4
1-Motor-FF,bt,0.55,550 MS.,FALSE,0.26,-0.29,0.47,-0.53,0.53
1-Motor-FF,bt,0.55,550 MS.,FALSE,0.28,-0.27,0.51,-0.49,0.49
1-Motor-FF,bt,0.55,550 MS.,TRUE,0.34,-0.21,0.61,-0.39,0.39
1-Motor-FF,bt,0.55,550 MS.,FALSE,0.26,-0.29,0.48,-0.52,0.52
1-Motor-FF,bt,0.55,550 MS.,FALSE,0.34,-0.21,0.63,-0.37,0.37
1-Motor-FF,bt,0.55,550 MS.,FALSE,0.33,-0.22,0.6,-0.4,0.4
1-Motor-FF,bt,0.55,550 MS.,TRUE,0.4,-0.15,0.73,-0.27,0.27
1-Motor-FF,bt,0.55,550 MS.,TRUE,0.37,-0.18,0.67,-0.33,0.33
1-Motor-FF,bt,0.55,550 MS.,FALSE,0.38,-0.17,0.68,-0.32,0.32
1-Motor-FF,bt,0.55,550 MS.,FALSE,0.38,-0.17,0.7,-0.3,0.3
1-Motor-FF,bt,0.55,550 MS.,FALSE,0.42,-0.13,0.77,-0.23,0.23
1-Motor-FF,bt,0.55,550 MS.,FALSE,0.41,-0.14,0.74,-0.26,0.26
1-Motor-FF,bt,0.55,550 MS.,TRUE,0.44,-0.11,0.8,-0.2,0.2
1-Motor-FF,bt,0.55,550 MS.,TRUE,0.22,-0.33,0.41,-0.59,0.59
1-Motor-FF,bt,0.55,550 MS.,FALSE,0.39,-0.16,0.71,-0.29,0.29
1-Motor-FF,bt,0.55,550 MS.,FALSE,0.38,-0.17,0.7,-0.3,0.3
1-Motor-FF,bt,0.55,550 MS.,FALSE,0.41,-0.14,0.74,-0.26,0.26
1-Motor-FF,bt,0.55,550 MS.,FALSE,0.27,-0.28,0.49,-0.51,0.51
1-Motor-FF,bt,0.55,550 MS.,TRUE,0.21,-0.34,0.38,-0.62,0.62
1-Motor-FF,bt,0.55,550 MS.,TRUE,0.34,-0.21,0.63,-0.37,0.37
1-Motor-FF,bt,0.55,550 MS.,FALSE,0.22,-0.33,0.39,-0.61,0.61
1-Motor-FF,bt,0.55,550 MS.,FALSE,0.29,-0.26,0.52,-0.48,0.48
1-Motor-FF,bt,0.55,550 MS.,FALSE,0.32,-0.23,0.58,-0.42,0.42
1-Motor-FF,bt,0.55,550 MS.,TRUE,0.34,-0.21,0.63,-0.37,0.37
1-Motor-FF,bt,0.55,550 MS.,FALSE,0.36,-0.19,0.65,-0.35,0.35
1-Motor-FF,bt,0.55,550 MS.,TRUE,0.37,-0.18,0.67,-0.33,0.33
1-Motor-FF,bt,0.55,550 MS.,FALSE,0.28,-0.27,0.51,-0.49,0.49
1-Motor-FF,bt,0.55,550 MS.,TRUE,0.34,-0.21,0.63,-0.37,0.37
1-Motor-FF,bt,0.55,550 MS.,TRUE,0.46,-0.09,0.83,-0.17,0.17
1-Motor-FF,bt,0.55,550 MS.,TRUE,0.36,-0.19,0.65,-0.35,0.35
1-Motor-FF,bt,0.55,550 MS.,TRUE,0.31,-0.24,0.57,-0.43,0.43
1-Motor-FF,bt,0.55,550 MS.,FALSE,0.39,-0.16,0.71,-0.29,0.29
1-Motor-FF,bt,0.55,550 MS.,TRUE,0.36,-0.19,0.65,-0.35,0.35
1-Motor-FF,bt,0.55,550 MS.,TRUE,0.34,-0.21,0.63,-0.37,0.37
1-Motor-FF,bt,0.55,550 MS.,TRUE,0.31,-0.24,0.57,-0.43,0.43
1-Motor-FF,bt,0.55,550 MS.,TRUE,0.34,-0.21,0.63,-0.37,0.37
1-Motor-FF,dt,0.55,550 MS.,FALSE,0.23,-0.32,0.42,-0.58,0.58
1-Motor-FF,dt,0.55,550 MS.,TRUE,0.2,-0.35,0.36,-0.64,0.64
1-Motor-FF,dt,0.55,550 MS.,FALSE,0.37,-0.18,0.67,-0.33,0.33
1-Motor-FF,dt,0.55,550 MS.,TRUE,0.25,-0.3,0.45,-0.55,0.55
1-Motor-FF,dt,0.55,550 MS.,FALSE,0.26,-0.29,0.48,-0.52,0.52
1-Motor-FF,dt,0.55,550 MS.,TRUE,0.2,-0.35,0.36,-0.64,0.64
1-Motor-FF,dt,0.55,550 MS.,FALSE,0.26,-0.29,0.48,-0.52,0.52
1-Motor-FF,dt,0.55,550 MS.,FALSE,0.23,-0.32,0.42,-0.58,0.58
1-Motor-FF,dt,0.55,550 MS.,FALSE,0.32,-0.23,0.58,-0.42,0.42
1-Motor-FF,dt,0.55,550 MS.,TRUE,0.34,-0.21,0.63,-0.37,0.37
1-Motor-FF,dt,0.55,550 MS.,TRUE,0.3,-0.25,0.55,-0.45,0.45
1-Motor-FF,dt,0.55,550 MS.,FALSE,0.34,-0.21,0.61,-0.39,0.39
1-Motor-FF,dt,0.55,550 MS.,FALSE,0.33,-0.22,0.6,-0.4,0.4
1-Motor-FF,dt,0.55,550 MS.,TRUE,0.15,-0.4,0.28,-0.72,0.72
1-Motor-FF,dt,0.55,550 MS.,FALSE,0.18,-0.37,0.32,-0.68,0.68
1-Motor-FF,dt,0.55,550 MS.,TRUE,0.14,-0.41,0.26,-0.74,0.74
1-Motor-FF,dt,0.55,550 MS.,FALSE,0.15,-0.4,0.28,-0.72,0.72
1-Motor-FF,dt,0.55,550 MS.,TRUE,0.19,-0.36,0.35,-0.65,0.65
1-Motor-FF,dt,0.55,550 MS.,FALSE,0.25,-0.3,0.45,-0.55,0.55
1-Motor-FF,dt,0.55,550 MS.,FALSE,0.3,-0.25,0.55,-0.45,0.45
1-Motor-FF,dt,0.55,550 MS.,TRUE,0.26,-0.29,0.48,-0.52,0.52
1-Motor-FF,dt,0.55,550 MS.,TRUE,0.29,-0.26,0.52,-0.48,0.48
1-Motor-FF,dt,0.55,550 MS.,FALSE,0.22,-0.33,0.39,-0.61,0.61
1-Motor-FF,dt,0.55,550 MS.,TRUE,0.24,-0.31,0.44,-0.56,0.56
1-Motor-FF,dt,0.55,550 MS.,TRUE,0.26,-0.29,0.47,-0.53,0.53
1-Motor-FF,dt,0.55,550 MS.,TRUE,0.26,-0.29,0.48,-0.52,0.52
1-Motor-FF,dt,0.55,550 MS.,TRUE,0.24,-0.31,0.44,-0.56,0.56
1-Motor-FF,dt,0.55,550 MS.,FALSE,0.27,-0.28,0.49,-0.51,0.51
1-Motor-FF,dt,0.55,550 MS.,FALSE,0.22,-0.33,0.41,-0.59,0.59
1-Motor-FF,dt,0.55,550 MS.,FALSE,0.33,-0.22,0.6,-0.4,0.4
1-Motor-FF,dt,0.55,550 MS.,TRUE,0.26,-0.29,0.48,-0.52,0.52
1-Motor-FF,dt,0.55,550 MS.,FALSE,0.35,-0.2,0.64,-0.36,0.36
1-Motor-FF,dt,0.55,550 MS.,FALSE,0.24,-0.31,0.44,-0.56,0.56
1-Motor-FF,dt,0.55,550 MS.,FALSE,0.32,-0.23,0.58,-0.42,0.42
1-Motor-FF,dt,0.55,550 MS.,TRUE,0.22,-0.33,0.39,-0.61,0.61
1-Motor-FF,dt,0.55,550 MS.,TRUE,0.28,-0.27,0.51,-0.49,0.49
1-Motor-FF,dt,0.55,550 MS.,FALSE,0.28,-0.27,0.51,-0.49,0.49
1-Motor-FF,dt,0.55,550 MS.,TRUE,0.24,-0.31,0.44,-0.56,0.56
1-Motor-FF,dt,0.55,550 MS.,FALSE,0.34,-0.21,0.63,-0.37,0.37
1-Motor-FF,dt,0.55,550 MS.,TRUE,0.33,-0.22,0.6,-0.4,0.4
1-Motor-FF,dt,0.55,550 MS.,TRUE,0.25,-0.3,0.45,-0.55,0.55
1-Motor-FF,dt,0.55,550 MS.,FALSE,0.34,-0.21,0.61,-0.39,0.39
1-Motor-FF,dt,0.55,550 MS.,FALSE,0.34,-0.21,0.63,-0.37,0.37
1-Motor-FF,dt,0.55,550 MS.,FALSE,0.36,-0.19,0.65,-0.35,0.35
1-Motor-FF,dt,0.55,550 MS.,TRUE,0.26,-0.29,0.47,-0.53,0.53
1-Motor-FF,dt,0.55,550 MS.,FALSE,0.3,-0.25,0.54,-0.46,0.46
1-Motor-FF,dt,0.55,550 MS.,TRUE,0.26,-0.29,0.47,-0.53,0.53
1-Motor-FF,dt,0.55,550 MS.,FALSE,0.22,-0.33,0.41,-0.59,0.59
1-Motor-FF,dt,0.55,550 MS.,FALSE,0.18,-0.37,0.32,-0.68,0.68
1-Motor-FF,dt,0.55,550 MS.,TRUE,0.37,-0.18,0.67,-0.33,0.33
1-Motor-FF,hc,0.55,550 MS.,FALSE,0.31,-0.24,0.57,-0.43,0.43
1-Motor-FF,hc,0.55,550 MS.,FALSE,0.24,-0.31,0.44,-0.56,0.56
1-Motor-FF,hc,0.55,550 MS.,TRUE,0.23,-0.32,0.42,-0.58,0.58
1-Motor-FF,hc,0.55,550 MS.,TRUE,0.26,-0.29,0.48,-0.52,0.52
1-Motor-FF,hc,0.55,550 MS.,FALSE,0.27,-0.28,0.49,-0.51,0.51
1-Motor-FF,hc,0.55,550 MS.,FALSE,0.32,-0.23,0.58,-0.42,0.42
1-Motor-FF,hc,0.55,550 MS.,TRUE,0.38,-0.17,0.7,-0.3,0.3
1-Motor-FF,hc,0.55,550 MS.,FALSE,0.34,-0.21,0.61,-0.39,0.39
1-Motor-FF,hc,0.55,550 MS.,FALSE,0.3,-0.25,0.54,-0.46,0.46
1-Motor-FF,hc,0.55,550 MS.,TRUE,0.3,-0.25,0.55,-0.45,0.45
1-Motor-FF,hc,0.55,550 MS.,TRUE,0.31,-0.24,0.57,-0.43,0.43
1-Motor-FF,hc,0.55,550 MS.,TRUE,0.35,-0.2,0.64,-0.36,0.36
1-Motor-FF,hc,0.55,550 MS.,FALSE,0.23,-0.32,0.42,-0.58,0.58
1-Motor-FF,hc,0.55,550 MS.,TRUE,0.25,-0.3,0.45,-0.55,0.55
1-Motor-FF,hc,0.55,550 MS.,TRUE,0.29,-0.26,0.52,-0.48,0.48
1-Motor-FF,hc,0.55,550 MS.,FALSE,0.27,-0.28,0.49,-0.51,0.51
1-Motor-FF,hc,0.55,550 MS.,TRUE,0.25,-0.3,0.45,-0.55,0.55
1-Motor-FF,hc,0.55,550 MS.,FALSE,0.22,-0.33,0.41,-0.59,0.59
1-Motor-FF,hc,0.55,550 MS.,FALSE,0.32,-0.23,0.58,-0.42,0.42
1-Motor-FF,hc,0.55,550 MS.,TRUE,0.33,-0.22,0.6,-0.4,0.4
1-Motor-FF,hc,0.55,550 MS.,FALSE,0.34,-0.21,0.61,-0.39,0.39
1-Motor-FF,hc,0.55,550 MS.,TRUE,0.38,-0.17,0.7,-0.3,0.3
1-Motor-FF,hc,0.55,550 MS.,FALSE,0.35,-0.2,0.64,-0.36,0.36
1-Motor-FF,hc,0.55,550 MS.,TRUE,0.34,-0.21,0.63,-0.37,0.37
1-Motor-FF,hc,0.55,550 MS.,FALSE,0.24,-0.31,0.44,-0.56,0.56
1-Motor-FF,hc,0.55,550 MS.,TRUE,0.37,-0.18,0.67,-0.33,0.33
1-Motor-FF,hc,0.55,550 MS.,TRUE,0.31,-0.24,0.57,-0.43,0.43
1-Motor-FF,hc,0.55,550 MS.,FALSE,0.25,-0.3,0.45,-0.55,0.55
1-Motor-FF,hc,0.55,550 MS.,TRUE,0.26,-0.29,0.47,-0.53,0.53
1-Motor-FF,hc,0.55,550 MS.,FALSE,0.29,-0.26,0.52,-0.48,0.48
1-Motor-FF,hc,0.55,550 MS.,TRUE,0.26,-0.29,0.48,-0.52,0.52
1-Motor-FF,hc,0.55,550 MS.,FALSE,0.21,-0.34,0.38,-0.62,0.62
1-Motor-FF,hc,0.55,550 MS.,TRUE,0.22,-0.33,0.41,-0.59,0.59
1-Motor-FF,hc,0.55,550 MS.,TRUE,0.22,-0.33,0.39,-0.61,0.61
1-Motor-FF,hc,0.55,550 MS.,FALSE,0.23,-0.32,0.42,-0.58,0.58
1-Motor-FF,hc,0.55,550 MS.,TRUE,0.24,-0.31,0.44,-0.56,0.56
1-Motor-FF,hc,0.55,550 MS.,TRUE,0.31,-0.24,0.57,-0.43,0.43
1-Motor-FF,hc,0.55,550 MS.,TRUE,0.28,-0.27,0.51,-0.49,0.49
1-Motor-FF,hc,0.55,550 MS.,TRUE,0.26,-0.29,0.47,-0.53,0.53
1-Motor-FF,hc,0.55,550 MS.,TRUE,0.27,-0.28,0.49,-0.51,0.51
1-Motor-FF,hc,0.55,550 MS.,TRUE,0.29,-0.26,0.52,-0.48,0.48
1-Motor-FF,hc,0.55,550 MS.,FALSE,0.29,-0.26,0.52,-0.48,0.48
1-Motor-FF,hc,0.55,550 MS.,FALSE,0.27,-0.28,0.49,-0.51,0.51
1-Motor-FF,hc,0.55,550 MS.,TRUE,0.32,-0.23,0.58,-0.42,0.42
1-Motor-FF,hc,0.55,550 MS.,TRUE,0.38,-0.17,0.7,-0.3,0.3
1-Motor-FF,hc,0.55,550 MS.,TRUE,0.31,-0.24,0.57,-0.43,0.43
1-Motor-FF,hc,0.55,550 MS.,TRUE,0.34,-0.21,0.61,-0.39,0.39
1-Motor-FF,hc,0.55,550 MS.,FALSE,0.38,-0.17,0.68,-0.32,0.32
1-Motor-FF,hc,0.55,550 MS.,TRUE,0.34,-0.21,0.61,-0.39,0.39
1-Motor-FF,hc,0.55,550 MS.,TRUE,0.38,-0.17,0.68,-0.32,0.32
1-Motor-FF,ho,0.55,550 MS.,TRUE,0.46,-0.09,0.84,-0.16,0.16
1-Motor-FF,ho,0.55,550 MS.,FALSE,0.53,-0.02,0.96,-0.04,0.04
1-Motor-FF,ho,0.55,550 MS.,FALSE,0.48,-0.07,0.87,-0.13,0.13
1-Motor-FF,ho,0.55,550 MS.,TRUE,0.5,-0.05,0.9,-0.1,0.1
1-Motor-FF,ho,0.55,550 MS.,TRUE,0.54,-0.01,0.99,-0.01,0.01
1-Motor-FF,ho,0.55,550 MS.,FALSE,0.46,-0.09,0.84,-0.16,0.16
1-Motor-FF,ho,0.55,550 MS.,FALSE,0.54,-0.01,0.99,-0.01,0.01
1-Motor-FF,ho,0.55,550 MS.,TRUE,0.38,-0.17,0.68,-0.32,0.32
1-Motor-FF,ho,0.55,550 MS.,FALSE,0.51,-0.04,0.93,-0.07,0.07
1-Motor-FF,ho,0.55,550 MS.,FALSE,0.54,-0.01,0.97,-0.03,0.03
1-Motor-FF,ho,0.55,550 MS.,TRUE,0.52,-0.03,0.95,-0.05,0.05
1-Motor-FF,ho,0.55,550 MS.,TRUE,0.57,0.02,1.03,0.03,-0.03
1-Motor-FF,ho,0.55,550 MS.,FALSE,0.54,-0.01,0.99,-0.01,0.01
1-Motor-FF,ho,0.55,550 MS.,TRUE,0.58,0.03,1.05,0.05,-0.05
1-Motor-FF,ho,0.55,550 MS.,TRUE,0.56,0.01,1.02,0.02,-0.02
1-Motor-FF,ho,0.55,550 MS.,TRUE,0.59,0.04,1.08,0.08,-0.08
1-Motor-FF,ho,0.55,550 MS.,TRUE,0.46,-0.09,0.83,-0.17,0.17
1-Motor-FF,ho,0.55,550 MS.,TRUE,0.52,-0.03,0.95,-0.05,0.05
1-Motor-FF,ho,0.55,550 MS.,TRUE,0.58,0.03,1.06,0.06,-0.06
1-Motor-FF,ho,0.55,550 MS.,FALSE,0.56,0.01,1.02,0.02,-0.02
1-Motor-FF,ho,0.55,550 MS.,FALSE,0.55,0,1,0,0
1-Motor-FF,ho,0.55,550 MS.,FALSE,0.53,-0.02,0.96,-0.04,0.04
1-Motor-FF,ho,0.55,550 MS.,FALSE,0.38,-0.17,0.68,-0.32,0.32
1-Motor-FF,ho,0.55,550 MS.,TRUE,0.38,-0.17,0.68,-0.32,0.32
1-Motor-FF,ho,0.55,550 MS.,FALSE,0.43,-0.12,0.79,-0.21,0.21
1-Motor-FF,ho,0.55,550 MS.,FALSE,0.42,-0.13,0.76,-0.24,0.24
1-Motor-FF,ho,0.55,550 MS.,TRUE,0.39,-0.16,0.71,-0.29,0.29
1-Motor-FF,ho,0.55,550 MS.,TRUE,0.37,-0.18,0.67,-0.33,0.33
1-Motor-FF,ho,0.55,550 MS.,TRUE,0.46,-0.09,0.84,-0.16,0.16
1-Motor-FF,ho,0.55,550 MS.,FALSE,0.52,-0.03,0.95,-0.05,0.05
1-Motor-FF,ho,0.55,550 MS.,TRUE,0.54,-0.01,0.97,-0.03,0.03
1-Motor-FF,ho,0.55,550 MS.,FALSE,0.58,0.03,1.05,0.05,-0.05
1-Motor-FF,ho,0.55,550 MS.,FALSE,0.54,-0.01,0.97,-0.03,0.03
1-Motor-FF,ho,0.55,550 MS.,FALSE,0.61,0.06,1.11,0.11,-0.11
1-Motor-FF,ho,0.55,550 MS.,FALSE,0.61,0.06,1.11,0.11,-0.11
1-Motor-FF,ho,0.55,550 MS.,FALSE,0.58,0.03,1.05,0.05,-0.05
1-Motor-FF,ho,0.55,550 MS.,FALSE,0.62,0.07,1.12,0.12,-0.12
1-Motor-FF,ho,0.55,550 MS.,TRUE,0.54,-0.01,0.99,-0.01,0.01
1-Motor-FF,ho,0.55,550 MS.,TRUE,0.56,0.01,1.02,0.02,-0.02
1-Motor-FF,ho,0.55,550 MS.,TRUE,0.62,0.07,1.13,0.13,-0.13
1-Motor-FF,ho,0.55,550 MS.,TRUE,0.56,0.01,1.02,0.02,-0.02
1-Motor-FF,ho,0.55,550 MS.,TRUE,0.69,0.14,1.25,0.25,-0.25
1-Motor-FF,ho,0.55,550 MS.,TRUE,0.5,-0.05,0.9,-0.1,0.1
1-Motor-FF,ho,0.55,550 MS.,FALSE,0.47,-0.08,0.86,-0.14,0.14
1-Motor-FF,ho,0.55,550 MS.,TRUE,0.5,-0.05,0.92,-0.08,0.08
1-Motor-FF,ho,0.55,550 MS.,TRUE,0.52,-0.03,0.95,-0.05,0.05
1-Motor-FF,ho,0.55,550 MS.,FALSE,0.5,-0.05,0.9,-0.1,0.1
1-Motor-FF,ho,0.55,550 MS.,TRUE,0.54,-0.01,0.97,-0.03,0.03
1-Motor-FF,ho,0.55,550 MS.,TRUE,0.51,-0.04,0.93,-0.07,0.07
1-Motor-FF,ho,0.55,550 MS.,TRUE,0.5,-0.05,0.92,-0.08,0.08
1-Motor-FF,ia,0.55,550 MS.,FALSE,0.28,-0.27,0.51,-0.49,0.49
1-Motor-FF,ia,0.55,550 MS.,TRUE,0.38,-0.17,0.7,-0.3,0.3
1-Motor-FF,ia,0.55,550 MS.,FALSE,0.37,-0.18,0.67,-0.33,0.33
1-Motor-FF,ia,0.55,550 MS.,FALSE,0.38,-0.17,0.7,-0.3,0.3
1-Motor-FF,ia,0.55,550 MS.,TRUE,0.44,-0.11,0.8,-0.2,0.2
1-Motor-FF,ia,0.55,550 MS.,TRUE,0.48,-0.07,0.87,-0.13,0.13
1-Motor-FF,ia,0.55,550 MS.,FALSE,0.36,-0.19,0.65,-0.35,0.35
1-Motor-FF,ia,0.55,550 MS.,TRUE,0.38,-0.17,0.68,-0.32,0.32
1-Motor-FF,ia,0.55,550 MS.,FALSE,0.42,-0.13,0.76,-0.24,0.24
1-Motor-FF,ia,0.55,550 MS.,TRUE,0.5,-0.05,0.9,-0.1,0.1
1-Motor-FF,ia,0.55,550 MS.,FALSE,0.43,-0.12,0.79,-0.21,0.21
1-Motor-FF,ia,0.55,550 MS.,TRUE,0.5,-0.05,0.92,-0.08,0.08
1-Motor-FF,ia,0.55,550 MS.,FALSE,0.54,-0.01,0.97,-0.03,0.03
1-Motor-FF,ia,0.55,550 MS.,FALSE,0.34,-0.21,0.63,-0.37,0.37
1-Motor-FF,ia,0.55,550 MS.,TRUE,0.54,-0.01,0.97,-0.03,0.03
1-Motor-FF,ia,0.55,550 MS.,FALSE,0.43,-0.12,0.79,-0.21,0.21
1-Motor-FF,ia,0.55,550 MS.,FALSE,0.49,-0.06,0.89,-0.11,0.11
1-Motor-FF,ia,0.55,550 MS.,FALSE,0.46,-0.09,0.83,-0.17,0.17
1-Motor-FF,ia,0.55,550 MS.,FALSE,0.47,-0.08,0.86,-0.14,0.14
1-Motor-FF,ia,0.55,550 MS.,TRUE,0.55,0,1,0,0
1-Motor-FF,ia,0.55,550 MS.,TRUE,0.51,-0.04,0.93,-0.07,0.07
1-Motor-FF,ia,0.55,550 MS.,TRUE,0.48,-0.07,0.87,-0.13,0.13
1-Motor-FF,ia,0.55,550 MS.,FALSE,0.42,-0.13,0.77,-0.23,0.23
1-Motor-FF,ia,0.55,550 MS.,TRUE,0.42,-0.13,0.77,-0.23,0.23
1-Motor-FF,ia,0.55,550 MS.,FALSE,0.34,-0.21,0.63,-0.37,0.37
1-Motor-FF,ia,0.55,550 MS.,FALSE,0.41,-0.14,0.74,-0.26,0.26
1-Motor-FF,ia,0.55,550 MS.,TRUE,0.44,-0.11,0.8,-0.2,0.2
1-Motor-FF,ia,0.55,550 MS.,FALSE,0.5,-0.05,0.9,-0.1,0.1
1-Motor-FF,ia,0.55,550 MS.,FALSE,0.59,0.04,1.08,0.08,-0.08
1-Motor-FF,ia,0.55,550 MS.,FALSE,0.55,0,1,0,0
1-Motor-FF,ia,0.55,550 MS.,FALSE,0.49,-0.06,0.89,-0.11,0.11
1-Motor-FF,ia,0.55,550 MS.,TRUE,0.46,-0.09,0.84,-0.16,0.16
1-Motor-FF,ia,0.55,550 MS.,FALSE,0.27,-0.28,0.49,-0.51,0.51
1-Motor-FF,ia,0.55,550 MS.,FALSE,0.46,-0.09,0.83,-0.17,0.17
1-Motor-FF,ia,0.55,550 MS.,TRUE,0.52,-0.03,0.95,-0.05,0.05
1-Motor-FF,ia,0.55,550 MS.,FALSE,0.53,-0.02,0.96,-0.04,0.04
1-Motor-FF,ia,0.55,550 MS.,FALSE,0.54,-0.01,0.99,-0.01,0.01
1-Motor-FF,ia,0.55,550 MS.,TRUE,0.26,-0.29,0.48,-0.52,0.52
1-Motor-FF,ia,0.55,550 MS.,FALSE,0.46,-0.09,0.84,-0.16,0.16
1-Motor-FF,ia,0.55,550 MS.,FALSE,0.32,-0.23,0.58,-0.42,0.42
1-Motor-FF,ia,0.55,550 MS.,TRUE,0.42,-0.13,0.76,-0.24,0.24
1-Motor-FF,ia,0.55,550 MS.,TRUE,0.39,-0.16,0.71,-0.29,0.29
1-Motor-FF,ia,0.55,550 MS.,FALSE,0.33,-0.22,0.6,-0.4,0.4
1-Motor-FF,ia,0.55,550 MS.,TRUE,0.38,-0.17,0.7,-0.3,0.3
1-Motor-FF,ia,0.55,550 MS.,TRUE,0.34,-0.21,0.61,-0.39,0.39
1-Motor-FF,ia,0.55,550 MS.,TRUE,0.5,-0.05,0.9,-0.1,0.1
1-Motor-FF,ia,0.55,550 MS.,FALSE,0.39,-0.16,0.71,-0.29,0.29
1-Motor-FF,ia,0.55,550 MS.,TRUE,0.35,-0.2,0.64,-0.36,0.36
1-Motor-FF,ia,0.55,550 MS.,TRUE,0.4,-0.15,0.73,-0.27,0.27
1-Motor-FF,ia,0.55,550 MS.,TRUE,0.32,-0.23,0.58,-0.42,0.42
1-Motor-FF,mae,0.55,550 MS.,FALSE,0.24,-0.31,0.44,-0.56,0.56
1-Motor-FF,mae,0.55,550 MS.,FALSE,0.21,-0.34,0.38,-0.62,0.62
1-Motor-FF,mae,0.55,550 MS.,TRUE,0.33,-0.22,0.6,-0.4,0.4
1-Motor-FF,mae,0.55,550 MS.,TRUE,0.34,-0.21,0.61,-0.39,0.39
1-Motor-FF,mae,0.55,550 MS.,FALSE,0.37,-0.18,0.67,-0.33,0.33
1-Motor-FF,mae,0.55,550 MS.,TRUE,0.37,-0.18,0.67,-0.33,0.33
1-Motor-FF,mae,0.55,550 MS.,FALSE,0.35,-0.2,0.64,-0.36,0.36
1-Motor-FF,mae,0.55,550 MS.,FALSE,0.4,-0.15,0.73,-0.27,0.27
1-Motor-FF,mae,0.55,550 MS.,TRUE,0.34,-0.21,0.61,-0.39,0.39
1-Motor-FF,mae,0.55,550 MS.,TRUE,0.37,-0.18,0.67,-0.33,0.33
1-Motor-FF,mae,0.55,550 MS.,TRUE,0.4,-0.15,0.73,-0.27,0.27
1-Motor-FF,mae,0.55,550 MS.,FALSE,0.4,-0.15,0.73,-0.27,0.27
1-Motor-FF,mae,0.55,550 MS.,TRUE,0.39,-0.16,0.71,-0.29,0.29
1-Motor-FF,mae,0.55,550 MS.,TRUE,0.46,-0.09,0.83,-0.17,0.17
1-Motor-FF,mae,0.55,550 MS.,TRUE,0.44,-0.11,0.8,-0.2,0.2
1-Motor-FF,mae,0.55,550 MS.,TRUE,0.42,-0.13,0.77,-0.23,0.23
1-Motor-FF,mae,0.55,550 MS.,TRUE,0.42,-0.13,0.77,-0.23,0.23
1-Motor-FF,mae,0.55,550 MS.,TRUE,0.43,-0.12,0.79,-0.21,0.21
1-Motor-FF,mae,0.55,550 MS.,TRUE,0.42,-0.13,0.77,-0.23,0.23
1-Motor-FF,mae,0.55,550 MS.,TRUE,0.45,-0.1,0.81,-0.19,0.19
1-Motor-FF,mae,0.55,550 MS.,TRUE,0.45,-0.1,0.81,-0.19,0.19
1-Motor-FF,mae,0.55,550 MS.,FALSE,0.46,-0.09,0.83,-0.17,0.17
1-Motor-FF,mae,0.55,550 MS.,TRUE,0.47,-0.08,0.86,-0.14,0.14
1-Motor-FF,mae,0.55,550 MS.,FALSE,0.45,-0.1,0.81,-0.19,0.19
1-Motor-FF,mae,0.55,550 MS.,TRUE,0.45,-0.1,0.81,-0.19,0.19
1-Motor-FF,mae,0.55,550 MS.,FALSE,0.5,-0.05,0.9,-0.1,0.1
1-Motor-FF,mae,0.55,550 MS.,TRUE,0.46,-0.09,0.84,-0.16,0.16
1-Motor-FF,mae,0.55,550 MS.,TRUE,0.45,-0.1,0.81,-0.19,0.19
1-Motor-FF,mae,0.55,550 MS.,TRUE,0.42,-0.13,0.76,-0.24,0.24
1-Motor-FF,mae,0.55,550 MS.,TRUE,0.46,-0.09,0.84,-0.16,0.16
1-Motor-FF,mae,0.55,550 MS.,TRUE,0.49,-0.06,0.89,-0.11,0.11
1-Motor-FF,mae,0.55,550 MS.,TRUE,0.46,-0.09,0.84,-0.16,0.16
1-Motor-FF,mae,0.55,550 MS.,TRUE,0.46,-0.09,0.84,-0.16,0.16
1-Motor-FF,mae,0.55,550 MS.,FALSE,0.46,-0.09,0.84,-0.16,0.16
1-Motor-FF,mae,0.55,550 MS.,FALSE,0.42,-0.13,0.77,-0.23,0.23
1-Motor-FF,mae,0.55,550 MS.,TRUE,0.42,-0.13,0.77,-0.23,0.23
1-Motor-FF,mae,0.55,550 MS.,FALSE,0.44,-0.11,0.8,-0.2,0.2
1-Motor-FF,mae,0.55,550 MS.,TRUE,0.43,-0.12,0.79,-0.21,0.21
1-Motor-FF,mae,0.55,550 MS.,FALSE,0.46,-0.09,0.84,-0.16,0.16
1-Motor-FF,mae,0.55,550 MS.,TRUE,0.47,-0.08,0.86,-0.14,0.14
1-Motor-FF,mae,0.55,550 MS.,TRUE,0.47,-0.08,0.86,-0.14,0.14
1-Motor-FF,mae,0.55,550 MS.,FALSE,0.46,-0.09,0.84,-0.16,0.16
1-Motor-FF,mae,0.55,550 MS.,TRUE,0.45,-0.1,0.81,-0.19,0.19
1-Motor-FF,mae,0.55,550 MS.,TRUE,0.47,-0.08,0.86,-0.14,0.14
1-Motor-FF,mae,0.55,550 MS.,TRUE,0.44,-0.11,0.8,-0.2,0.2
1-Motor-FF,mae,0.55,550 MS.,FALSE,0.44,-0.11,0.8,-0.2,0.2
1-Motor-FF,mae,0.55,550 MS.,FALSE,0.45,-0.1,0.81,-0.19,0.19
1-Motor-FF,mae,0.55,550 MS.,FALSE,0.44,-0.11,0.8,-0.2,0.2
1-Motor-FF,mae,0.55,550 MS.,TRUE,0.41,-0.14,0.74,-0.26,0.26
1-Motor-FF,mae,0.55,550 MS.,FALSE,0.4,-0.15,0.73,-0.27,0.27
1-Motor-FF,ot,0.55,550 MS.,TRUE,0.32,-0.23,0.58,-0.42,0.42
1-Motor-FF,ot,0.55,550 MS.,FALSE,0.33,-0.22,0.6,-0.4,0.4
1-Motor-FF,ot,0.55,550 MS.,FALSE,0.39,-0.16,0.71,-0.29,0.29
1-Motor-FF,ot,0.55,550 MS.,TRUE,0.4,-0.15,0.73,-0.27,0.27
1-Motor-FF,ot,0.55,550 MS.,TRUE,0.42,-0.13,0.76,-0.24,0.24
1-Motor-FF,ot,0.55,550 MS.,TRUE,0.38,-0.17,0.68,-0.32,0.32
1-Motor-FF,ot,0.55,550 MS.,FALSE,0.4,-0.15,0.73,-0.27,0.27
1-Motor-FF,ot,0.55,550 MS.,TRUE,0.47,-0.08,0.86,-0.14,0.14
1-Motor-FF,ot,0.55,550 MS.,FALSE,0.49,-0.06,0.89,-0.11,0.11
1-Motor-FF,ot,0.55,550 MS.,TRUE,0.53,-0.02,0.96,-0.04,0.04
1-Motor-FF,ot,0.55,550 MS.,FALSE,0.44,-0.11,0.8,-0.2,0.2
1-Motor-FF,ot,0.55,550 MS.,FALSE,0.4,-0.15,0.73,-0.27,0.27
1-Motor-FF,ot,0.55,550 MS.,TRUE,0.38,-0.17,0.68,-0.32,0.32
1-Motor-FF,ot,0.55,550 MS.,FALSE,0.29,-0.26,0.52,-0.48,0.48
1-Motor-FF,ot,0.55,550 MS.,TRUE,0.37,-0.18,0.67,-0.33,0.33
1-Motor-FF,ot,0.55,550 MS.,FALSE,0.38,-0.17,0.7,-0.3,0.3
1-Motor-FF,ot,0.55,550 MS.,TRUE,0.4,-0.15,0.73,-0.27,0.27
1-Motor-FF,ot,0.55,550 MS.,FALSE,0.39,-0.16,0.71,-0.29,0.29
1-Motor-FF,ot,0.55,550 MS.,TRUE,0.38,-0.17,0.7,-0.3,0.3
1-Motor-FF,ot,0.55,550 MS.,FALSE,0.32,-0.23,0.58,-0.42,0.42
1-Motor-FF,ot,0.55,550 MS.,TRUE,0.38,-0.17,0.7,-0.3,0.3
1-Motor-FF,ot,0.55,550 MS.,FALSE,0.33,-0.22,0.6,-0.4,0.4
1-Motor-FF,ot,0.55,550 MS.,TRUE,0.38,-0.17,0.7,-0.3,0.3
1-Motor-FF,ot,0.55,550 MS.,FALSE,0.33,-0.22,0.6,-0.4,0.4
1-Motor-FF,ot,0.55,550 MS.,FALSE,0.35,-0.2,0.64,-0.36,0.36
1-Motor-FF,ot,0.55,550 MS.,FALSE,0.33,-0.22,0.6,-0.4,0.4
1-Motor-FF,ot,0.55,550 MS.,FALSE,0.32,-0.23,0.58,-0.42,0.42
1-Motor-FF,ot,0.55,550 MS.,FALSE,0.34,-0.21,0.61,-0.39,0.39
1-Motor-FF,ot,0.55,550 MS.,TRUE,0.36,-0.19,0.65,-0.35,0.35
1-Motor-FF,ot,0.55,550 MS.,TRUE,0.32,-0.23,0.58,-0.42,0.42
1-Motor-FF,ot,0.55,550 MS.,TRUE,0.3,-0.25,0.55,-0.45,0.45
1-Motor-FF,ot,0.55,550 MS.,FALSE,0.28,-0.27,0.51,-0.49,0.49
1-Motor-FF,ot,0.55,550 MS.,TRUE,0.36,-0.19,0.65,-0.35,0.35
1-Motor-FF,ot,0.55,550 MS.,FALSE,0.36,-0.19,0.65,-0.35,0.35
1-Motor-FF,ot,0.55,550 MS.,TRUE,0.38,-0.17,0.68,-0.32,0.32
1-Motor-FF,ot,0.55,550 MS.,FALSE,0.34,-0.21,0.61,-0.39,0.39
1-Motor-FF,ot,0.55,550 MS.,TRUE,0.35,-0.2,0.64,-0.36,0.36
1-Motor-FF,ot,0.55,550 MS.,TRUE,0.35,-0.2,0.64,-0.36,0.36
1-Motor-FF,ot,0.55,550 MS.,FALSE,0.31,-0.24,0.57,-0.43,0.43
1-Motor-FF,ot,0.55,550 MS.,FALSE,0.3,-0.25,0.54,-0.46,0.46
1-Motor-FF,ot,0.55,550 MS.,TRUE,0.34,-0.21,0.63,-0.37,0.37
1-Motor-FF,ot,0.55,550 MS.,TRUE,0.33,-0.22,0.6,-0.4,0.4
1-Motor-FF,ot,0.55,550 MS.,FALSE,0.34,-0.21,0.63,-0.37,0.37
1-Motor-FF,ot,0.55,550 MS.,TRUE,0.31,-0.24,0.57,-0.43,0.43
1-Motor-FF,ot,0.55,550 MS.,FALSE,0.36,-0.19,0.65,-0.35,0.35
1-Motor-FF,ot,0.55,550 MS.,TRUE,0.35,-0.2,0.64,-0.36,0.36
1-Motor-FF,ot,0.55,550 MS.,TRUE,0.32,-0.23,0.58,-0.42,0.42
1-Motor-FF,ot,0.55,550 MS.,FALSE,0.33,-0.22,0.6,-0.4,0.4
1-Motor-FF,ot,0.55,550 MS.,TRUE,0.32,-0.23,0.58,-0.42,0.42
1-Motor-FF,ot,0.55,550 MS.,TRUE,0.36,-0.19,0.65,-0.35,0.35
2-Control-FR,ad,0.65,350-750 MS.,,0.27,-0.38,0.42,-0.58,0.58
2-Control-FR,ad,0.86,750-1100 MS.,,0.26,-0.6,0.3,-0.7,0.7
2-Control-FR,ad,0.27,0-350 MS.,,0.15,-0.11,0.57,-0.43,0.43
2-Control-FR,ad,0.04,0-350 MS.,,0.1,0.07,2.82,1.82,-1.82
2-Control-FR,ad,0.58,350-750 MS.,,0.33,-0.25,0.56,-0.44,0.44
2-Control-FR,ad,0.66,350-750 MS.,,0.36,-0.3,0.54,-0.46,0.46
2-Control-FR,ad,0.2,0-350 MS.,,0.15,-0.05,0.75,-0.25,0.25
2-Control-FR,ad,0.96,750-1100 MS.,,0.43,-0.53,0.45,-0.55,0.55
2-Control-FR,ad,0.41,350-750 MS.,,0.22,-0.18,0.55,-0.45,0.45
2-Control-FR,ad,0.86,750-1100 MS.,,0.45,-0.41,0.52,-0.48,0.48
2-Control-FR,ad,0.09,0-350 MS.,,0.18,0.09,2.05,1.05,-1.05
2-Control-FR,ad,0.95,750-1100 MS.,,0.3,-0.65,0.31,-0.69,0.69
2-Control-FR,ad,0.9,750-1100 MS.,,0.37,-0.53,0.41,-0.59,0.59
2-Control-FR,ad,1.08,750-1100 MS.,,0.55,-0.53,0.51,-0.49,0.49
2-Control-FR,ad,0.46,350-750 MS.,,0.24,-0.22,0.52,-0.48,0.48
2-Control-FR,ad,0.66,350-750 MS.,,0.36,-0.3,0.55,-0.45,0.45
2-Control-FR,ad,0.1,0-350 MS.,,0.22,0.11,2.11,1.11,-1.11
2-Control-FR,ad,0.91,750-1100 MS.,,0.56,-0.35,0.62,-0.38,0.38
2-Control-FR,ad,0.04,0-350 MS.,,0.22,0.19,6.02,5.02,-5.02
2-Control-FR,ad,1.06,750-1100 MS.,,0.53,-0.53,0.5,-0.5,0.5
2-Control-FR,ad,1.02,750-1100 MS.,,0.36,-0.66,0.35,-0.65,0.65
2-Control-FR,ad,0.29,0-350 MS.,,0.23,-0.06,0.81,-0.19,0.19
2-Control-FR,ad,0.64,350-750 MS.,,0.3,-0.34,0.46,-0.54,0.54
2-Control-FR,ad,0.93,750-1100 MS.,,0.5,-0.43,0.54,-0.46,0.46
2-Control-FR,ad,0.39,350-750 MS.,,0.3,-0.09,0.78,-0.22,0.22
2-Control-FR,ad,0.1,0-350 MS.,,0.24,0.14,2.46,1.46,-1.46
2-Control-FR,ad,0.94,750-1100 MS.,,0.58,-0.36,0.61,-0.39,0.39
2-Control-FR,ad,0.8,750-1100 MS.,,0.44,-0.36,0.55,-0.45,0.45
2-Control-FR,ad,0.33,0-350 MS.,,0.22,-0.11,0.67,-0.33,0.33
2-Control-FR,ad,0.62,350-750 MS.,,0.29,-0.33,0.46,-0.54,0.54
2-Control-FR,ad,0.86,750-1100 MS.,,0.82,-0.04,0.95,-0.05,0.05
2-Control-FR,ad,0.95,750-1100 MS.,,0.64,-0.31,0.68,-0.32,0.32
2-Control-FR,ad,1.09,750-1100 MS.,,0.84,-0.25,0.77,-0.23,0.23
2-Control-FR,ad,0.3,0-350 MS.,,0.26,-0.03,0.89,-0.11,0.11
2-Control-FR,ad,0.13,0-350 MS.,,0.33,0.2,2.62,1.62,-1.62
2-Control-FR,ad,0.39,350-750 MS.,,0.36,-0.03,0.92,-0.08,0.08
2-Control-FR,ad,0.13,0-350 MS.,,0.31,0.18,2.45,1.45,-1.45
2-Control-FR,ad,0.3,0-350 MS.,,0.19,-0.11,0.63,-0.37,0.37
2-Control-FR,ad,1.04,750-1100 MS.,,0.8,-0.24,0.77,-0.23,0.23
2-Control-FR,ad,0.52,350-750 MS.,,0.14,-0.39,0.26,-0.74,0.74
2-Control-FR,ad,0.14,0-350 MS.,,0.22,0.09,1.66,0.66,-0.66
2-Control-FR,ad,0.51,350-750 MS.,,0.25,-0.26,0.49,-0.51,0.51
2-Control-FR,ad,0.04,0-350 MS.,,0.18,0.14,4.66,3.66,-3.66
2-Control-FR,ad,0.31,0-350 MS.,,0.2,-0.11,0.65,-0.35,0.35
2-Control-FR,ad,0.2,0-350 MS.,,0.18,-0.02,0.91,-0.09,0.09
2-Control-FR,ad,0.1,0-350 MS.,,0.26,0.16,2.61,1.61,-1.61
2-Control-FR,ad,0.5,350-750 MS.,,0.26,-0.24,0.52,-0.48,0.48
2-Control-FR,ad,0.08,0-350 MS.,,0.18,0.11,2.34,1.34,-1.34
2-Control-FR,ad,0.19,0-350 MS.,,0.18,-0.01,0.96,-0.04,0.04
2-Control-FR,ad,1.01,750-1100 MS.,,0.62,-0.38,0.62,-0.38,0.38
2-Control-FR,ag,0.04,0-350 MS.,,0.23,0.19,5.87,4.87,-4.87
2-Control-FR,ag,0.52,350-750 MS.,,0.26,-0.26,0.51,-0.49,0.49
2-Control-FR,ag,0.8,750-1100 MS.,,0.54,-0.26,0.68,-0.32,0.32
2-Control-FR,ag,0.39,350-750 MS.,,0.21,-0.18,0.53,-0.47,0.47
2-Control-FR,ag,0.93,750-1100 MS.,,0.31,-0.61,0.34,-0.66,0.66
2-Control-FR,ag,0.58,350-750 MS.,,0.29,-0.29,0.49,-0.51,0.51
2-Control-FR,ag,0.08,0-350 MS.,,0.16,0.08,2.03,1.03,-1.03
2-Control-FR,ag,0.04,0-350 MS.,,0.17,0.13,4.52,3.52,-3.52
2-Control-FR,ag,1.09,750-1100 MS.,,1.4,0.31,1.28,0.28,-0.28
2-Control-FR,ag,0.39,350-750 MS.,,0.28,-0.11,0.72,-0.28,0.28
2-Control-FR,ag,0.13,0-350 MS.,,0.25,0.12,1.98,0.98,-0.98
2-Control-FR,ag,0.62,350-750 MS.,,0.52,-0.1,0.84,-0.16,0.16
2-Control-FR,ag,1.01,750-1100 MS.,,0.49,-0.52,0.49,-0.51,0.51
2-Control-FR,ag,0.3,0-350 MS.,,0.4,0.1,1.35,0.35,-0.35
2-Control-FR,ag,0.1,0-350 MS.,,0.26,0.16,2.62,1.62,-1.62
2-Control-FR,ag,0.14,0-350 MS.,,0.3,0.17,2.25,1.25,-1.25
2-Control-FR,ag,0.95,750-1100 MS.,,0.98,0.03,1.03,0.03,-0.03
2-Control-FR,ag,0.1,0-350 MS.,,0.19,0.09,1.96,0.96,-0.96
2-Control-FR,ag,0.31,0-350 MS.,,0.31,0,1.01,0.01,-0.01
2-Control-FR,ag,0.64,350-750 MS.,,0.29,-0.35,0.45,-0.55,0.55
2-Control-FR,ag,1.04,750-1100 MS.,,1.28,0.24,1.23,0.23,-0.23
2-Control-FR,ag,0.13,0-350 MS.,,0.39,0.26,3.07,2.07,-2.07
2-Control-FR,ag,0.51,350-750 MS.,,0.55,0.05,1.09,0.09,-0.09
2-Control-FR,ag,0.5,350-750 MS.,,0.54,0.04,1.08,0.08,-0.08
2-Control-FR,ag,0.9,750-1100 MS.,,0.56,-0.34,0.62,-0.38,0.38
2-Control-FR,ag,0.3,0-350 MS.,,0.45,0.14,1.47,0.47,-0.47
2-Control-FR,ag,0.41,350-750 MS.,,0.46,0.05,1.12,0.12,-0.12
2-Control-FR,ag,0.66,350-750 MS.,,0.43,-0.23,0.65,-0.35,0.35
2-Control-FR,ag,1.08,750-1100 MS.,,1.75,0.67,1.62,0.62,-0.62
2-Control-FR,ag,0.66,350-750 MS.,,0.58,-0.08,0.87,-0.13,0.13
2-Control-FR,ag,0.04,0-350 MS.,,0.39,0.36,10.63,9.63,-9.63
2-Control-FR,ag,0.95,750-1100 MS.,,0.52,-0.43,0.55,-0.45,0.45
2-Control-FR,ag,0.2,0-350 MS.,,0.34,0.13,1.65,0.65,-0.65
2-Control-FR,ag,0.86,750-1100 MS.,,0.62,-0.24,0.72,-0.28,0.28
2-Control-FR,ag,0.65,350-750 MS.,,0.42,-0.23,0.65,-0.35,0.35
2-Control-FR,ag,0.91,750-1100 MS.,,0.63,-0.28,0.69,-0.31,0.31
2-Control-FR,ag,0.33,0-350 MS.,,0.5,0.16,1.49,0.49,-0.49
2-Control-FR,ag,1.02,750-1100 MS.,,0.71,-0.3,0.7,-0.3,0.3
2-Control-FR,ag,0.19,0-350 MS.,,0.26,0.07,1.37,0.37,-0.37
2-Control-FR,ag,0.86,750-1100 MS.,,0.75,-0.11,0.87,-0.13,0.13
2-Control-FR,ag,0.2,0-350 MS.,,0.31,0.11,1.54,0.54,-0.54
2-Control-FR,ag,0.94,750-1100 MS.,,0.78,-0.16,0.83,-0.17,0.17
2-Control-FR,ag,1.06,750-1100 MS.,,1.1,0.04,1.04,0.04,-0.04
2-Control-FR,ag,0.09,0-350 MS.,,0.2,0.11,2.22,1.22,-1.22
2-Control-FR,ag,0.96,750-1100 MS.,,1.05,0.09,1.09,0.09,-0.09
2-Control-FR,ag,0.29,0-350 MS.,,0.32,0.03,1.11,0.11,-0.11
2-Control-FR,ag,0.46,350-750 MS.,,0.48,0.02,1.04,0.04,-0.04
2-Control-FR,ag,0.27,0-350 MS.,,0.3,0.04,1.14,0.14,-0.14
2-Control-FR,ag,0.86,750-1100 MS.,,0.46,-0.41,0.53,-0.47,0.47
2-Control-FR,ag,0.1,0-350 MS.,,0.25,0.15,2.42,1.42,-1.42
2-Control-FR,bs,0.3,0-350 MS.,,0.26,-0.03,0.89,-0.11,0.11
2-Control-FR,bs,0.09,0-350 MS.,,0.18,0.09,2.05,1.05,-1.05
2-Control-FR,bs,0.33,0-350 MS.,,0.2,-0.13,0.6,-0.4,0.4
2-Control-FR,bs,0.66,350-750 MS.,,0.41,-0.25,0.62,-0.38,0.38
2-Control-FR,bs,0.58,350-750 MS.,,0.26,-0.32,0.45,-0.55,0.55
2-Control-FR,bs,0.66,350-750 MS.,,0.25,-0.41,0.38,-0.62,0.62
2-Control-FR,bs,0.27,0-350 MS.,,0.2,-0.07,0.75,-0.25,0.25
2-Control-FR,bs,1.02,750-1100 MS.,,0.4,-0.62,0.39,-0.61,0.61
2-Control-FR,bs,0.5,350-750 MS.,,0.22,-0.27,0.45,-0.55,0.55
2-Control-FR,bs,0.41,350-750 MS.,,0.29,-0.12,0.71,-0.29,0.29
2-Control-FR,bs,0.95,750-1100 MS.,,0.43,-0.52,0.45,-0.55,0.55
2-Control-FR,bs,1.04,750-1100 MS.,,0.29,-0.75,0.28,-0.72,0.72
2-Control-FR,bs,0.39,350-750 MS.,,0.19,-0.2,0.49,-0.51,0.51
2-Control-FR,bs,1.09,750-1100 MS.,,0.4,-0.69,0.37,-0.63,0.63
2-Control-FR,bs,0.3,0-350 MS.,,0.26,-0.04,0.87,-0.13,0.13
2-Control-FR,bs,0.14,0-350 MS.,,0.26,0.12,1.89,0.89,-0.89
2-Control-FR,bs,0.52,350-750 MS.,,0.38,-0.15,0.72,-0.28,0.28
2-Control-FR,bs,0.1,0-350 MS.,,0.29,0.19,2.81,1.81,-1.81
2-Control-FR,bs,1.08,750-1100 MS.,,0.52,-0.56,0.48,-0.52,0.52
2-Control-FR,bs,0.65,350-750 MS.,,0.58,-0.07,0.89,-0.11,0.11
2-Control-FR,bs,0.51,350-750 MS.,,0.55,0.05,1.09,0.09,-0.09
2-Control-FR,bs,0.04,0-350 MS.,,0.28,0.24,7.09,6.09,-6.09
2-Control-FR,bs,0.96,750-1100 MS.,,0.48,-0.48,0.5,-0.5,0.5
2-Control-FR,bs,0.13,0-350 MS.,,0.19,0.07,1.53,0.53,-0.53
2-Control-FR,bs,0.2,0-350 MS.,,0.28,0.08,1.38,0.38,-0.38
2-Control-FR,bs,1.01,750-1100 MS.,,0.4,-0.61,0.4,-0.6,0.6
2-Control-FR,bs,0.8,750-1100 MS.,,0.39,-0.41,0.49,-0.51,0.51
2-Control-FR,bs,0.19,0-350 MS.,,0.23,0.04,1.21,0.21,-0.21
2-Control-FR,bs,0.04,0-350 MS.,,0.22,0.19,6.02,5.02,-5.02
2-Control-FR,bs,0.86,750-1100 MS.,,0.45,-0.41,0.52,-0.48,0.48
2-Control-FR,bs,0.94,750-1100 MS.,,0.32,-0.62,0.34,-0.66,0.66
2-Control-FR,bs,0.29,0-350 MS.,,0.33,0.04,1.14,0.14,-0.14
2-Control-FR,bs,0.1,0-350 MS.,,0.31,0.21,3.18,2.18,-2.18
2-Control-FR,bs,0.86,750-1100 MS.,,0.4,-0.46,0.46,-0.54,0.54
2-Control-FR,bs,0.1,0-350 MS.,,0.28,0.18,2.87,1.87,-1.87
2-Control-FR,bs,0.13,0-350 MS.,,0.21,0.08,1.63,0.63,-0.63
2-Control-FR,bs,1.06,750-1100 MS.,,0.48,-0.58,0.45,-0.55,0.55
2-Control-FR,bs,0.2,0-350 MS.,,0.3,0.1,1.49,0.49,-0.49
2-Control-FR,bs,0.91,750-1100 MS.,,0.26,-0.65,0.29,-0.71,0.71
2-Control-FR,bs,0.46,350-750 MS.,,0.32,-0.14,0.69,-0.31,0.31
2-Control-FR,bs,0.64,350-750 MS.,,0.2,-0.44,0.31,-0.69,0.69
2-Control-FR,bs,0.95,750-1100 MS.,,0.45,-0.5,0.47,-0.53,0.53
2-Control-FR,bs,0.93,750-1100 MS.,,0.5,-0.43,0.54,-0.46,0.46
2-Control-FR,bs,0.08,0-350 MS.,,0.14,0.06,1.73,0.73,-0.73
2-Control-FR,bs,0.86,750-1100 MS.,,0.5,-0.36,0.59,-0.41,0.41
2-Control-FR,bs,0.9,750-1100 MS.,,0.25,-0.65,0.28,-0.72,0.72
2-Control-FR,bs,0.39,350-750 MS.,,0.34,-0.06,0.86,-0.14,0.14
2-Control-FR,bs,0.62,350-750 MS.,,0.32,-0.3,0.52,-0.48,0.48
2-Control-FR,bs,0.04,0-350 MS.,,0.2,0.16,5.42,4.42,-4.42
2-Control-FR,bs,0.31,0-350 MS.,,0.24,-0.07,0.78,-0.22,0.22
2-Control-FR,bt,0.04,0-350 MS.,,0.29,0.25,7.81,6.81,-6.81
2-Control-FR,bt,0.91,750-1100 MS.,,0.42,-0.49,0.47,-0.53,0.53
2-Control-FR,bt,0.52,350-750 MS.,,0.24,-0.28,0.46,-0.54,0.54
2-Control-FR,bt,0.62,350-750 MS.,,0.33,-0.29,0.53,-0.47,0.47
2-Control-FR,bt,0.66,350-750 MS.,,0.25,-0.41,0.38,-0.62,0.62
2-Control-FR,bt,1.08,750-1100 MS.,,0.82,-0.27,0.75,-0.25,0.25
2-Control-FR,bt,0.64,350-750 MS.,,0.35,-0.29,0.55,-0.45,0.45
2-Control-FR,bt,0.95,750-1100 MS.,,0.64,-0.31,0.68,-0.32,0.32
2-Control-FR,bt,0.58,350-750 MS.,,0.22,-0.36,0.38,-0.62,0.62
2-Control-FR,bt,0.8,750-1100 MS.,,0.47,-0.33,0.59,-0.41,0.41
2-Control-FR,bt,0.65,350-750 MS.,,0.34,-0.32,0.51,-0.49,0.49
2-Control-FR,bt,0.2,0-350 MS.,,0.25,0.04,1.22,0.22,-0.22
2-Control-FR,bt,0.04,0-350 MS.,,0.14,0.1,3.66,2.66,-2.66
2-Control-FR,bt,0.13,0-350 MS.,,0.15,0.03,1.21,0.21,-0.21
2-Control-FR,bt,0.1,0-350 MS.,,0.19,0.09,1.96,0.96,-0.96
2-Control-FR,bt,0.41,350-750 MS.,,0.24,-0.17,0.59,-0.41,0.41
2-Control-FR,bt,0.29,0-350 MS.,,0.17,-0.12,0.58,-0.42,0.42
2-Control-FR,bt,0.3,0-350 MS.,,0.16,-0.14,0.53,-0.47,0.47
2-Control-FR,bt,0.27,0-350 MS.,,0.09,-0.18,0.33,-0.67,0.67
2-Control-FR,bt,0.86,750-1100 MS.,,0.34,-0.53,0.39,-0.61,0.61
2-Control-FR,bt,0.5,350-750 MS.,,0.19,-0.3,0.39,-0.61,0.61
2-Control-FR,bt,1.02,750-1100 MS.,,0.33,-0.69,0.32,-0.68,0.68
2-Control-FR,bt,0.08,0-350 MS.,,0.16,0.08,2.03,1.03,-1.03
2-Control-FR,bt,0.14,0-350 MS.,,0.18,0.05,1.36,0.36,-0.36
2-Control-FR,bt,0.86,750-1100 MS.,,0.34,-0.52,0.4,-0.6,0.6
2-Control-FR,bt,0.96,750-1100 MS.,,0.18,-0.78,0.19,-0.81,0.81
2-Control-FR,bt,0.51,350-750 MS.,,0.19,-0.31,0.38,-0.62,0.62
2-Control-FR,bt,0.93,750-1100 MS.,,0.28,-0.65,0.3,-0.7,0.7
2-Control-FR,bt,1.04,750-1100 MS.,,0.46,-0.58,0.44,-0.56,0.56
2-Control-FR,bt,0.86,750-1100 MS.,,0.5,-0.36,0.58,-0.42,0.42
2-Control-FR,bt,0.3,0-350 MS.,,0.29,-0.01,0.97,-0.03,0.03
2-Control-FR,bt,0.2,0-350 MS.,,0.22,0.01,1.07,0.07,-0.07
2-Control-FR,bt,0.31,0-350 MS.,,0.28,-0.03,0.91,-0.09,0.09
2-Control-FR,bt,0.66,350-750 MS.,,0.46,-0.2,0.69,-0.31,0.31
2-Control-FR,bt,0.9,750-1100 MS.,,0.53,-0.37,0.59,-0.41,0.41
2-Control-FR,bt,0.39,350-750 MS.,,0.29,-0.1,0.74,-0.26,0.26
2-Control-FR,bt,0.46,350-750 MS.,,0.3,-0.16,0.66,-0.34,0.34
2-Control-FR,bt,0.33,0-350 MS.,,0.3,-0.03,0.91,-0.09,0.09
2-Control-FR,bt,0.95,750-1100 MS.,,0.56,-0.39,0.59,-0.41,0.41
2-Control-FR,bt,0.04,0-350 MS.,,0.15,0.11,3.85,2.85,-2.85
2-Control-FR,bt,0.1,0-350 MS.,,0.17,0.07,1.64,0.64,-0.64
2-Control-FR,bt,0.39,350-750 MS.,,0.32,-0.07,0.81,-0.19,0.19
2-Control-FR,bt,0.1,0-350 MS.,,0.22,0.12,2.21,1.21,-1.21
2-Control-FR,bt,1.09,750-1100 MS.,,0.7,-0.39,0.64,-0.36,0.36
2-Control-FR,bt,0.19,0-350 MS.,,0.19,0,1,0,0
2-Control-FR,bt,0.94,750-1100 MS.,,0.19,-0.74,0.2,-0.8,0.8
2-Control-FR,bt,1.01,750-1100 MS.,,0.26,-0.75,0.25,-0.75,0.75
2-Control-FR,bt,1.06,750-1100 MS.,,0.27,-0.79,0.26,-0.74,0.74
2-Control-FR,bt,0.13,0-350 MS.,,0.13,0,1,0,0
2-Control-FR,bt,0.09,0-350 MS.,,0.19,0.1,2.13,1.13,-1.13
2-Control-FR,dt,0.86,750-1100 MS.,,0.06,-0.81,0.06,-0.94,0.94
2-Control-FR,dt,0.04,0-350 MS.,,0.12,0.08,3.23,2.23,-2.23
2-Control-FR,dt,0.2,0-350 MS.,,0.11,-0.09,0.55,-0.45,0.45
2-Control-FR,dt,0.66,350-750 MS.,,0.22,-0.44,0.34,-0.66,0.66
2-Control-FR,dt,0.65,350-750 MS.,,0.34,-0.32,0.51,-0.49,0.49
2-Control-FR,dt,0.13,0-350 MS.,,0.08,-0.05,0.64,-0.36,0.36
2-Control-FR,dt,1.08,750-1100 MS.,,0.68,-0.4,0.63,-0.37,0.37
2-Control-FR,dt,0.5,350-750 MS.,,0.33,-0.17,0.66,-0.34,0.34
2-Control-FR,dt,0.96,750-1100 MS.,,1.02,0.06,1.07,0.07,-0.07
2-Control-FR,dt,0.31,0-350 MS.,,0.18,-0.13,0.57,-0.43,0.43
2-Control-FR,dt,0.95,750-1100 MS.,,0.74,-0.21,0.78,-0.22,0.22
2-Control-FR,dt,0.33,0-350 MS.,,0.25,-0.08,0.75,-0.25,0.25
2-Control-FR,dt,0.95,750-1100 MS.,,0.34,-0.6,0.36,-0.64,0.64
2-Control-FR,dt,0.41,350-750 MS.,,0.22,-0.19,0.53,-0.47,0.47
2-Control-FR,dt,0.29,0-350 MS.,,0.23,-0.06,0.81,-0.19,0.19
2-Control-FR,dt,0.86,750-1100 MS.,,0.76,-0.1,0.88,-0.12,0.12
2-Control-FR,dt,1.01,750-1100 MS.,,0.84,-0.17,0.84,-0.16,0.16
2-Control-FR,dt,0.04,0-350 MS.,,0.25,0.21,6.28,5.28,-5.28
2-Control-FR,dt,0.2,0-350 MS.,,0.16,-0.04,0.79,-0.21,0.21
2-Control-FR,dt,0.1,0-350 MS.,,0.22,0.12,2.21,1.21,-1.21
2-Control-FR,dt,1.09,750-1100 MS.,,1.19,0.1,1.09,0.09,-0.09
2-Control-FR,dt,0.19,0-350 MS.,,0.19,0,1,0,0
2-Control-FR,dt,0.39,350-750 MS.,,0.15,-0.24,0.39,-0.61,0.61
2-Control-FR,dt,0.52,350-750 MS.,,0.15,-0.37,0.29,-0.71,0.71
2-Control-FR,dt,0.94,750-1100 MS.,,0.81,-0.13,0.86,-0.14,0.14
2-Control-FR,dt,0.1,0-350 MS.,,0.22,0.12,2.2,1.2,-1.2
2-Control-FR,dt,0.13,0-350 MS.,,0.18,0.06,1.44,0.44,-0.44
2-Control-FR,dt,0.09,0-350 MS.,,0.22,0.13,2.49,1.49,-1.49
2-Control-FR,dt,0.64,350-750 MS.,,0.3,-0.34,0.48,-0.52,0.52
2-Control-FR,dt,0.9,750-1100 MS.,,0.7,-0.2,0.78,-0.22,0.22
2-Control-FR,dt,0.08,0-350 MS.,,0.34,0.27,4.37,3.37,-3.37
2-Control-FR,dt,0.8,750-1100 MS.,,0.78,-0.02,0.98,-0.02,0.02
2-Control-FR,dt,0.14,0-350 MS.,,0.09,-0.05,0.65,-0.35,0.35
2-Control-FR,dt,1.02,750-1100 MS.,,0.55,-0.46,0.54,-0.46,0.46
2-Control-FR,dt,0.39,350-750 MS.,,0.21,-0.18,0.53,-0.47,0.47
2-Control-FR,dt,0.1,0-350 MS.,,0.11,0.01,1.09,0.09,-0.09
2-Control-FR,dt,0.86,750-1100 MS.,,0.9,0.05,1.05,0.05,-0.05
2-Control-FR,dt,0.46,350-750 MS.,,0.32,-0.14,0.69,-0.31,0.31
2-Control-FR,dt,0.93,750-1100 MS.,,1.01,0.08,1.09,0.09,-0.09
2-Control-FR,dt,1.04,750-1100 MS.,,0.84,-0.2,0.81,-0.19,0.19
2-Control-FR,dt,0.91,750-1100 MS.,,0.71,-0.2,0.78,-0.22,0.22
2-Control-FR,dt,0.62,350-750 MS.,,0.63,0.01,1.02,0.02,-0.02
2-Control-FR,dt,0.58,350-750 MS.,,0.1,-0.48,0.18,-0.82,0.82
2-Control-FR,dt,0.51,350-750 MS.,,0.15,-0.35,0.3,-0.7,0.7
2-Control-FR,dt,1.06,750-1100 MS.,,0.89,-0.17,0.84,-0.16,0.16
2-Control-FR,dt,0.27,0-350 MS.,,0.16,-0.11,0.6,-0.4,0.4
2-Control-FR,dt,0.3,0-350 MS.,,0.18,-0.12,0.59,-0.41,0.41
2-Control-FR,dt,0.66,350-750 MS.,,0.3,-0.36,0.46,-0.54,0.54
2-Control-FR,dt,0.3,0-350 MS.,,0.17,-0.14,0.55,-0.45,0.45
2-Control-FR,dt,0.04,0-350 MS.,,0.1,0.07,2.82,1.82,-1.82
2-Control-FR,hc,0.86,750-1100 MS.,,0.48,-0.38,0.56,-0.44,0.44
2-Control-FR,hc,0.95,750-1100 MS.,,0.42,-0.53,0.44,-0.56,0.56
2-Control-FR,hc,0.14,0-350 MS.,,0.12,-0.02,0.89,-0.11,0.11
2-Control-FR,hc,0.94,750-1100 MS.,,0.39,-0.54,0.42,-0.58,0.58
2-Control-FR,hc,0.1,0-350 MS.,,0.15,0.05,1.55,0.55,-0.55
2-Control-FR,hc,0.91,750-1100 MS.,,0.46,-0.45,0.51,-0.49,0.49
2-Control-FR,hc,0.52,350-750 MS.,,0.29,-0.23,0.55,-0.45,0.45
2-Control-FR,hc,0.66,350-750 MS.,,0.24,-0.42,0.36,-0.64,0.64
2-Control-FR,hc,0.09,0-350 MS.,,0.3,0.21,3.38,2.38,-2.38
2-Control-FR,hc,0.13,0-350 MS.,,0.3,0.17,2.32,1.32,-1.32
2-Control-FR,hc,0.1,0-350 MS.,,0.2,0.1,2.05,1.05,-1.05
2-Control-FR,hc,0.66,350-750 MS.,,0.33,-0.33,0.5,-0.5,0.5
2-Control-FR,hc,0.86,750-1100 MS.,,0.31,-0.55,0.36,-0.64,0.64
2-Control-FR,hc,1.08,750-1100 MS.,,0.25,-0.84,0.23,-0.77,0.77
2-Control-FR,hc,0.04,0-350 MS.,,0.2,0.16,5.42,4.42,-4.42
2-Control-FR,hc,0.19,0-350 MS.,,0.23,0.04,1.21,0.21,-0.21
2-Control-FR,hc,1.01,750-1100 MS.,,0.36,-0.65,0.36,-0.64,0.64
2-Control-FR,hc,0.8,750-1100 MS.,,0.3,-0.5,0.38,-0.62,0.62
2-Control-FR,hc,0.13,0-350 MS.,,0.22,0.09,1.72,0.72,-0.72
2-Control-FR,hc,0.27,0-350 MS.,,0.22,-0.04,0.84,-0.16,0.16
2-Control-FR,hc,0.39,350-750 MS.,,0.26,-0.14,0.65,-0.35,0.35
2-Control-FR,hc,0.3,0-350 MS.,,0.17,-0.13,0.57,-0.43,0.43
2-Control-FR,hc,0.65,350-750 MS.,,0.3,-0.35,0.46,-0.54,0.54
2-Control-FR,hc,0.64,350-750 MS.,,0.27,-0.37,0.43,-0.57,0.57
2-Control-FR,hc,0.3,0-350 MS.,,0.26,-0.04,0.87,-0.13,0.13
2-Control-FR,hc,0.62,350-750 MS.,,0.19,-0.43,0.31,-0.69,0.69
2-Control-FR,hc,0.95,750-1100 MS.,,0.35,-0.6,0.37,-0.63,0.63
2-Control-FR,hc,0.1,0-350 MS.,,0.19,0.09,1.87,0.87,-0.87
2-Control-FR,hc,0.31,0-350 MS.,,0.21,-0.1,0.68,-0.32,0.32
2-Control-FR,hc,0.39,350-750 MS.,,0.22,-0.17,0.55,-0.45,0.45
2-Control-FR,hc,1.09,750-1100 MS.,,0.44,-0.65,0.4,-0.6,0.6
2-Control-FR,hc,0.08,0-350 MS.,,0.14,0.06,1.73,0.73,-0.73
2-Control-FR,hc,1.02,750-1100 MS.,,0.49,-0.53,0.48,-0.52,0.52
2-Control-FR,hc,0.46,350-750 MS.,,0.3,-0.16,0.66,-0.34,0.34
2-Control-FR,hc,0.9,750-1100 MS.,,0.27,-0.62,0.3,-0.7,0.7
2-Control-FR,hc,0.58,350-750 MS.,,0.18,-0.41,0.3,-0.7,0.7
2-Control-FR,hc,1.04,750-1100 MS.,,0.18,-0.85,0.18,-0.82,0.82
2-Control-FR,hc,0.04,0-350 MS.,,0.19,0.15,4.86,3.86,-3.86
2-Control-FR,hc,1.06,750-1100 MS.,,0.52,-0.54,0.49,-0.51,0.51
2-Control-FR,hc,0.29,0-350 MS.,,0.16,-0.13,0.56,-0.44,0.44
2-Control-FR,hc,0.2,0-350 MS.,,0.17,-0.03,0.83,-0.17,0.17
2-Control-FR,hc,0.2,0-350 MS.,,0.16,-0.04,0.79,-0.21,0.21
2-Control-FR,hc,0.93,750-1100 MS.,,0.44,-0.49,0.48,-0.52,0.52
2-Control-FR,hc,0.33,0-350 MS.,,0.4,0.07,1.2,0.2,-0.2
2-Control-FR,hc,0.04,0-350 MS.,,0.14,0.1,3.66,2.66,-2.66
2-Control-FR,hc,0.5,350-750 MS.,,0.4,-0.1,0.81,-0.19,0.19
2-Control-FR,hc,0.41,350-750 MS.,,0.17,-0.24,0.41,-0.59,0.59
2-Control-FR,hc,0.86,750-1100 MS.,,0.32,-0.54,0.37,-0.63,0.63
2-Control-FR,hc,0.51,350-750 MS.,,0.27,-0.23,0.54,-0.46,0.46
2-Control-FR,hc,0.96,750-1100 MS.,,0.33,-0.63,0.34,-0.66,0.66
2-Control-FR,ho,1.09,750-1100 MS.,,0.59,-0.5,0.54,-0.46,0.46
2-Control-FR,ho,0.2,0-350 MS.,,0.11,-0.09,0.55,-0.45,0.45
2-Control-FR,ho,0.19,0-350 MS.,,0.34,0.14,1.75,0.75,-0.75
2-Control-FR,ho,1.08,750-1100 MS.,,0.64,-0.44,0.59,-0.41,0.41
2-Control-FR,ho,0.39,350-750 MS.,,0.14,-0.25,0.37,-0.63,0.63
2-Control-FR,ho,0.94,750-1100 MS.,,0.46,-0.47,0.5,-0.5,0.5
2-Control-FR,ho,0.41,350-750 MS.,,0.17,-0.24,0.41,-0.59,0.59
2-Control-FR,ho,0.46,350-750 MS.,,0.32,-0.14,0.69,-0.31,0.31
2-Control-FR,ho,0.86,750-1100 MS.,,0.33,-0.53,0.38,-0.62,0.62
2-Control-FR,ho,0.91,750-1100 MS.,,0.41,-0.5,0.45,-0.55,0.55
2-Control-FR,ho,0.96,750-1100 MS.,,0.34,-0.62,0.35,-0.65,0.65
2-Control-FR,ho,0.5,350-750 MS.,,0.5,0,1,0,0
2-Control-FR,ho,0.09,0-350 MS.,,0.14,0.05,1.51,0.51,-0.51
2-Control-FR,ho,0.52,350-750 MS.,,0.36,-0.16,0.69,-0.31,0.31
2-Control-FR,ho,0.9,750-1100 MS.,,0.45,-0.45,0.5,-0.5,0.5
2-Control-FR,ho,0.66,350-750 MS.,,0.23,-0.43,0.35,-0.65,0.65
2-Control-FR,ho,0.1,0-350 MS.,,0.11,0.01,1.14,0.14,-0.14
2-Control-FR,ho,0.2,0-350 MS.,,0.31,0.11,1.54,0.54,-0.54
2-Control-FR,ho,0.95,750-1100 MS.,,0.46,-0.48,0.49,-0.51,0.51
2-Control-FR,ho,0.31,0-350 MS.,,0.3,-0.01,0.96,-0.04,0.04
2-Control-FR,ho,0.86,750-1100 MS.,,0.34,-0.52,0.4,-0.6,0.6
2-Control-FR,ho,0.3,0-350 MS.,,0.28,-0.02,0.94,-0.06,0.06
2-Control-FR,ho,0.1,0-350 MS.,,0.06,-0.05,0.55,-0.45,0.45
2-Control-FR,ho,0.86,750-1100 MS.,,0.46,-0.39,0.54,-0.46,0.46
2-Control-FR,ho,0.51,350-750 MS.,,0.38,-0.13,0.74,-0.26,0.26
2-Control-FR,ho,0.3,0-350 MS.,,0.23,-0.07,0.76,-0.24,0.24
2-Control-FR,ho,1.06,750-1100 MS.,,0.65,-0.41,0.61,-0.39,0.39
2-Control-FR,ho,0.1,0-350 MS.,,0.14,0.05,1.47,0.47,-0.47
2-Control-FR,ho,0.14,0-350 MS.,,0.13,-0.01,0.95,-0.05,0.05
2-Control-FR,ho,1.01,750-1100 MS.,,0.61,-0.4,0.6,-0.4,0.4
2-Control-FR,ho,0.04,0-350 MS.,,0.06,0.02,1.62,0.62,-0.62
2-Control-FR,ho,0.8,750-1100 MS.,,0.58,-0.22,0.72,-0.28,0.28
2-Control-FR,ho,0.13,0-350 MS.,,0.08,-0.05,0.64,-0.36,0.36
2-Control-FR,ho,0.66,350-750 MS.,,0.07,-0.59,0.11,-0.89,0.89
2-Control-FR,ho,0.27,0-350 MS.,,0.18,-0.08,0.69,-0.31,0.31
2-Control-FR,ho,0.33,0-350 MS.,,0.22,-0.11,0.67,-0.33,0.33
2-Control-FR,ho,0.39,350-750 MS.,,0.32,-0.07,0.82,-0.18,0.18
2-Control-FR,ho,0.64,350-750 MS.,,0.23,-0.41,0.36,-0.64,0.64
2-Control-FR,ho,0.29,0-350 MS.,,0.36,0.07,1.25,0.25,-0.25
2-Control-FR,ho,0.04,0-350 MS.,,0.07,0.03,1.94,0.94,-0.94
2-Control-FR,ho,0.58,350-750 MS.,,0.46,-0.13,0.78,-0.22,0.22
2-Control-FR,ho,1.04,750-1100 MS.,,0.62,-0.42,0.59,-0.41,0.41
2-Control-FR,ho,0.62,350-750 MS.,,0.5,-0.12,0.81,-0.19,0.19
2-Control-FR,ho,0.65,350-750 MS.,,0.44,-0.21,0.67,-0.33,0.33
2-Control-FR,ho,0.13,0-350 MS.,,0.13,0,1,0,0
2-Control-FR,ho,1.02,750-1100 MS.,,0.64,-0.38,0.63,-0.37,0.37
2-Control-FR,ho,0.08,0-350 MS.,,0.14,0.07,1.83,0.83,-0.83
2-Control-FR,ho,0.93,750-1100 MS.,,0.7,-0.22,0.76,-0.24,0.24
2-Control-FR,ho,0.04,0-350 MS.,,0.09,0.05,2.38,1.38,-1.38
2-Control-FR,ho,0.95,750-1100 MS.,,0.67,-0.28,0.71,-0.29,0.29
2-Control-FR,ia,0.08,0-350 MS.,,0.27,0.19,3.45,2.45,-2.45
2-Control-FR,ia,0.9,750-1100 MS.,,0.3,-0.59,0.34,-0.66,0.66
2-Control-FR,ia,0.86,750-1100 MS.,,0.45,-0.41,0.52,-0.48,0.48
2-Control-FR,ia,0.3,0-350 MS.,,0.48,0.18,1.62,0.62,-0.62
2-Control-FR,ia,1.08,750-1100 MS.,,0.68,-0.4,0.63,-0.37,0.37
2-Control-FR,ia,1.01,750-1100 MS.,,0.42,-0.58,0.42,-0.58,0.58
2-Control-FR,ia,0.13,0-350 MS.,,0.19,0.06,1.51,0.51,-0.51
2-Control-FR,ia,0.95,750-1100 MS.,,0.5,-0.45,0.53,-0.47,0.47
2-Control-FR,ia,0.5,350-750 MS.,,0.54,0.05,1.1,0.1,-0.1
2-Control-FR,ia,0.31,0-350 MS.,,0.35,0.04,1.14,0.14,-0.14
2-Control-FR,ia,0.19,0-350 MS.,,0.19,0,1,0,0
2-Control-FR,ia,0.1,0-350 MS.,,0.16,0.06,1.56,0.56,-0.56
2-Control-FR,ia,0.13,0-350 MS.,,0.17,0.04,1.34,0.34,-0.34
2-Control-FR,ia,0.39,350-750 MS.,,0.27,-0.12,0.69,-0.31,0.31
2-Control-FR,ia,0.96,750-1100 MS.,,0.53,-0.43,0.55,-0.45,0.45
2-Control-FR,ia,0.65,350-750 MS.,,0.25,-0.41,0.38,-0.62,0.62
2-Control-FR,ia,0.2,0-350 MS.,,0.16,-0.04,0.79,-0.21,0.21
2-Control-FR,ia,0.86,750-1100 MS.,,0.54,-0.33,0.62,-0.38,0.38
2-Control-FR,ia,0.41,350-750 MS.,,0.46,0.06,1.14,0.14,-0.14
2-Control-FR,ia,0.3,0-350 MS.,,0.35,0.05,1.16,0.16,-0.16
2-Control-FR,ia,0.66,350-750 MS.,,0.37,-0.29,0.56,-0.44,0.44
2-Control-FR,ia,1.04,750-1100 MS.,,0.39,-0.65,0.38,-0.62,0.62
2-Control-FR,ia,0.2,0-350 MS.,,0.15,-0.05,0.75,-0.25,0.25
2-Control-FR,ia,0.29,0-350 MS.,,0.13,-0.16,0.44,-0.56,0.56
2-Control-FR,ia,1.06,750-1100 MS.,,0.5,-0.56,0.48,-0.52,0.52
2-Control-FR,ia,0.62,350-750 MS.,,0.46,-0.17,0.73,-0.27,0.27
2-Control-FR,ia,0.8,750-1100 MS.,,0.51,-0.29,0.64,-0.36,0.36
2-Control-FR,ia,0.94,750-1100 MS.,,0.28,-0.66,0.3,-0.7,0.7
2-Control-FR,ia,0.86,750-1100 MS.,,0.42,-0.44,0.49,-0.51,0.51
2-Control-FR,ia,0.04,0-350 MS.,,0.18,0.15,4.95,3.95,-3.95
2-Control-FR,ia,0.14,0-350 MS.,,0.13,-0.01,0.95,-0.05,0.05
2-Control-FR,ia,1.09,750-1100 MS.,,0.73,-0.36,0.67,-0.33,0.33
2-Control-FR,ia,0.1,0-350 MS.,,0.21,0.11,2.12,1.12,-1.12
2-Control-FR,ia,0.95,750-1100 MS.,,0.51,-0.44,0.54,-0.46,0.46
2-Control-FR,ia,0.58,350-750 MS.,,0.42,-0.16,0.73,-0.27,0.27
2-Control-FR,ia,0.51,350-750 MS.,,0.26,-0.24,0.52,-0.48,0.48
2-Control-FR,ia,0.93,750-1100 MS.,,0.47,-0.45,0.51,-0.49,0.49
2-Control-FR,ia,0.66,350-750 MS.,,0.42,-0.24,0.64,-0.36,0.36
2-Control-FR,ia,0.39,350-750 MS.,,0.42,0.03,1.09,0.09,-0.09
2-Control-FR,ia,0.91,750-1100 MS.,,0.18,-0.73,0.2,-0.8,0.8
2-Control-FR,ia,0.64,350-750 MS.,,0.24,-0.4,0.38,-0.62,0.62
2-Control-FR,ia,1.02,750-1100 MS.,,0.61,-0.41,0.6,-0.4,0.4
2-Control-FR,ia,0.27,0-350 MS.,,0.42,0.16,1.59,0.59,-0.59
2-Control-FR,ia,0.46,350-750 MS.,,0.62,0.16,1.34,0.34,-0.34
2-Control-FR,ia,0.09,0-350 MS.,,0.22,0.13,2.49,1.49,-1.49
2-Control-FR,ia,0.33,0-350 MS.,,0.16,-0.17,0.48,-0.52,0.52
2-Control-FR,ia,0.52,350-750 MS.,,0.35,-0.17,0.67,-0.33,0.33
2-Control-FR,ia,0.04,0-350 MS.,,0.14,0.11,3.9,2.9,-2.9
2-Control-FR,ia,0.1,0-350 MS.,,0.18,0.08,1.8,0.8,-0.8
2-Control-FR,ia,0.04,0-350 MS.,,0.13,0.09,3.24,2.24,-2.24
2-Control-FR,mae,0.86,750-1100 MS.,,0.19,-0.67,0.22,-0.78,0.78
2-Control-FR,mae,0.2,0-350 MS.,,0.06,-0.14,0.31,-0.69,0.69
2-Control-FR,mae,0.94,750-1100 MS.,,0.38,-0.55,0.41,-0.59,0.59
2-Control-FR,mae,0.96,750-1100 MS.,,0.5,-0.46,0.53,-0.47,0.47
2-Control-FR,mae,0.86,750-1100 MS.,,0.55,-0.31,0.64,-0.36,0.36
2-Control-FR,mae,0.3,0-350 MS.,,0.25,-0.06,0.82,-0.18,0.18
2-Control-FR,mae,1.04,750-1100 MS.,,0.74,-0.29,0.72,-0.28,0.28
2-Control-FR,mae,0.65,350-750 MS.,,0.34,-0.31,0.53,-0.47,0.47
2-Control-FR,mae,1.02,750-1100 MS.,,0.56,-0.46,0.55,-0.45,0.45
2-Control-FR,mae,0.2,0-350 MS.,,0.18,-0.03,0.87,-0.13,0.13
2-Control-FR,mae,0.62,350-750 MS.,,0.59,-0.03,0.95,-0.05,0.05
2-Control-FR,mae,0.04,0-350 MS.,,0.09,0.05,2.23,1.23,-1.23
2-Control-FR,mae,0.66,350-750 MS.,,0.63,-0.03,0.96,-0.04,0.04
2-Control-FR,mae,0.31,0-350 MS.,,0.5,0.2,1.64,0.64,-0.64
2-Control-FR,mae,0.9,750-1100 MS.,,0.77,-0.13,0.86,-0.14,0.14
2-Control-FR,mae,0.33,0-350 MS.,,0.43,0.1,1.3,0.3,-0.3
2-Control-FR,mae,0.52,350-750 MS.,,0.48,-0.04,0.92,-0.08,0.08
2-Control-FR,mae,0.1,0-350 MS.,,0.06,-0.04,0.57,-0.43,0.43
2-Control-FR,mae,0.14,0-350 MS.,,0.2,0.06,1.48,0.48,-0.48
2-Control-FR,mae,0.95,750-1100 MS.,,0.77,-0.18,0.81,-0.19,0.19
2-Control-FR,mae,0.91,750-1100 MS.,,0.78,-0.13,0.86,-0.14,0.14
2-Control-FR,mae,0.1,0-350 MS.,,0.08,-0.02,0.78,-0.22,0.22
2-Control-FR,mae,0.5,350-750 MS.,,0.51,0.02,1.03,0.03,-0.03
2-Control-FR,mae,0.95,750-1100 MS.,,0.69,-0.26,0.73,-0.27,0.27
2-Control-FR,mae,0.66,350-750 MS.,,0.5,-0.16,0.76,-0.24,0.24
2-Control-FR,mae,1.06,750-1100 MS.,,0.82,-0.24,0.77,-0.23,0.23
2-Control-FR,mae,1.08,750-1100 MS.,,0.88,-0.2,0.81,-0.19,0.19
2-Control-FR,mae,0.04,0-350 MS.,,0.06,0.02,1.52,0.52,-0.52
2-Control-FR,mae,0.86,750-1100 MS.,,0.82,-0.05,0.95,-0.05,0.05
2-Control-FR,mae,0.39,350-750 MS.,,0.59,0.2,1.52,0.52,-0.52
2-Control-FR,mae,0.51,350-750 MS.,,0.7,0.19,1.37,0.37,-0.37
2-Control-FR,mae,0.13,0-350 MS.,,0.14,0.01,1.07,0.07,-0.07
2-Control-FR,mae,1.01,750-1100 MS.,,0.82,-0.19,0.81,-0.19,0.19
2-Control-FR,mae,0.13,0-350 MS.,,0.1,-0.02,0.83,-0.17,0.17
2-Control-FR,mae,0.29,0-350 MS.,,0.11,-0.18,0.39,-0.61,0.61
2-Control-FR,mae,0.41,350-750 MS.,,0.38,-0.02,0.94,-0.06,0.06
2-Control-FR,mae,0.09,0-350 MS.,,0.07,-0.02,0.8,-0.2,0.2
2-Control-FR,mae,0.04,0-350 MS.,,0.06,0.03,1.72,0.72,-0.72
2-Control-FR,mae,0.19,0-350 MS.,,0.24,0.05,1.25,0.25,-0.25
2-Control-FR,mae,0.3,0-350 MS.,,0.35,0.06,1.19,0.19,-0.19
2-Control-FR,mae,0.08,0-350 MS.,,0.06,-0.01,0.81,-0.19,0.19
2-Control-FR,mae,0.58,350-750 MS.,,0.55,-0.03,0.95,-0.05,0.05
2-Control-FR,mae,0.64,350-750 MS.,,0.62,-0.02,0.98,-0.02,0.02
2-Control-FR,mae,0.93,750-1100 MS.,,0.89,-0.04,0.96,-0.04,0.04
2-Control-FR,mae,0.46,350-750 MS.,,0.51,0.05,1.11,0.11,-0.11
2-Control-FR,mae,0.8,750-1100 MS.,,0.71,-0.09,0.89,-0.11,0.11
2-Control-FR,mae,1.09,750-1100 MS.,,0.86,-0.23,0.79,-0.21,0.21
2-Control-FR,mae,0.1,0-350 MS.,,0.09,-0.01,0.9,-0.1,0.1
2-Control-FR,mae,0.27,0-350 MS.,,0.07,-0.19,0.27,-0.73,0.73
2-Control-FR,mae,0.39,350-750 MS.,,0.57,0.18,1.45,0.45,-0.45
2-Control-FR,ot,0.46,350-750 MS.,,0.44,-0.02,0.95,-0.05,0.05
2-Control-FR,ot,0.9,750-1100 MS.,,0.68,-0.22,0.76,-0.24,0.24
2-Control-FR,ot,0.1,0-350 MS.,,0.18,0.09,1.88,0.88,-0.88
2-Control-FR,ot,0.93,750-1100 MS.,,0.66,-0.26,0.72,-0.28,0.28
2-Control-FR,ot,0.1,0-350 MS.,,0.27,0.17,2.77,1.77,-1.77
2-Control-FR,ot,0.94,750-1100 MS.,,0.78,-0.16,0.83,-0.17,0.17
2-Control-FR,ot,1.09,750-1100 MS.,,1,-0.09,0.92,-0.08,0.08
2-Control-FR,ot,0.14,0-350 MS.,,0.34,0.21,2.54,1.54,-1.54
2-Control-FR,ot,0.66,350-750 MS.,,0.58,-0.08,0.87,-0.13,0.13
2-Control-FR,ot,1.02,750-1100 MS.,,0.76,-0.26,0.75,-0.25,0.25
2-Control-FR,ot,0.3,0-350 MS.,,0.49,0.19,1.64,0.64,-0.64
2-Control-FR,ot,0.2,0-350 MS.,,0.27,0.07,1.34,0.34,-0.34
2-Control-FR,ot,0.5,350-750 MS.,,0.27,-0.22,0.55,-0.45,0.45
2-Control-FR,ot,0.27,0-350 MS.,,0.21,-0.06,0.78,-0.22,0.22
2-Control-FR,ot,0.1,0-350 MS.,,0.12,0.02,1.17,0.17,-0.17
2-Control-FR,ot,0.09,0-350 MS.,,0.11,0.02,1.24,0.24,-0.24
2-Control-FR,ot,0.64,350-750 MS.,,0.67,0.03,1.05,0.05,-0.05
2-Control-FR,ot,0.13,0-350 MS.,,0.21,0.08,1.66,0.66,-0.66
2-Control-FR,ot,0.19,0-350 MS.,,0.25,0.06,1.29,0.29,-0.29
2-Control-FR,ot,0.08,0-350 MS.,,0.18,0.11,2.34,1.34,-1.34
2-Control-FR,ot,1.01,750-1100 MS.,,0.47,-0.53,0.47,-0.53,0.53
2-Control-FR,ot,0.31,0-350 MS.,,0.27,-0.04,0.88,-0.12,0.12
2-Control-FR,ot,0.96,750-1100 MS.,,0.74,-0.22,0.78,-0.22,0.22
2-Control-FR,ot,0.33,0-350 MS.,,0.24,-0.09,0.72,-0.28,0.28
2-Control-FR,ot,0.29,0-350 MS.,,0.25,-0.04,0.86,-0.14,0.14
2-Control-FR,ot,0.3,0-350 MS.,,0.3,0,1,0,0
2-Control-FR,ot,0.39,350-750 MS.,,0.41,0.02,1.05,0.05,-0.05
2-Control-FR,ot,0.86,750-1100 MS.,,0.58,-0.27,0.68,-0.32,0.32
2-Control-FR,ot,0.2,0-350 MS.,,0.25,0.05,1.22,0.22,-0.22
2-Control-FR,ot,0.39,350-750 MS.,,0.28,-0.11,0.71,-0.29,0.29
2-Control-FR,ot,1.08,750-1100 MS.,,0.66,-0.43,0.61,-0.39,0.39
2-Control-FR,ot,0.04,0-350 MS.,,0.14,0.11,3.9,2.9,-2.9
2-Control-FR,ot,0.52,350-750 MS.,,0.1,-0.42,0.2,-0.8,0.8
2-Control-FR,ot,0.8,750-1100 MS.,,0.33,-0.47,0.41,-0.59,0.59
2-Control-FR,ot,0.91,750-1100 MS.,,0.37,-0.54,0.4,-0.6,0.6
2-Control-FR,ot,0.13,0-350 MS.,,0.14,0.01,1.07,0.07,-0.07
2-Control-FR,ot,0.95,750-1100 MS.,,0.67,-0.28,0.71,-0.29,0.29
2-Control-FR,ot,0.51,350-750 MS.,,0.28,-0.23,0.55,-0.45,0.45
2-Control-FR,ot,0.86,750-1100 MS.,,0.38,-0.49,0.44,-0.56,0.56
2-Control-FR,ot,0.95,750-1100 MS.,,0.46,-0.48,0.49,-0.51,0.51
2-Control-FR,ot,0.65,350-750 MS.,,0.32,-0.33,0.49,-0.51,0.51
2-Control-FR,ot,0.04,0-350 MS.,,0.1,0.07,2.79,1.79,-1.79
2-Control-FR,ot,0.41,350-750 MS.,,0.27,-0.14,0.67,-0.33,0.33
2-Control-FR,ot,0.86,750-1100 MS.,,0.34,-0.52,0.4,-0.6,0.6
2-Control-FR,ot,0.04,0-350 MS.,,0.34,0.3,8.71,7.71,-7.71
2-Control-FR,ot,0.58,350-750 MS.,,0.35,-0.23,0.6,-0.4,0.4
2-Control-FR,ot,1.04,750-1100 MS.,,0.36,-0.68,0.35,-0.65,0.65
2-Control-FR,ot,0.62,350-750 MS.,,0.33,-0.29,0.53,-0.47,0.47
2-Control-FR,ot,0.66,350-750 MS.,,0.33,-0.33,0.5,-0.5,0.5
2-Control-FR,ot,1.06,750-1100 MS.,,0.35,-0.71,0.33,-0.67,0.67
3-Prediction-FF,ad,0.55,550 MS.,TRUE,0.39,-0.16,0.71,-0.29,0.29
3-Prediction-FF,ad,0.55,550 MS.,FALSE,0.42,-0.13,0.76,-0.24,0.24
3-Prediction-FF,ad,0.55,550 MS.,TRUE,0.38,-0.17,0.68,-0.32,0.32
3-Prediction-FF,ad,0.55,550 MS.,TRUE,0.37,-0.18,0.67,-0.33,0.33
3-Prediction-FF,ad,0.55,550 MS.,TRUE,0.39,-0.16,0.71,-0.29,0.29
3-Prediction-FF,ad,0.55,550 MS.,TRUE,0.52,-0.03,0.95,-0.05,0.05
3-Prediction-FF,ad,0.55,550 MS.,FALSE,0.47,-0.08,0.86,-0.14,0.14
3-Prediction-FF,ad,0.55,550 MS.,TRUE,0.51,-0.04,0.93,-0.07,0.07
3-Prediction-FF,ad,0.55,550 MS.,TRUE,0.58,0.03,1.06,0.06,-0.06
3-Prediction-FF,ad,0.55,550 MS.,TRUE,0.44,-0.11,0.8,-0.2,0.2
3-Prediction-FF,ad,0.55,550 MS.,FALSE,0.3,-0.25,0.54,-0.46,0.46
3-Prediction-FF,ad,0.55,550 MS.,TRUE,0.27,-0.28,0.49,-0.51,0.51
3-Prediction-FF,ad,0.55,550 MS.,FALSE,0.27,-0.28,0.49,-0.51,0.51
3-Prediction-FF,ad,0.55,550 MS.,FALSE,0.23,-0.32,0.42,-0.58,0.58
3-Prediction-FF,ad,0.55,550 MS.,TRUE,0.27,-0.28,0.49,-0.51,0.51
3-Prediction-FF,ad,0.55,550 MS.,FALSE,0.21,-0.34,0.38,-0.62,0.62
3-Prediction-FF,ad,0.55,550 MS.,TRUE,0.26,-0.29,0.47,-0.53,0.53
3-Prediction-FF,ad,0.55,550 MS.,FALSE,0.37,-0.18,0.67,-0.33,0.33
3-Prediction-FF,ad,0.55,550 MS.,FALSE,0.37,-0.18,0.67,-0.33,0.33
3-Prediction-FF,ad,0.55,550 MS.,FALSE,0.4,-0.15,0.73,-0.27,0.27
3-Prediction-FF,ad,0.55,550 MS.,FALSE,0.46,-0.09,0.83,-0.17,0.17
3-Prediction-FF,ad,0.55,550 MS.,FALSE,0.38,-0.17,0.7,-0.3,0.3
3-Prediction-FF,ad,0.55,550 MS.,FALSE,0.34,-0.21,0.61,-0.39,0.39
3-Prediction-FF,ad,0.55,550 MS.,TRUE,0.23,-0.32,0.42,-0.58,0.58
3-Prediction-FF,ad,0.55,550 MS.,FALSE,0.22,-0.33,0.39,-0.61,0.61
3-Prediction-FF,ad,0.55,550 MS.,FALSE,0.25,-0.3,0.45,-0.55,0.55
3-Prediction-FF,ad,0.55,550 MS.,FALSE,0.41,-0.14,0.74,-0.26,0.26
3-Prediction-FF,ad,0.55,550 MS.,TRUE,0.43,-0.12,0.79,-0.21,0.21
3-Prediction-FF,ad,0.55,550 MS.,FALSE,0.46,-0.09,0.83,-0.17,0.17
3-Prediction-FF,ad,0.55,550 MS.,FALSE,0.3,-0.25,0.55,-0.45,0.45
3-Prediction-FF,ad,0.55,550 MS.,FALSE,0.32,-0.23,0.58,-0.42,0.42
3-Prediction-FF,ad,0.55,550 MS.,FALSE,0.3,-0.25,0.55,-0.45,0.45
3-Prediction-FF,ad,0.55,550 MS.,FALSE,0.35,-0.2,0.64,-0.36,0.36
3-Prediction-FF,ad,0.55,550 MS.,TRUE,0.38,-0.17,0.7,-0.3,0.3
3-Prediction-FF,ad,0.55,550 MS.,FALSE,0.39,-0.16,0.71,-0.29,0.29
3-Prediction-FF,ad,0.55,550 MS.,TRUE,0.54,-0.01,0.99,-0.01,0.01
3-Prediction-FF,ad,0.55,550 MS.,FALSE,0.35,-0.2,0.64,-0.36,0.36
3-Prediction-FF,ad,0.55,550 MS.,TRUE,0.34,-0.21,0.61,-0.39,0.39
3-Prediction-FF,ad,0.55,550 MS.,TRUE,0.38,-0.17,0.68,-0.32,0.32
3-Prediction-FF,ad,0.55,550 MS.,FALSE,0.35,-0.2,0.64,-0.36,0.36
3-Prediction-FF,ad,0.55,550 MS.,FALSE,0.34,-0.21,0.61,-0.39,0.39
3-Prediction-FF,ad,0.55,550 MS.,TRUE,0.31,-0.24,0.57,-0.43,0.43
3-Prediction-FF,ad,0.55,550 MS.,FALSE,0.47,-0.08,0.86,-0.14,0.14
3-Prediction-FF,ad,0.55,550 MS.,FALSE,0.41,-0.14,0.74,-0.26,0.26
3-Prediction-FF,ad,0.55,550 MS.,FALSE,0.58,0.03,1.05,0.05,-0.05
3-Prediction-FF,ad,0.55,550 MS.,TRUE,0.61,0.06,1.11,0.11,-0.11
3-Prediction-FF,ad,0.55,550 MS.,FALSE,0.5,-0.05,0.9,-0.1,0.1
3-Prediction-FF,ad,0.55,550 MS.,TRUE,0.38,-0.17,0.68,-0.32,0.32
3-Prediction-FF,ad,0.55,550 MS.,TRUE,0.23,-0.32,0.42,-0.58,0.58
3-Prediction-FF,ad,0.55,550 MS.,FALSE,0.23,-0.32,0.42,-0.58,0.58
3-Prediction-FF,ag,0.55,550 MS.,FALSE,0.39,-0.16,0.71,-0.29,0.29
3-Prediction-FF,ag,0.55,550 MS.,TRUE,0.47,-0.08,0.86,-0.14,0.14
3-Prediction-FF,ag,0.55,550 MS.,TRUE,0.44,-0.11,0.8,-0.2,0.2
3-Prediction-FF,ag,0.55,550 MS.,TRUE,0.5,-0.05,0.92,-0.08,0.08
3-Prediction-FF,ag,0.55,550 MS.,FALSE,0.49,-0.06,0.89,-0.11,0.11
3-Prediction-FF,ag,0.55,550 MS.,FALSE,0.58,0.03,1.06,0.06,-0.06
3-Prediction-FF,ag,0.55,550 MS.,TRUE,0.59,0.04,1.08,0.08,-0.08
3-Prediction-FF,ag,0.55,550 MS.,TRUE,0.72,0.17,1.31,0.31,-0.31
3-Prediction-FF,ag,0.55,550 MS.,TRUE,0.45,-0.1,0.81,-0.19,0.19
3-Prediction-FF,ag,0.55,550 MS.,FALSE,0.52,-0.03,0.95,-0.05,0.05
3-Prediction-FF,ag,0.55,550 MS.,TRUE,0.5,-0.05,0.9,-0.1,0.1
3-Prediction-FF,ag,0.55,550 MS.,TRUE,0.57,0.02,1.03,0.03,-0.03
3-Prediction-FF,ag,0.55,550 MS.,TRUE,0.74,0.19,1.35,0.35,-0.35
3-Prediction-FF,ag,0.55,550 MS.,FALSE,0.59,0.04,1.08,0.08,-0.08
3-Prediction-FF,ag,0.55,550 MS.,FALSE,0.58,0.03,1.05,0.05,-0.05
3-Prediction-FF,ag,0.55,550 MS.,TRUE,0.58,0.03,1.06,0.06,-0.06
3-Prediction-FF,ag,0.55,550 MS.,FALSE,0.42,-0.13,0.77,-0.23,0.23
3-Prediction-FF,ag,0.55,550 MS.,TRUE,0.5,-0.05,0.92,-0.08,0.08
3-Prediction-FF,ag,0.55,550 MS.,FALSE,0.51,-0.04,0.93,-0.07,0.07
3-Prediction-FF,ag,0.55,550 MS.,TRUE,0.56,0.01,1.02,0.02,-0.02
3-Prediction-FF,ag,0.55,550 MS.,FALSE,0.43,-0.12,0.79,-0.21,0.21
3-Prediction-FF,ag,0.55,550 MS.,TRUE,0.46,-0.09,0.84,-0.16,0.16
3-Prediction-FF,ag,0.55,550 MS.,FALSE,0.62,0.07,1.12,0.12,-0.12
3-Prediction-FF,ag,0.55,550 MS.,TRUE,0.56,0.01,1.02,0.02,-0.02
3-Prediction-FF,ag,0.55,550 MS.,TRUE,0.55,0,1,0,0
3-Prediction-FF,ag,0.55,550 MS.,FALSE,0.54,-0.01,0.99,-0.01,0.01
3-Prediction-FF,ag,0.55,550 MS.,TRUE,0.65,0.1,1.18,0.18,-0.18
3-Prediction-FF,ag,0.55,550 MS.,TRUE,0.58,0.03,1.06,0.06,-0.06
3-Prediction-FF,ag,0.55,550 MS.,TRUE,0.55,0,1,0,0
3-Prediction-FF,ag,0.55,550 MS.,FALSE,0.62,0.07,1.13,0.13,-0.13
3-Prediction-FF,ag,0.55,550 MS.,FALSE,0.52,-0.03,0.95,-0.05,0.05
3-Prediction-FF,ag,0.55,550 MS.,FALSE,0.54,-0.01,0.99,-0.01,0.01
3-Prediction-FF,ag,0.55,550 MS.,TRUE,0.48,-0.07,0.87,-0.13,0.13
3-Prediction-FF,ag,0.55,550 MS.,FALSE,0.6,0.05,1.09,0.09,-0.09
3-Prediction-FF,ag,0.55,550 MS.,FALSE,0.63,0.08,1.15,0.15,-0.15
3-Prediction-FF,ag,0.55,550 MS.,TRUE,0.66,0.11,1.21,0.21,-0.21
3-Prediction-FF,ag,0.55,550 MS.,FALSE,0.62,0.07,1.13,0.13,-0.13
3-Prediction-FF,ag,0.55,550 MS.,FALSE,0.63,0.08,1.15,0.15,-0.15
3-Prediction-FF,ag,0.55,550 MS.,FALSE,0.59,0.04,1.08,0.08,-0.08
3-Prediction-FF,ag,0.55,550 MS.,FALSE,0.54,-0.01,0.97,-0.03,0.03
3-Prediction-FF,ag,0.55,550 MS.,TRUE,0.58,0.03,1.05,0.05,-0.05
3-Prediction-FF,ag,0.55,550 MS.,FALSE,0.65,0.1,1.18,0.18,-0.18
3-Prediction-FF,ag,0.55,550 MS.,TRUE,0.6,0.05,1.09,0.09,-0.09
3-Prediction-FF,ag,0.55,550 MS.,FALSE,0.49,-0.06,0.89,-0.11,0.11
3-Prediction-FF,ag,0.55,550 MS.,TRUE,0.54,-0.01,0.99,-0.01,0.01
3-Prediction-FF,ag,0.55,550 MS.,FALSE,0.54,-0.01,0.97,-0.03,0.03
3-Prediction-FF,ag,0.55,550 MS.,FALSE,0.58,0.03,1.06,0.06,-0.06
3-Prediction-FF,ag,0.55,550 MS.,FALSE,0.6,0.05,1.09,0.09,-0.09
3-Prediction-FF,ag,0.55,550 MS.,FALSE,0.6,0.05,1.09,0.09,-0.09
3-Prediction-FF,ag,0.55,550 MS.,FALSE,0.56,0.01,1.02,0.02,-0.02
3-Prediction-FF,bs,0.55,550 MS.,FALSE,0.54,-0.01,0.99,-0.01,0.01
3-Prediction-FF,bs,0.55,550 MS.,FALSE,0.56,0.01,1.02,0.02,-0.02
3-Prediction-FF,bs,0.55,550 MS.,TRUE,0.76,0.21,1.38,0.38,-0.38
3-Prediction-FF,bs,0.55,550 MS.,TRUE,0.69,0.14,1.25,0.25,-0.25
3-Prediction-FF,bs,0.55,550 MS.,FALSE,0.7,0.15,1.28,0.28,-0.28
3-Prediction-FF,bs,0.55,550 MS.,FALSE,0.74,0.19,1.34,0.34,-0.34
3-Prediction-FF,bs,0.55,550 MS.,TRUE,0.54,-0.01,0.99,-0.01,0.01
3-Prediction-FF,bs,0.55,550 MS.,FALSE,0.54,-0.01,0.99,-0.01,0.01
3-Prediction-FF,bs,0.55,550 MS.,TRUE,0.56,0.01,1.02,0.02,-0.02
3-Prediction-FF,bs,0.55,550 MS.,FALSE,0.54,-0.01,0.99,-0.01,0.01
3-Prediction-FF,bs,0.55,550 MS.,FALSE,0.66,0.11,1.19,0.19,-0.19
3-Prediction-FF,bs,0.55,550 MS.,TRUE,0.71,0.16,1.29,0.29,-0.29
3-Prediction-FF,bs,0.55,550 MS.,TRUE,0.66,0.11,1.21,0.21,-0.21
3-Prediction-FF,bs,0.55,550 MS.,TRUE,0.77,0.22,1.4,0.4,-0.4
3-Prediction-FF,bs,0.55,550 MS.,TRUE,0.82,0.27,1.5,0.5,-0.5
3-Prediction-FF,bs,0.55,550 MS.,TRUE,0.55,0,1,0,0
3-Prediction-FF,bs,0.55,550 MS.,FALSE,0.78,0.23,1.43,0.43,-0.43
3-Prediction-FF,bs,0.55,550 MS.,TRUE,0.7,0.15,1.27,0.27,-0.27
3-Prediction-FF,bs,0.55,550 MS.,TRUE,0.84,0.29,1.53,0.53,-0.53
3-Prediction-FF,bs,0.55,550 MS.,TRUE,0.73,0.18,1.32,0.32,-0.32
3-Prediction-FF,bs,0.55,550 MS.,TRUE,0.83,0.28,1.51,0.51,-0.51
3-Prediction-FF,bs,0.55,550 MS.,FALSE,0.78,0.23,1.41,0.41,-0.41
3-Prediction-FF,bs,0.55,550 MS.,TRUE,0.79,0.24,1.44,0.44,-0.44
3-Prediction-FF,bs,0.55,550 MS.,TRUE,0.62,0.07,1.12,0.12,-0.12
3-Prediction-FF,bs,0.55,550 MS.,FALSE,0.5,-0.05,0.92,-0.08,0.08
3-Prediction-FF,bs,0.55,550 MS.,TRUE,0.38,-0.17,0.68,-0.32,0.32
3-Prediction-FF,bs,0.55,550 MS.,FALSE,0.55,0,1,0,0
3-Prediction-FF,bs,0.55,550 MS.,FALSE,0.78,0.23,1.41,0.41,-0.41
3-Prediction-FF,bs,0.55,550 MS.,FALSE,0.68,0.13,1.24,0.24,-0.24
3-Prediction-FF,bs,0.55,550 MS.,TRUE,0.79,0.24,1.44,0.44,-0.44
3-Prediction-FF,bs,0.55,550 MS.,TRUE,0.77,0.22,1.4,0.4,-0.4
3-Prediction-FF,bs,0.55,550 MS.,FALSE,0.78,0.23,1.43,0.43,-0.43
3-Prediction-FF,bs,0.55,550 MS.,FALSE,0.55,0,1,0,0
3-Prediction-FF,bs,0.55,550 MS.,TRUE,0.79,0.24,1.44,0.44,-0.44
3-Prediction-FF,bs,0.55,550 MS.,TRUE,0.81,0.26,1.47,0.47,-0.47
3-Prediction-FF,bs,0.55,550 MS.,FALSE,0.83,0.28,1.51,0.51,-0.51
3-Prediction-FF,bs,0.55,550 MS.,TRUE,0.54,-0.01,0.99,-0.01,0.01
3-Prediction-FF,bs,0.55,550 MS.,TRUE,0.58,0.03,1.05,0.05,-0.05
3-Prediction-FF,bs,0.55,550 MS.,FALSE,0.61,0.06,1.11,0.11,-0.11
3-Prediction-FF,bs,0.55,550 MS.,TRUE,0.69,0.14,1.25,0.25,-0.25
3-Prediction-FF,bs,0.55,550 MS.,TRUE,0.68,0.13,1.24,0.24,-0.24
3-Prediction-FF,bs,0.55,550 MS.,TRUE,0.46,-0.09,0.84,-0.16,0.16
3-Prediction-FF,bs,0.55,550 MS.,TRUE,0.57,0.02,1.03,0.03,-0.03
3-Prediction-FF,bs,0.55,550 MS.,FALSE,0.62,0.07,1.13,0.13,-0.13
3-Prediction-FF,bs,0.55,550 MS.,FALSE,0.66,0.11,1.19,0.19,-0.19
3-Prediction-FF,bs,0.55,550 MS.,TRUE,0.7,0.15,1.28,0.28,-0.28
3-Prediction-FF,bs,0.55,550 MS.,FALSE,0.46,-0.09,0.83,-0.17,0.17
3-Prediction-FF,bs,0.55,550 MS.,TRUE,0.58,0.03,1.05,0.05,-0.05
3-Prediction-FF,bs,0.55,550 MS.,FALSE,0.58,0.03,1.05,0.05,-0.05
3-Prediction-FF,bs,0.55,550 MS.,FALSE,0.66,0.11,1.21,0.21,-0.21
3-Prediction-FF,bt,0.55,550 MS.,TRUE,0.58,0.03,1.06,0.06,-0.06
3-Prediction-FF,bt,0.55,550 MS.,TRUE,0.42,-0.13,0.76,-0.24,0.24
3-Prediction-FF,bt,0.55,550 MS.,TRUE,0.6,0.05,1.09,0.09,-0.09
3-Prediction-FF,bt,0.55,550 MS.,FALSE,0.5,-0.05,0.92,-0.08,0.08
3-Prediction-FF,bt,0.55,550 MS.,FALSE,0.62,0.07,1.13,0.13,-0.13
3-Prediction-FF,bt,0.55,550 MS.,FALSE,0.66,0.11,1.21,0.21,-0.21
3-Prediction-FF,bt,0.55,550 MS.,FALSE,0.62,0.07,1.12,0.12,-0.12
3-Prediction-FF,bt,0.55,550 MS.,TRUE,0.38,-0.17,0.68,-0.32,0.32
3-Prediction-FF,bt,0.55,550 MS.,TRUE,0.58,0.03,1.05,0.05,-0.05
3-Prediction-FF,bt,0.55,550 MS.,TRUE,0.46,-0.09,0.83,-0.17,0.17
3-Prediction-FF,bt,0.55,550 MS.,TRUE,0.42,-0.13,0.77,-0.23,0.23
3-Prediction-FF,bt,0.55,550 MS.,FALSE,0.57,0.02,1.03,0.03,-0.03
3-Prediction-FF,bt,0.55,550 MS.,TRUE,0.58,0.03,1.05,0.05,-0.05
3-Prediction-FF,bt,0.55,550 MS.,TRUE,0.38,-0.17,0.7,-0.3,0.3
3-Prediction-FF,bt,0.55,550 MS.,FALSE,0.62,0.07,1.13,0.13,-0.13
3-Prediction-FF,bt,0.55,550 MS.,TRUE,0.48,-0.07,0.87,-0.13,0.13
3-Prediction-FF,bt,0.55,550 MS.,TRUE,0.42,-0.13,0.76,-0.24,0.24
3-Prediction-FF,bt,0.55,550 MS.,TRUE,0.48,-0.07,0.87,-0.13,0.13
3-Prediction-FF,bt,0.55,550 MS.,FALSE,0.58,0.03,1.05,0.05,-0.05
3-Prediction-FF,bt,0.55,550 MS.,TRUE,0.52,-0.03,0.95,-0.05,0.05
3-Prediction-FF,bt,0.55,550 MS.,TRUE,0.56,0.01,1.02,0.02,-0.02
3-Prediction-FF,bt,0.55,550 MS.,FALSE,0.62,0.07,1.12,0.12,-0.12
3-Prediction-FF,bt,0.55,550 MS.,TRUE,0.62,0.07,1.13,0.13,-0.13
3-Prediction-FF,bt,0.55,550 MS.,TRUE,0.7,0.15,1.27,0.27,-0.27
3-Prediction-FF,bt,0.55,550 MS.,FALSE,0.79,0.24,1.44,0.44,-0.44
3-Prediction-FF,bt,0.55,550 MS.,TRUE,0.62,0.07,1.12,0.12,-0.12
3-Prediction-FF,bt,0.55,550 MS.,TRUE,0.56,0.01,1.02,0.02,-0.02
3-Prediction-FF,bt,0.55,550 MS.,TRUE,0.41,-0.14,0.74,-0.26,0.26
3-Prediction-FF,bt,0.55,550 MS.,TRUE,0.49,-0.06,0.89,-0.11,0.11
3-Prediction-FF,bt,0.55,550 MS.,TRUE,0.67,0.12,1.22,0.22,-0.22
3-Prediction-FF,bt,0.55,550 MS.,TRUE,0.47,-0.08,0.86,-0.14,0.14
3-Prediction-FF,bt,0.55,550 MS.,TRUE,0.47,-0.08,0.86,-0.14,0.14
3-Prediction-FF,bt,0.55,550 MS.,TRUE,0.55,0,1,0,0
3-Prediction-FF,bt,0.55,550 MS.,TRUE,0.48,-0.07,0.87,-0.13,0.13
3-Prediction-FF,bt,0.55,550 MS.,TRUE,0.56,0.01,1.02,0.02,-0.02
3-Prediction-FF,bt,0.55,550 MS.,TRUE,0.71,0.16,1.29,0.29,-0.29
3-Prediction-FF,bt,0.55,550 MS.,TRUE,0.55,0,1,0,0
3-Prediction-FF,bt,0.55,550 MS.,FALSE,0.5,-0.05,0.92,-0.08,0.08
3-Prediction-FF,bt,0.55,550 MS.,FALSE,0.66,0.11,1.21,0.21,-0.21
3-Prediction-FF,bt,0.55,550 MS.,TRUE,0.51,-0.04,0.93,-0.07,0.07
3-Prediction-FF,bt,0.55,550 MS.,FALSE,0.5,-0.05,0.92,-0.08,0.08
3-Prediction-FF,bt,0.55,550 MS.,TRUE,0.75,0.2,1.37,0.37,-0.37
3-Prediction-FF,bt,0.55,550 MS.,FALSE,0.49,-0.06,0.89,-0.11,0.11
3-Prediction-FF,bt,0.55,550 MS.,TRUE,0.66,0.11,1.21,0.21,-0.21
3-Prediction-FF,bt,0.55,550 MS.,FALSE,0.69,0.14,1.25,0.25,-0.25
3-Prediction-FF,bt,0.55,550 MS.,TRUE,0.66,0.11,1.19,0.19,-0.19
3-Prediction-FF,bt,0.55,550 MS.,FALSE,0.84,0.29,1.53,0.53,-0.53
3-Prediction-FF,bt,0.55,550 MS.,TRUE,0.74,0.19,1.35,0.35,-0.35
3-Prediction-FF,bt,0.55,550 MS.,FALSE,0.74,0.19,1.35,0.35,-0.35
3-Prediction-FF,bt,0.55,550 MS.,FALSE,0.7,0.15,1.27,0.27,-0.27
3-Prediction-FF,dt,0.55,550 MS.,FALSE,0.42,-0.13,0.77,-0.23,0.23
3-Prediction-FF,dt,0.55,550 MS.,TRUE,0.28,-0.27,0.51,-0.49,0.49
3-Prediction-FF,dt,0.55,550 MS.,TRUE,0.3,-0.25,0.55,-0.45,0.45
3-Prediction-FF,dt,0.55,550 MS.,TRUE,0.34,-0.21,0.63,-0.37,0.37
3-Prediction-FF,dt,0.55,550 MS.,TRUE,0.41,-0.14,0.74,-0.26,0.26
3-Prediction-FF,dt,0.55,550 MS.,TRUE,0.41,-0.14,0.74,-0.26,0.26
3-Prediction-FF,dt,0.55,550 MS.,TRUE,0.38,-0.17,0.68,-0.32,0.32
3-Prediction-FF,dt,0.55,550 MS.,TRUE,0.41,-0.14,0.74,-0.26,0.26
3-Prediction-FF,dt,0.55,550 MS.,FALSE,0.44,-0.11,0.8,-0.2,0.2
3-Prediction-FF,dt,0.55,550 MS.,TRUE,0.39,-0.16,0.71,-0.29,0.29
3-Prediction-FF,dt,0.55,550 MS.,TRUE,0.36,-0.19,0.65,-0.35,0.35
3-Prediction-FF,dt,0.55,550 MS.,FALSE,0.31,-0.24,0.57,-0.43,0.43
3-Prediction-FF,dt,0.55,550 MS.,TRUE,0.38,-0.17,0.7,-0.3,0.3
3-Prediction-FF,dt,0.55,550 MS.,TRUE,0.38,-0.17,0.68,-0.32,0.32
3-Prediction-FF,dt,0.55,550 MS.,TRUE,0.33,-0.22,0.6,-0.4,0.4
3-Prediction-FF,dt,0.55,550 MS.,TRUE,0.49,-0.06,0.89,-0.11,0.11
3-Prediction-FF,dt,0.55,550 MS.,TRUE,0.35,-0.2,0.64,-0.36,0.36
3-Prediction-FF,dt,0.55,550 MS.,FALSE,0.3,-0.25,0.55,-0.45,0.45
3-Prediction-FF,dt,0.55,550 MS.,FALSE,0.31,-0.24,0.57,-0.43,0.43
3-Prediction-FF,dt,0.55,550 MS.,TRUE,0.32,-0.23,0.58,-0.42,0.42
3-Prediction-FF,dt,0.55,550 MS.,FALSE,0.38,-0.17,0.7,-0.3,0.3
3-Prediction-FF,dt,0.55,550 MS.,FALSE,0.42,-0.13,0.77,-0.23,0.23
3-Prediction-FF,dt,0.55,550 MS.,TRUE,0.33,-0.22,0.6,-0.4,0.4
3-Prediction-FF,dt,0.55,550 MS.,FALSE,0.35,-0.2,0.64,-0.36,0.36
3-Prediction-FF,dt,0.55,550 MS.,TRUE,0.37,-0.18,0.67,-0.33,0.33
3-Prediction-FF,dt,0.55,550 MS.,TRUE,0.23,-0.32,0.42,-0.58,0.58
3-Prediction-FF,dt,0.55,550 MS.,TRUE,0.39,-0.16,0.71,-0.29,0.29
3-Prediction-FF,dt,0.55,550 MS.,TRUE,0.29,-0.26,0.52,-0.48,0.48
3-Prediction-FF,dt,0.55,550 MS.,FALSE,0.38,-0.17,0.68,-0.32,0.32
3-Prediction-FF,dt,0.55,550 MS.,TRUE,0.22,-0.33,0.41,-0.59,0.59
3-Prediction-FF,dt,0.55,550 MS.,TRUE,0.29,-0.26,0.52,-0.48,0.48
3-Prediction-FF,dt,0.55,550 MS.,TRUE,0.27,-0.28,0.49,-0.51,0.51
3-Prediction-FF,dt,0.55,550 MS.,TRUE,0.24,-0.31,0.44,-0.56,0.56
3-Prediction-FF,dt,0.55,550 MS.,TRUE,0.35,-0.2,0.64,-0.36,0.36
3-Prediction-FF,dt,0.55,550 MS.,TRUE,0.3,-0.25,0.54,-0.46,0.46
3-Prediction-FF,dt,0.55,550 MS.,TRUE,0.3,-0.25,0.54,-0.46,0.46
3-Prediction-FF,dt,0.55,550 MS.,TRUE,0.35,-0.2,0.64,-0.36,0.36
3-Prediction-FF,dt,0.55,550 MS.,FALSE,0.32,-0.23,0.58,-0.42,0.42
3-Prediction-FF,dt,0.55,550 MS.,FALSE,0.3,-0.25,0.54,-0.46,0.46
3-Prediction-FF,dt,0.55,550 MS.,TRUE,0.3,-0.25,0.55,-0.45,0.45
3-Prediction-FF,dt,0.55,550 MS.,TRUE,0.34,-0.21,0.61,-0.39,0.39
3-Prediction-FF,dt,0.55,550 MS.,FALSE,0.35,-0.2,0.64,-0.36,0.36
3-Prediction-FF,dt,0.55,550 MS.,TRUE,0.34,-0.21,0.63,-0.37,0.37
3-Prediction-FF,dt,0.55,550 MS.,TRUE,0.35,-0.2,0.64,-0.36,0.36
3-Prediction-FF,dt,0.55,550 MS.,TRUE,0.38,-0.17,0.68,-0.32,0.32
3-Prediction-FF,dt,0.55,550 MS.,TRUE,0.32,-0.23,0.58,-0.42,0.42
3-Prediction-FF,dt,0.55,550 MS.,FALSE,0.36,-0.19,0.65,-0.35,0.35
3-Prediction-FF,dt,0.55,550 MS.,TRUE,0.25,-0.3,0.45,-0.55,0.55
3-Prediction-FF,dt,0.55,550 MS.,FALSE,0.3,-0.25,0.55,-0.45,0.45
3-Prediction-FF,dt,0.55,550 MS.,FALSE,0.44,-0.11,0.8,-0.2,0.2
3-Prediction-FF,hc,0.55,550 MS.,TRUE,0.37,-0.18,0.67,-0.33,0.33
3-Prediction-FF,hc,0.55,550 MS.,FALSE,0.39,-0.16,0.71,-0.29,0.29
3-Prediction-FF,hc,0.55,550 MS.,TRUE,0.31,-0.24,0.57,-0.43,0.43
3-Prediction-FF,hc,0.55,550 MS.,TRUE,0.36,-0.19,0.65,-0.35,0.35
3-Prediction-FF,hc,0.55,550 MS.,TRUE,0.38,-0.17,0.68,-0.32,0.32
3-Prediction-FF,hc,0.55,550 MS.,TRUE,0.37,-0.18,0.67,-0.33,0.33
3-Prediction-FF,hc,0.55,550 MS.,TRUE,0.36,-0.19,0.65,-0.35,0.35
3-Prediction-FF,hc,0.55,550 MS.,FALSE,0.4,-0.15,0.73,-0.27,0.27
3-Prediction-FF,hc,0.55,550 MS.,TRUE,0.39,-0.16,0.71,-0.29,0.29
3-Prediction-FF,hc,0.55,550 MS.,TRUE,0.37,-0.18,0.67,-0.33,0.33
3-Prediction-FF,hc,0.55,550 MS.,TRUE,0.44,-0.11,0.8,-0.2,0.2
3-Prediction-FF,hc,0.55,550 MS.,FALSE,0.41,-0.14,0.74,-0.26,0.26
3-Prediction-FF,hc,0.55,550 MS.,TRUE,0.39,-0.16,0.71,-0.29,0.29
3-Prediction-FF,hc,0.55,550 MS.,FALSE,0.48,-0.07,0.87,-0.13,0.13
3-Prediction-FF,hc,0.55,550 MS.,TRUE,0.43,-0.12,0.79,-0.21,0.21
3-Prediction-FF,hc,0.55,550 MS.,FALSE,0.5,-0.05,0.9,-0.1,0.1
3-Prediction-FF,hc,0.55,550 MS.,TRUE,0.54,-0.01,0.97,-0.03,0.03
3-Prediction-FF,hc,0.55,550 MS.,TRUE,0.49,-0.06,0.89,-0.11,0.11
3-Prediction-FF,hc,0.55,550 MS.,TRUE,0.5,-0.05,0.92,-0.08,0.08
3-Prediction-FF,hc,0.55,550 MS.,FALSE,0.53,-0.02,0.96,-0.04,0.04
3-Prediction-FF,hc,0.55,550 MS.,TRUE,0.52,-0.03,0.95,-0.05,0.05
3-Prediction-FF,hc,0.55,550 MS.,TRUE,0.5,-0.05,0.9,-0.1,0.1
3-Prediction-FF,hc,0.55,550 MS.,TRUE,0.65,0.1,1.18,0.18,-0.18
3-Prediction-FF,hc,0.55,550 MS.,FALSE,0.57,0.02,1.03,0.03,-0.03
3-Prediction-FF,hc,0.55,550 MS.,FALSE,0.56,0.01,1.02,0.02,-0.02
3-Prediction-FF,hc,0.55,550 MS.,TRUE,0.55,0,1,0,0
3-Prediction-FF,hc,0.55,550 MS.,TRUE,0.62,0.07,1.13,0.13,-0.13
3-Prediction-FF,hc,0.55,550 MS.,FALSE,0.61,0.06,1.11,0.11,-0.11
3-Prediction-FF,hc,0.55,550 MS.,FALSE,0.47,-0.08,0.86,-0.14,0.14
3-Prediction-FF,hc,0.55,550 MS.,TRUE,0.46,-0.09,0.84,-0.16,0.16
3-Prediction-FF,hc,0.55,550 MS.,TRUE,0.58,0.03,1.05,0.05,-0.05
3-Prediction-FF,hc,0.55,550 MS.,TRUE,0.52,-0.03,0.95,-0.05,0.05
3-Prediction-FF,hc,0.55,550 MS.,TRUE,0.54,-0.01,0.99,-0.01,0.01
3-Prediction-FF,hc,0.55,550 MS.,FALSE,0.53,-0.02,0.96,-0.04,0.04
3-Prediction-FF,hc,0.55,550 MS.,FALSE,0.56,0.01,1.02,0.02,-0.02
3-Prediction-FF,hc,0.55,550 MS.,FALSE,0.54,-0.01,0.97,-0.03,0.03
3-Prediction-FF,hc,0.55,550 MS.,FALSE,0.58,0.03,1.06,0.06,-0.06
3-Prediction-FF,hc,0.55,550 MS.,TRUE,0.51,-0.04,0.93,-0.07,0.07
3-Prediction-FF,hc,0.55,550 MS.,FALSE,0.33,-0.22,0.6,-0.4,0.4
3-Prediction-FF,hc,0.55,550 MS.,TRUE,0.5,-0.05,0.92,-0.08,0.08
3-Prediction-FF,hc,0.55,550 MS.,TRUE,0.5,-0.05,0.9,-0.1,0.1
3-Prediction-FF,hc,0.55,550 MS.,TRUE,0.46,-0.09,0.83,-0.17,0.17
3-Prediction-FF,hc,0.55,550 MS.,FALSE,0.42,-0.13,0.76,-0.24,0.24
3-Prediction-FF,hc,0.55,550 MS.,FALSE,0.47,-0.08,0.86,-0.14,0.14
3-Prediction-FF,hc,0.55,550 MS.,FALSE,0.58,0.03,1.06,0.06,-0.06
3-Prediction-FF,hc,0.55,550 MS.,FALSE,0.48,-0.07,0.87,-0.13,0.13
3-Prediction-FF,hc,0.55,550 MS.,FALSE,0.44,-0.11,0.8,-0.2,0.2
3-Prediction-FF,hc,0.55,550 MS.,FALSE,0.46,-0.09,0.84,-0.16,0.16
3-Prediction-FF,hc,0.55,550 MS.,TRUE,0.5,-0.05,0.9,-0.1,0.1
3-Prediction-FF,hc,0.55,550 MS.,FALSE,0.45,-0.1,0.81,-0.19,0.19
3-Prediction-FF,ho,0.55,550 MS.,TRUE,0.46,-0.09,0.83,-0.17,0.17
3-Prediction-FF,ho,0.55,550 MS.,TRUE,0.52,-0.03,0.95,-0.05,0.05
3-Prediction-FF,ho,0.55,550 MS.,FALSE,0.56,0.01,1.02,0.02,-0.02
3-Prediction-FF,ho,0.55,550 MS.,TRUE,0.58,0.03,1.06,0.06,-0.06
3-Prediction-FF,ho,0.55,550 MS.,FALSE,0.54,-0.01,0.97,-0.03,0.03
3-Prediction-FF,ho,0.55,550 MS.,TRUE,0.54,-0.01,0.99,-0.01,0.01
3-Prediction-FF,ho,0.55,550 MS.,FALSE,0.54,-0.01,0.99,-0.01,0.01
3-Prediction-FF,ho,0.55,550 MS.,TRUE,0.58,0.03,1.05,0.05,-0.05
3-Prediction-FF,ho,0.55,550 MS.,FALSE,0.54,-0.01,0.99,-0.01,0.01
3-Prediction-FF,ho,0.55,550 MS.,TRUE,0.5,-0.05,0.9,-0.1,0.1
3-Prediction-FF,ho,0.55,550 MS.,FALSE,0.61,0.06,1.11,0.11,-0.11
3-Prediction-FF,ho,0.55,550 MS.,TRUE,0.55,0,1,0,0
3-Prediction-FF,ho,0.55,550 MS.,TRUE,0.54,-0.01,0.97,-0.03,0.03
3-Prediction-FF,ho,0.55,550 MS.,FALSE,0.62,0.07,1.12,0.12,-0.12
3-Prediction-FF,ho,0.55,550 MS.,FALSE,0.58,0.03,1.05,0.05,-0.05
3-Prediction-FF,ho,0.55,550 MS.,FALSE,0.51,-0.04,0.93,-0.07,0.07
3-Prediction-FF,ho,0.55,550 MS.,FALSE,0.49,-0.06,0.89,-0.11,0.11
3-Prediction-FF,ho,0.55,550 MS.,FALSE,0.62,0.07,1.13,0.13,-0.13
3-Prediction-FF,ho,0.55,550 MS.,TRUE,0.52,-0.03,0.95,-0.05,0.05
3-Prediction-FF,ho,0.55,550 MS.,TRUE,0.54,-0.01,0.97,-0.03,0.03
3-Prediction-FF,ho,0.55,550 MS.,FALSE,0.58,0.03,1.06,0.06,-0.06
3-Prediction-FF,ho,0.55,550 MS.,TRUE,0.58,0.03,1.06,0.06,-0.06
3-Prediction-FF,ho,0.55,550 MS.,FALSE,0.63,0.08,1.15,0.15,-0.15
3-Prediction-FF,ho,0.55,550 MS.,FALSE,0.62,0.07,1.12,0.12,-0.12
3-Prediction-FF,ho,0.55,550 MS.,TRUE,0.58,0.03,1.05,0.05,-0.05
3-Prediction-FF,ho,0.55,550 MS.,FALSE,0.53,-0.02,0.96,-0.04,0.04
3-Prediction-FF,ho,0.55,550 MS.,TRUE,0.5,-0.05,0.92,-0.08,0.08
3-Prediction-FF,ho,0.55,550 MS.,TRUE,0.6,0.05,1.09,0.09,-0.09
3-Prediction-FF,ho,0.55,550 MS.,FALSE,0.5,-0.05,0.9,-0.1,0.1
3-Prediction-FF,ho,0.55,550 MS.,TRUE,0.54,-0.01,0.99,-0.01,0.01
3-Prediction-FF,ho,0.55,550 MS.,TRUE,0.53,-0.02,0.96,-0.04,0.04
3-Prediction-FF,ho,0.55,550 MS.,TRUE,0.55,0,1,0,0
3-Prediction-FF,ho,0.55,550 MS.,FALSE,0.58,0.03,1.06,0.06,-0.06
3-Prediction-FF,ho,0.55,550 MS.,FALSE,0.62,0.07,1.12,0.12,-0.12
3-Prediction-FF,ho,0.55,550 MS.,FALSE,0.48,-0.07,0.87,-0.13,0.13
3-Prediction-FF,ho,0.55,550 MS.,TRUE,0.58,0.03,1.05,0.05,-0.05
3-Prediction-FF,ho,0.55,550 MS.,TRUE,0.48,-0.07,0.87,-0.13,0.13
3-Prediction-FF,ho,0.55,550 MS.,TRUE,0.5,-0.05,0.92,-0.08,0.08
3-Prediction-FF,ho,0.55,550 MS.,TRUE,0.62,0.07,1.12,0.12,-0.12
3-Prediction-FF,ho,0.55,550 MS.,FALSE,0.54,-0.01,0.99,-0.01,0.01
3-Prediction-FF,ho,0.55,550 MS.,TRUE,0.54,-0.01,0.97,-0.03,0.03
3-Prediction-FF,ho,0.55,550 MS.,FALSE,0.58,0.03,1.05,0.05,-0.05
3-Prediction-FF,ho,0.55,550 MS.,TRUE,0.62,0.07,1.12,0.12,-0.12
3-Prediction-FF,ho,0.55,550 MS.,FALSE,0.7,0.15,1.28,0.28,-0.28
3-Prediction-FF,ho,0.55,550 MS.,FALSE,0.71,0.16,1.29,0.29,-0.29
3-Prediction-FF,ho,0.55,550 MS.,TRUE,0.66,0.11,1.19,0.19,-0.19
3-Prediction-FF,ho,0.55,550 MS.,FALSE,0.71,0.16,1.29,0.29,-0.29
3-Prediction-FF,ho,0.55,550 MS.,TRUE,0.47,-0.08,0.86,-0.14,0.14
3-Prediction-FF,ho,0.55,550 MS.,TRUE,0.45,-0.1,0.81,-0.19,0.19
3-Prediction-FF,ho,0.55,550 MS.,TRUE,0.53,-0.02,0.96,-0.04,0.04
3-Prediction-FF,ia,0.55,550 MS.,FALSE,0.39,-0.16,0.71,-0.29,0.29
3-Prediction-FF,ia,0.55,550 MS.,TRUE,0.54,-0.01,0.97,-0.03,0.03
3-Prediction-FF,ia,0.55,550 MS.,TRUE,0.23,-0.32,0.42,-0.58,0.58
3-Prediction-FF,ia,0.55,550 MS.,TRUE,0.25,-0.3,0.45,-0.55,0.55
3-Prediction-FF,ia,0.55,550 MS.,TRUE,0.65,0.1,1.18,0.18,-0.18
3-Prediction-FF,ia,0.55,550 MS.,FALSE,0.34,-0.21,0.61,-0.39,0.39
3-Prediction-FF,ia,0.55,550 MS.,FALSE,0.76,0.21,1.38,0.38,-0.38
3-Prediction-FF,ia,0.55,550 MS.,TRUE,0.99,0.44,1.8,0.8,-0.8
3-Prediction-FF,ia,0.55,550 MS.,TRUE,0.5,-0.05,0.92,-0.08,0.08
3-Prediction-FF,ia,0.55,550 MS.,TRUE,0.34,-0.21,0.61,-0.39,0.39
3-Prediction-FF,ia,0.55,550 MS.,TRUE,0.57,0.02,1.03,0.03,-0.03
3-Prediction-FF,ia,0.55,550 MS.,FALSE,0.17,-0.38,0.31,-0.69,0.69
3-Prediction-FF,ia,0.55,550 MS.,TRUE,0.54,-0.01,0.99,-0.01,0.01
3-Prediction-FF,ia,0.55,550 MS.,TRUE,0.4,-0.15,0.73,-0.27,0.27
3-Prediction-FF,ia,0.55,550 MS.,TRUE,0.5,-0.05,0.92,-0.08,0.08
3-Prediction-FF,ia,0.55,550 MS.,TRUE,0.23,-0.32,0.42,-0.58,0.58
3-Prediction-FF,ia,0.55,550 MS.,FALSE,0.23,-0.32,0.42,-0.58,0.58
3-Prediction-FF,ia,0.55,550 MS.,FALSE,0.64,0.09,1.16,0.16,-0.16
3-Prediction-FF,ia,0.55,550 MS.,FALSE,0.63,0.08,1.15,0.15,-0.15
3-Prediction-FF,ia,0.55,550 MS.,TRUE,0.29,-0.26,0.52,-0.48,0.48
3-Prediction-FF,ia,0.55,550 MS.,FALSE,0.53,-0.02,0.96,-0.04,0.04
3-Prediction-FF,ia,0.55,550 MS.,FALSE,0.22,-0.33,0.39,-0.61,0.61
3-Prediction-FF,ia,0.55,550 MS.,FALSE,0.34,-0.21,0.63,-0.37,0.37
3-Prediction-FF,ia,0.55,550 MS.,TRUE,0.29,-0.26,0.52,-0.48,0.48
3-Prediction-FF,ia,0.55,550 MS.,TRUE,0.38,-0.17,0.7,-0.3,0.3
3-Prediction-FF,ia,0.55,550 MS.,FALSE,0.19,-0.36,0.35,-0.65,0.65
3-Prediction-FF,ia,0.55,550 MS.,FALSE,0.44,-0.11,0.8,-0.2,0.2
3-Prediction-FF,ia,0.55,550 MS.,TRUE,0.42,-0.13,0.77,-0.23,0.23
3-Prediction-FF,ia,0.55,550 MS.,TRUE,0.5,-0.05,0.9,-0.1,0.1
3-Prediction-FF,ia,0.55,550 MS.,TRUE,1.02,0.47,1.86,0.86,-0.86
3-Prediction-FF,ia,0.55,550 MS.,FALSE,0.45,-0.1,0.81,-0.19,0.19
3-Prediction-FF,ia,0.55,550 MS.,TRUE,0.82,0.27,1.5,0.5,-0.5
3-Prediction-FF,ia,0.55,550 MS.,FALSE,0.74,0.19,1.35,0.35,-0.35
3-Prediction-FF,ia,0.55,550 MS.,TRUE,0.38,-0.17,0.7,-0.3,0.3
3-Prediction-FF,ia,0.55,550 MS.,FALSE,0.42,-0.13,0.77,-0.23,0.23
3-Prediction-FF,ia,0.55,550 MS.,FALSE,0.45,-0.1,0.81,-0.19,0.19
3-Prediction-FF,ia,0.55,550 MS.,TRUE,0.36,-0.19,0.65,-0.35,0.35
3-Prediction-FF,ia,0.55,550 MS.,FALSE,0.48,-0.07,0.87,-0.13,0.13
3-Prediction-FF,ia,0.55,550 MS.,TRUE,0.44,-0.11,0.8,-0.2,0.2
3-Prediction-FF,ia,0.55,550 MS.,FALSE,0.54,-0.01,0.99,-0.01,0.01
3-Prediction-FF,ia,0.55,550 MS.,TRUE,0.54,-0.01,0.99,-0.01,0.01
3-Prediction-FF,ia,0.55,550 MS.,TRUE,0.49,-0.06,0.89,-0.11,0.11
3-Prediction-FF,ia,0.55,550 MS.,FALSE,0.44,-0.11,0.8,-0.2,0.2
3-Prediction-FF,ia,0.55,550 MS.,FALSE,0.58,0.03,1.06,0.06,-0.06
3-Prediction-FF,ia,0.55,550 MS.,FALSE,0.64,0.09,1.16,0.16,-0.16
3-Prediction-FF,ia,0.55,550 MS.,FALSE,0.63,0.08,1.15,0.15,-0.15
3-Prediction-FF,ia,0.55,550 MS.,FALSE,0.55,0,1,0,0
3-Prediction-FF,ia,0.55,550 MS.,TRUE,0.53,-0.02,0.96,-0.04,0.04
3-Prediction-FF,ia,0.55,550 MS.,TRUE,0.84,0.29,1.53,0.53,-0.53
3-Prediction-FF,ia,0.55,550 MS.,FALSE,0.57,0.02,1.03,0.03,-0.03
3-Prediction-FF,mae,0.55,550 MS.,TRUE,0.52,-0.03,0.95,-0.05,0.05
3-Prediction-FF,mae,0.55,550 MS.,TRUE,0.49,-0.06,0.89,-0.11,0.11
3-Prediction-FF,mae,0.55,550 MS.,TRUE,0.54,-0.01,0.99,-0.01,0.01
3-Prediction-FF,mae,0.55,550 MS.,TRUE,0.54,-0.01,0.99,-0.01,0.01
3-Prediction-FF,mae,0.55,550 MS.,FALSE,0.59,0.04,1.08,0.08,-0.08
3-Prediction-FF,mae,0.55,550 MS.,TRUE,0.61,0.06,1.11,0.11,-0.11
3-Prediction-FF,mae,0.55,550 MS.,TRUE,0.63,0.08,1.15,0.15,-0.15
3-Prediction-FF,mae,0.55,550 MS.,FALSE,0.7,0.15,1.28,0.28,-0.28
3-Prediction-FF,mae,0.55,550 MS.,FALSE,0.72,0.17,1.31,0.31,-0.31
3-Prediction-FF,mae,0.55,550 MS.,FALSE,0.71,0.16,1.29,0.29,-0.29
3-Prediction-FF,mae,0.55,550 MS.,FALSE,0.71,0.16,1.29,0.29,-0.29
3-Prediction-FF,mae,0.55,550 MS.,FALSE,0.73,0.18,1.32,0.32,-0.32
3-Prediction-FF,mae,0.55,550 MS.,TRUE,0.73,0.18,1.32,0.32,-0.32
3-Prediction-FF,mae,0.55,550 MS.,FALSE,0.78,0.23,1.43,0.43,-0.43
3-Prediction-FF,mae,0.55,550 MS.,TRUE,0.79,0.24,1.44,0.44,-0.44
3-Prediction-FF,mae,0.55,550 MS.,FALSE,0.68,0.13,1.24,0.24,-0.24
3-Prediction-FF,mae,0.55,550 MS.,TRUE,0.65,0.1,1.18,0.18,-0.18
3-Prediction-FF,mae,0.55,550 MS.,FALSE,0.61,0.06,1.11,0.11,-0.11
3-Prediction-FF,mae,0.55,550 MS.,FALSE,0.63,0.08,1.15,0.15,-0.15
3-Prediction-FF,mae,0.55,550 MS.,FALSE,0.68,0.13,1.24,0.24,-0.24
3-Prediction-FF,mae,0.55,550 MS.,TRUE,0.62,0.07,1.13,0.13,-0.13
3-Prediction-FF,mae,0.55,550 MS.,FALSE,0.64,0.09,1.16,0.16,-0.16
3-Prediction-FF,mae,0.55,550 MS.,TRUE,0.65,0.1,1.18,0.18,-0.18
3-Prediction-FF,mae,0.55,550 MS.,FALSE,0.77,0.22,1.4,0.4,-0.4
3-Prediction-FF,mae,0.55,550 MS.,FALSE,0.7,0.15,1.27,0.27,-0.27
3-Prediction-FF,mae,0.55,550 MS.,TRUE,0.67,0.12,1.22,0.22,-0.22
3-Prediction-FF,mae,0.55,550 MS.,FALSE,0.71,0.16,1.29,0.29,-0.29
3-Prediction-FF,mae,0.55,550 MS.,TRUE,0.7,0.15,1.27,0.27,-0.27
3-Prediction-FF,mae,0.55,550 MS.,FALSE,0.66,0.11,1.21,0.21,-0.21
3-Prediction-FF,mae,0.55,550 MS.,FALSE,0.72,0.17,1.31,0.31,-0.31
3-Prediction-FF,mae,0.55,550 MS.,FALSE,0.74,0.19,1.35,0.35,-0.35
3-Prediction-FF,mae,0.55,550 MS.,TRUE,0.71,0.16,1.29,0.29,-0.29
3-Prediction-FF,mae,0.55,550 MS.,FALSE,0.64,0.09,1.16,0.16,-0.16
3-Prediction-FF,mae,0.55,550 MS.,FALSE,0.66,0.11,1.19,0.19,-0.19
3-Prediction-FF,mae,0.55,550 MS.,FALSE,0.7,0.15,1.27,0.27,-0.27
3-Prediction-FF,mae,0.55,550 MS.,FALSE,0.73,0.18,1.32,0.32,-0.32
3-Prediction-FF,mae,0.55,550 MS.,FALSE,0.76,0.21,1.38,0.38,-0.38
3-Prediction-FF,mae,0.55,550 MS.,TRUE,0.72,0.17,1.31,0.31,-0.31
3-Prediction-FF,mae,0.55,550 MS.,FALSE,0.74,0.19,1.34,0.34,-0.34
3-Prediction-FF,mae,0.55,550 MS.,TRUE,0.73,0.18,1.32,0.32,-0.32
3-Prediction-FF,mae,0.55,550 MS.,TRUE,0.77,0.22,1.4,0.4,-0.4
3-Prediction-FF,mae,0.55,550 MS.,FALSE,0.75,0.2,1.37,0.37,-0.37
3-Prediction-FF,mae,0.55,550 MS.,TRUE,0.73,0.18,1.32,0.32,-0.32
3-Prediction-FF,mae,0.55,550 MS.,FALSE,0.73,0.18,1.32,0.32,-0.32
3-Prediction-FF,mae,0.55,550 MS.,FALSE,0.74,0.19,1.34,0.34,-0.34
3-Prediction-FF,mae,0.55,550 MS.,TRUE,0.82,0.27,1.48,0.48,-0.48
3-Prediction-FF,mae,0.55,550 MS.,FALSE,0.81,0.26,1.47,0.47,-0.47
3-Prediction-FF,mae,0.55,550 MS.,FALSE,0.81,0.26,1.47,0.47,-0.47
3-Prediction-FF,mae,0.55,550 MS.,TRUE,0.82,0.27,1.48,0.48,-0.48
3-Prediction-FF,mae,0.55,550 MS.,TRUE,0.71,0.16,1.29,0.29,-0.29
3-Prediction-FF,ot,0.55,550 MS.,TRUE,0.51,-0.04,0.93,-0.07,0.07
3-Prediction-FF,ot,0.55,550 MS.,TRUE,0.6,0.05,1.09,0.09,-0.09
3-Prediction-FF,ot,0.55,550 MS.,TRUE,0.54,-0.01,0.99,-0.01,0.01
3-Prediction-FF,ot,0.55,550 MS.,TRUE,0.44,-0.11,0.8,-0.2,0.2
3-Prediction-FF,ot,0.55,550 MS.,TRUE,0.56,0.01,1.02,0.02,-0.02
3-Prediction-FF,ot,0.55,550 MS.,FALSE,0.4,-0.15,0.73,-0.27,0.27
3-Prediction-FF,ot,0.55,550 MS.,FALSE,0.34,-0.21,0.61,-0.39,0.39
3-Prediction-FF,ot,0.55,550 MS.,FALSE,0.44,-0.11,0.8,-0.2,0.2
3-Prediction-FF,ot,0.55,550 MS.,TRUE,0.7,0.15,1.28,0.28,-0.28
3-Prediction-FF,ot,0.55,550 MS.,TRUE,0.48,-0.07,0.87,-0.13,0.13
3-Prediction-FF,ot,0.55,550 MS.,TRUE,0.58,0.03,1.06,0.06,-0.06
3-Prediction-FF,ot,0.55,550 MS.,FALSE,0.51,-0.04,0.93,-0.07,0.07
3-Prediction-FF,ot,0.55,550 MS.,FALSE,0.51,-0.04,0.93,-0.07,0.07
3-Prediction-FF,ot,0.55,550 MS.,FALSE,0.48,-0.07,0.87,-0.13,0.13
3-Prediction-FF,ot,0.55,550 MS.,TRUE,0.49,-0.06,0.89,-0.11,0.11
3-Prediction-FF,ot,0.55,550 MS.,TRUE,0.41,-0.14,0.74,-0.26,0.26
3-Prediction-FF,ot,0.55,550 MS.,FALSE,0.44,-0.11,0.8,-0.2,0.2
3-Prediction-FF,ot,0.55,550 MS.,FALSE,0.46,-0.09,0.84,-0.16,0.16
3-Prediction-FF,ot,0.55,550 MS.,FALSE,0.34,-0.21,0.61,-0.39,0.39
3-Prediction-FF,ot,0.55,550 MS.,FALSE,0.37,-0.18,0.67,-0.33,0.33
3-Prediction-FF,ot,0.55,550 MS.,FALSE,0.39,-0.16,0.71,-0.29,0.29
3-Prediction-FF,ot,0.55,550 MS.,TRUE,0.46,-0.09,0.83,-0.17,0.17
3-Prediction-FF,ot,0.55,550 MS.,FALSE,0.46,-0.09,0.83,-0.17,0.17
3-Prediction-FF,ot,0.55,550 MS.,TRUE,0.42,-0.13,0.77,-0.23,0.23
3-Prediction-FF,ot,0.55,550 MS.,TRUE,0.47,-0.08,0.86,-0.14,0.14
3-Prediction-FF,ot,0.55,550 MS.,TRUE,0.45,-0.1,0.81,-0.19,0.19
3-Prediction-FF,ot,0.55,550 MS.,TRUE,0.58,0.03,1.05,0.05,-0.05
3-Prediction-FF,ot,0.55,550 MS.,TRUE,0.54,-0.01,0.97,-0.03,0.03
3-Prediction-FF,ot,0.55,550 MS.,TRUE,0.47,-0.08,0.86,-0.14,0.14
3-Prediction-FF,ot,0.55,550 MS.,TRUE,0.46,-0.09,0.84,-0.16,0.16
3-Prediction-FF,ot,0.55,550 MS.,FALSE,0.52,-0.03,0.95,-0.05,0.05
3-Prediction-FF,ot,0.55,550 MS.,TRUE,0.58,0.03,1.05,0.05,-0.05
3-Prediction-FF,ot,0.55,550 MS.,TRUE,0.5,-0.05,0.9,-0.1,0.1
3-Prediction-FF,ot,0.55,550 MS.,FALSE,0.51,-0.04,0.93,-0.07,0.07
3-Prediction-FF,ot,0.55,550 MS.,TRUE,0.5,-0.05,0.92,-0.08,0.08
3-Prediction-FF,ot,0.55,550 MS.,TRUE,0.42,-0.13,0.76,-0.24,0.24
3-Prediction-FF,ot,0.55,550 MS.,TRUE,0.47,-0.08,0.86,-0.14,0.14
3-Prediction-FF,ot,0.55,550 MS.,FALSE,0.42,-0.13,0.76,-0.24,0.24
3-Prediction-FF,ot,0.55,550 MS.,TRUE,0.48,-0.07,0.87,-0.13,0.13
3-Prediction-FF,ot,0.55,550 MS.,TRUE,0.45,-0.1,0.81,-0.19,0.19
3-Prediction-FF,ot,0.55,550 MS.,TRUE,0.42,-0.13,0.77,-0.23,0.23
3-Prediction-FF,ot,0.55,550 MS.,TRUE,0.4,-0.15,0.73,-0.27,0.27
3-Prediction-FF,ot,0.55,550 MS.,FALSE,0.47,-0.08,0.86,-0.14,0.14
3-Prediction-FF,ot,0.55,550 MS.,TRUE,0.42,-0.13,0.76,-0.24,0.24
3-Prediction-FF,ot,0.55,550 MS.,TRUE,0.46,-0.09,0.83,-0.17,0.17
3-Prediction-FF,ot,0.55,550 MS.,FALSE,0.53,-0.02,0.96,-0.04,0.04
3-Prediction-FF,ot,0.55,550 MS.,FALSE,0.46,-0.09,0.84,-0.16,0.16
3-Prediction-FF,ot,0.55,550 MS.,FALSE,0.46,-0.09,0.83,-0.17,0.17
3-Prediction-FF,ot,0.55,550 MS.,TRUE,0.51,-0.04,0.93,-0.07,0.07
3-Prediction-FF,ot,0.55,550 MS.,TRUE,0.62,0.07,1.12,0.12,-0.12
4-Motor-RF,ad,0.55,550 MS.,FALSE,0.4,-0.15,0.73,-0.27,0.27
4-Motor-RF,ad,0.55,550 MS.,TRUE,0.24,-0.31,0.44,-0.56,0.56
4-Motor-RF,ad,0.55,550 MS.,FALSE,0.32,-0.23,0.58,-0.42,0.42
4-Motor-RF,ad,0.55,550 MS.,FALSE,0.28,-0.27,0.51,-0.49,0.49
4-Motor-RF,ad,0.55,550 MS.,FALSE,0.32,-0.23,0.58,-0.42,0.42
4-Motor-RF,ad,0.55,550 MS.,FALSE,0.3,-0.25,0.54,-0.46,0.46
4-Motor-RF,ad,0.55,550 MS.,FALSE,0.26,-0.29,0.47,-0.53,0.53
4-Motor-RF,ad,0.55,550 MS.,FALSE,0.26,-0.29,0.47,-0.53,0.53
4-Motor-RF,ad,0.55,550 MS.,FALSE,0.27,-0.28,0.49,-0.51,0.51
4-Motor-RF,ad,0.55,550 MS.,TRUE,0.27,-0.28,0.49,-0.51,0.51
4-Motor-RF,ad,0.55,550 MS.,FALSE,0.21,-0.34,0.38,-0.62,0.62
4-Motor-RF,ad,0.55,550 MS.,TRUE,0.22,-0.33,0.39,-0.61,0.61
4-Motor-RF,ad,0.55,550 MS.,TRUE,0.25,-0.3,0.45,-0.55,0.55
4-Motor-RF,ad,0.55,550 MS.,TRUE,0.22,-0.33,0.41,-0.59,0.59
4-Motor-RF,ad,0.55,550 MS.,TRUE,0.26,-0.29,0.47,-0.53,0.53
4-Motor-RF,ad,0.55,550 MS.,TRUE,0.26,-0.29,0.47,-0.53,0.53
4-Motor-RF,ad,0.55,550 MS.,FALSE,0.19,-0.36,0.35,-0.65,0.65
4-Motor-RF,ad,0.55,550 MS.,FALSE,0.26,-0.29,0.47,-0.53,0.53
4-Motor-RF,ad,0.55,550 MS.,TRUE,0.22,-0.33,0.41,-0.59,0.59
4-Motor-RF,ad,0.55,550 MS.,TRUE,0.26,-0.29,0.47,-0.53,0.53
4-Motor-RF,ad,0.55,550 MS.,FALSE,0.22,-0.33,0.39,-0.61,0.61
4-Motor-RF,ad,0.55,550 MS.,FALSE,0.31,-0.24,0.57,-0.43,0.43
4-Motor-RF,ad,0.55,550 MS.,FALSE,0.25,-0.3,0.45,-0.55,0.55
4-Motor-RF,ad,0.55,550 MS.,FALSE,0.25,-0.3,0.45,-0.55,0.55
4-Motor-RF,ad,0.55,550 MS.,FALSE,0.36,-0.19,0.65,-0.35,0.35
4-Motor-RF,ad,0.55,550 MS.,FALSE,0.34,-0.21,0.63,-0.37,0.37
4-Motor-RF,ad,0.55,550 MS.,TRUE,0.26,-0.29,0.48,-0.52,0.52
4-Motor-RF,ad,0.55,550 MS.,TRUE,0.3,-0.25,0.54,-0.46,0.46
4-Motor-RF,ad,0.55,550 MS.,TRUE,0.24,-0.31,0.44,-0.56,0.56
4-Motor-RF,ad,0.55,550 MS.,TRUE,0.24,-0.31,0.44,-0.56,0.56
4-Motor-RF,ad,0.55,550 MS.,FALSE,0.23,-0.32,0.42,-0.58,0.58
4-Motor-RF,ad,0.55,550 MS.,TRUE,0.26,-0.29,0.47,-0.53,0.53
4-Motor-RF,ad,0.55,550 MS.,FALSE,0.29,-0.26,0.52,-0.48,0.48
4-Motor-RF,ad,0.55,550 MS.,TRUE,0.25,-0.3,0.45,-0.55,0.55
4-Motor-RF,ad,0.55,550 MS.,TRUE,0.23,-0.32,0.42,-0.58,0.58
4-Motor-RF,ad,0.55,550 MS.,TRUE,0.3,-0.25,0.54,-0.46,0.46
4-Motor-RF,ad,0.55,550 MS.,TRUE,0.28,-0.27,0.51,-0.49,0.49
4-Motor-RF,ad,0.55,550 MS.,FALSE,0.26,-0.29,0.47,-0.53,0.53
4-Motor-RF,ad,0.55,550 MS.,FALSE,0.25,-0.3,0.45,-0.55,0.55
4-Motor-RF,ad,0.55,550 MS.,FALSE,0.24,-0.31,0.44,-0.56,0.56
4-Motor-RF,ad,0.55,550 MS.,TRUE,0.22,-0.33,0.39,-0.61,0.61
4-Motor-RF,ad,0.55,550 MS.,TRUE,0.22,-0.33,0.41,-0.59,0.59
4-Motor-RF,ad,0.55,550 MS.,FALSE,0.22,-0.33,0.41,-0.59,0.59
4-Motor-RF,ad,0.55,550 MS.,FALSE,0.18,-0.37,0.33,-0.67,0.67
4-Motor-RF,ad,0.55,550 MS.,FALSE,0.22,-0.33,0.39,-0.61,0.61
4-Motor-RF,ad,0.55,550 MS.,TRUE,0.22,-0.33,0.41,-0.59,0.59
4-Motor-RF,ad,0.55,550 MS.,TRUE,0.21,-0.34,0.38,-0.62,0.62
4-Motor-RF,ad,0.55,550 MS.,TRUE,0.24,-0.31,0.44,-0.56,0.56
4-Motor-RF,ad,0.55,550 MS.,FALSE,0.22,-0.33,0.39,-0.61,0.61
4-Motor-RF,ad,0.55,550 MS.,TRUE,0.16,-0.39,0.29,-0.71,0.71
4-Motor-RF,ag,0.55,550 MS.,FALSE,0.31,-0.23,0.58,-0.42,0.42
4-Motor-RF,ag,0.55,550 MS.,TRUE,0.3,-0.3,0.45,-0.55,0.55
4-Motor-RF,ag,0.55,550 MS.,TRUE,0.34,-0.27,0.51,-0.49,0.49
4-Motor-RF,ag,0.55,550 MS.,TRUE,0.32,-0.27,0.51,-0.49,0.49
4-Motor-RF,ag,0.55,550 MS.,TRUE,0.27,-0.23,0.58,-0.42,0.42
4-Motor-RF,ag,0.55,550 MS.,TRUE,0.33,-0.22,0.6,-0.4,0.4
4-Motor-RF,ag,0.55,550 MS.,TRUE,0.3,-0.26,0.52,-0.48,0.48
4-Motor-RF,ag,0.55,550 MS.,TRUE,0.31,-0.25,0.55,-0.45,0.45
4-Motor-RF,ag,0.55,550 MS.,FALSE,0.34,-0.25,0.54,-0.46,0.46
4-Motor-RF,ag,0.55,550 MS.,TRUE,0.32,-0.16,0.71,-0.29,0.29
4-Motor-RF,ag,0.55,550 MS.,TRUE,0.32,-0.25,0.55,-0.45,0.45
4-Motor-RF,ag,0.55,550 MS.,TRUE,0.32,-0.23,0.58,-0.42,0.42
4-Motor-RF,ag,0.55,550 MS.,TRUE,0.29,-0.26,0.52,-0.48,0.48
4-Motor-RF,ag,0.55,550 MS.,FALSE,0.32,-0.17,0.7,-0.3,0.3
4-Motor-RF,ag,0.55,550 MS.,TRUE,0.38,-0.23,0.58,-0.42,0.42
4-Motor-RF,ag,0.55,550 MS.,FALSE,0.26,-0.24,0.57,-0.43,0.43
4-Motor-RF,ag,0.55,550 MS.,TRUE,0.3,-0.17,0.7,-0.3,0.3
4-Motor-RF,ag,0.55,550 MS.,TRUE,0.3,-0.15,0.73,-0.27,0.27
4-Motor-RF,ag,0.55,550 MS.,TRUE,0.28,-0.18,0.67,-0.33,0.33
4-Motor-RF,ag,0.55,550 MS.,TRUE,0.26,-0.23,0.58,-0.42,0.42
4-Motor-RF,ag,0.55,550 MS.,FALSE,0.24,-0.13,0.76,-0.24,0.24
4-Motor-RF,ag,0.55,550 MS.,FALSE,0.24,-0.23,0.58,-0.42,0.42
4-Motor-RF,ag,0.55,550 MS.,FALSE,0.24,-0.17,0.68,-0.32,0.32
4-Motor-RF,ag,0.55,550 MS.,TRUE,0.27,-0.21,0.61,-0.39,0.39
4-Motor-RF,ag,0.55,550 MS.,TRUE,0.3,-0.18,0.67,-0.33,0.33
4-Motor-RF,ag,0.55,550 MS.,FALSE,0.27,-0.19,0.65,-0.35,0.35
4-Motor-RF,ag,0.55,550 MS.,TRUE,0.24,-0.17,0.7,-0.3,0.3
4-Motor-RF,ag,0.55,550 MS.,FALSE,0.26,-0.17,0.68,-0.32,0.32
4-Motor-RF,ag,0.55,550 MS.,TRUE,0.26,-0.17,0.7,-0.3,0.3
4-Motor-RF,ag,0.55,550 MS.,TRUE,0.24,-0.11,0.8,-0.2,0.2
4-Motor-RF,ag,0.55,550 MS.,TRUE,0.3,-0.13,0.77,-0.23,0.23
4-Motor-RF,ag,0.55,550 MS.,TRUE,0.3,-0.14,0.74,-0.26,0.26
4-Motor-RF,ag,0.55,550 MS.,FALSE,0.3,-0.07,0.87,-0.13,0.13
4-Motor-RF,ag,0.55,550 MS.,FALSE,0.38,-0.01,0.99,-0.01,0.01
4-Motor-RF,ag,0.55,550 MS.,FALSE,0.37,-0.13,0.77,-0.23,0.23
4-Motor-RF,ag,0.55,550 MS.,TRUE,0.27,-0.1,0.81,-0.19,0.19
4-Motor-RF,ag,0.55,550 MS.,TRUE,0.22,-0.11,0.8,-0.2,0.2
4-Motor-RF,ag,0.55,550 MS.,TRUE,0.22,-0.1,0.81,-0.19,0.19
4-Motor-RF,ag,0.55,550 MS.,FALSE,0.26,-0.05,0.9,-0.1,0.1
4-Motor-RF,ag,0.55,550 MS.,FALSE,0.27,-0.15,0.73,-0.27,0.27
4-Motor-RF,ag,0.55,550 MS.,FALSE,0.3,-0.16,0.71,-0.29,0.29
4-Motor-RF,ag,0.55,550 MS.,FALSE,0.24,-0.25,0.55,-0.45,0.45
4-Motor-RF,ag,0.55,550 MS.,TRUE,0.34,-0.23,0.58,-0.42,0.42
4-Motor-RF,ag,0.55,550 MS.,FALSE,0.3,-0.21,0.63,-0.37,0.37
4-Motor-RF,ag,0.55,550 MS.,FALSE,0.24,-0.21,0.63,-0.37,0.37
4-Motor-RF,ag,0.55,550 MS.,FALSE,0.2,-0.23,0.58,-0.42,0.42
4-Motor-RF,ag,0.55,550 MS.,FALSE,0.27,-0.13,0.77,-0.23,0.23
4-Motor-RF,ag,0.55,550 MS.,FALSE,0.27,-0.15,0.73,-0.27,0.27
4-Motor-RF,ag,0.55,550 MS.,TRUE,0.25,-0.14,0.74,-0.26,0.26
4-Motor-RF,ag,0.55,550 MS.,FALSE,0.34,-0.15,0.73,-0.27,0.27
4-Motor-RF,bs,0.55,550 MS.,TRUE,0.74,0.19,1.35,0.35,-0.35
4-Motor-RF,bs,0.55,550 MS.,TRUE,0.4,-0.15,0.73,-0.27,0.27
4-Motor-RF,bs,0.55,550 MS.,FALSE,0.46,-0.09,0.84,-0.16,0.16
4-Motor-RF,bs,0.55,550 MS.,FALSE,0.29,-0.26,0.52,-0.48,0.48
4-Motor-RF,bs,0.55,550 MS.,TRUE,0.38,-0.17,0.7,-0.3,0.3
4-Motor-RF,bs,0.55,550 MS.,FALSE,0.38,-0.17,0.68,-0.32,0.32
4-Motor-RF,bs,0.55,550 MS.,TRUE,0.39,-0.16,0.71,-0.29,0.29
4-Motor-RF,bs,0.55,550 MS.,FALSE,0.45,-0.1,0.81,-0.19,0.19
4-Motor-RF,bs,0.55,550 MS.,FALSE,0.48,-0.07,0.87,-0.13,0.13
4-Motor-RF,bs,0.55,550 MS.,TRUE,0.45,-0.1,0.81,-0.19,0.19
4-Motor-RF,bs,0.55,550 MS.,FALSE,0.46,-0.09,0.84,-0.16,0.16
4-Motor-RF,bs,0.55,550 MS.,FALSE,0.46,-0.09,0.84,-0.16,0.16
4-Motor-RF,bs,0.55,550 MS.,FALSE,0.45,-0.1,0.81,-0.19,0.19
4-Motor-RF,bs,0.55,550 MS.,TRUE,0.51,-0.04,0.93,-0.07,0.07
4-Motor-RF,bs,0.55,550 MS.,FALSE,0.46,-0.09,0.84,-0.16,0.16
4-Motor-RF,bs,0.55,550 MS.,FALSE,0.42,-0.13,0.77,-0.23,0.23
4-Motor-RF,bs,0.55,550 MS.,FALSE,0.46,-0.09,0.83,-0.17,0.17
4-Motor-RF,bs,0.55,550 MS.,TRUE,0.4,-0.15,0.73,-0.27,0.27
4-Motor-RF,bs,0.55,550 MS.,TRUE,0.5,-0.05,0.92,-0.08,0.08
4-Motor-RF,bs,0.55,550 MS.,FALSE,0.27,-0.28,0.49,-0.51,0.51
4-Motor-RF,bs,0.55,550 MS.,TRUE,0.27,-0.28,0.49,-0.51,0.51
4-Motor-RF,bs,0.55,550 MS.,TRUE,0.18,-0.37,0.32,-0.68,0.68
4-Motor-RF,bs,0.55,550 MS.,TRUE,0.3,-0.25,0.54,-0.46,0.46
4-Motor-RF,bs,0.55,550 MS.,FALSE,0.23,-0.32,0.42,-0.58,0.58
4-Motor-RF,bs,0.55,550 MS.,TRUE,0.35,-0.2,0.64,-0.36,0.36
4-Motor-RF,bs,0.55,550 MS.,TRUE,0.3,-0.25,0.55,-0.45,0.45
4-Motor-RF,bs,0.55,550 MS.,TRUE,0.3,-0.25,0.54,-0.46,0.46
4-Motor-RF,bs,0.55,550 MS.,TRUE,0.29,-0.26,0.52,-0.48,0.48
4-Motor-RF,bs,0.55,550 MS.,FALSE,0.3,-0.25,0.54,-0.46,0.46
4-Motor-RF,bs,0.55,550 MS.,FALSE,0.38,-0.17,0.68,-0.32,0.32
4-Motor-RF,bs,0.55,550 MS.,FALSE,0.22,-0.33,0.39,-0.61,0.61
4-Motor-RF,bs,0.55,550 MS.,FALSE,0.21,-0.34,0.38,-0.62,0.62
4-Motor-RF,bs,0.55,550 MS.,TRUE,0.21,-0.34,0.38,-0.62,0.62
4-Motor-RF,bs,0.55,550 MS.,TRUE,0.23,-0.32,0.42,-0.58,0.58
4-Motor-RF,bs,0.55,550 MS.,FALSE,0.29,-0.26,0.52,-0.48,0.48
4-Motor-RF,bs,0.55,550 MS.,TRUE,0.23,-0.32,0.42,-0.58,0.58
4-Motor-RF,bs,0.55,550 MS.,FALSE,0.26,-0.29,0.48,-0.52,0.52
4-Motor-RF,bs,0.55,550 MS.,TRUE,0.22,-0.33,0.41,-0.59,0.59
4-Motor-RF,bs,0.55,550 MS.,FALSE,0.29,-0.26,0.52,-0.48,0.48
4-Motor-RF,bs,0.55,550 MS.,FALSE,0.25,-0.3,0.45,-0.55,0.55
4-Motor-RF,bs,0.55,550 MS.,TRUE,0.19,-0.36,0.35,-0.65,0.65
4-Motor-RF,bs,0.55,550 MS.,TRUE,0.26,-0.29,0.47,-0.53,0.53
4-Motor-RF,bs,0.55,550 MS.,FALSE,0.25,-0.3,0.45,-0.55,0.55
4-Motor-RF,bs,0.55,550 MS.,TRUE,0.25,-0.3,0.45,-0.55,0.55
4-Motor-RF,bs,0.55,550 MS.,FALSE,0.26,-0.29,0.47,-0.53,0.53
4-Motor-RF,bs,0.55,550 MS.,TRUE,0.21,-0.34,0.38,-0.62,0.62
4-Motor-RF,bs,0.55,550 MS.,FALSE,0.2,-0.35,0.36,-0.64,0.64
4-Motor-RF,bs,0.55,550 MS.,TRUE,0.22,-0.33,0.39,-0.61,0.61
4-Motor-RF,bs,0.55,550 MS.,FALSE,0.25,-0.3,0.45,-0.55,0.55
4-Motor-RF,bs,0.55,550 MS.,TRUE,0.22,-0.33,0.39,-0.61,0.61
4-Motor-RF,bt,0.55,550 MS.,TRUE,0.5,-0.05,0.92,-0.08,0.08
4-Motor-RF,bt,0.55,550 MS.,TRUE,0.45,-0.1,0.81,-0.19,0.19
4-Motor-RF,bt,0.55,550 MS.,TRUE,0.64,0.09,1.16,0.16,-0.16
4-Motor-RF,bt,0.55,550 MS.,TRUE,0.62,0.07,1.13,0.13,-0.13
4-Motor-RF,bt,0.55,550 MS.,TRUE,0.54,-0.01,0.99,-0.01,0.01
4-Motor-RF,bt,0.55,550 MS.,FALSE,0.74,0.19,1.34,0.34,-0.34
4-Motor-RF,bt,0.55,550 MS.,TRUE,0.53,-0.02,0.96,-0.04,0.04
4-Motor-RF,bt,0.55,550 MS.,TRUE,0.29,-0.26,0.52,-0.48,0.48
4-Motor-RF,bt,0.55,550 MS.,FALSE,0.39,-0.16,0.71,-0.29,0.29
4-Motor-RF,bt,0.55,550 MS.,TRUE,0.42,-0.13,0.77,-0.23,0.23
4-Motor-RF,bt,0.55,550 MS.,FALSE,0.61,0.06,1.11,0.11,-0.11
4-Motor-RF,bt,0.55,550 MS.,FALSE,0.61,0.06,1.11,0.11,-0.11
4-Motor-RF,bt,0.55,550 MS.,TRUE,0.32,-0.23,0.58,-0.42,0.42
4-Motor-RF,bt,0.55,550 MS.,TRUE,0.31,-0.24,0.57,-0.43,0.43
4-Motor-RF,bt,0.55,550 MS.,TRUE,0.35,-0.2,0.64,-0.36,0.36
4-Motor-RF,bt,0.55,550 MS.,TRUE,0.38,-0.17,0.68,-0.32,0.32
4-Motor-RF,bt,0.55,550 MS.,TRUE,0.34,-0.21,0.61,-0.39,0.39
4-Motor-RF,bt,0.55,550 MS.,FALSE,0.33,-0.22,0.6,-0.4,0.4
4-Motor-RF,bt,0.55,550 MS.,TRUE,0.31,-0.24,0.57,-0.43,0.43
4-Motor-RF,bt,0.55,550 MS.,TRUE,0.27,-0.28,0.49,-0.51,0.51
4-Motor-RF,bt,0.55,550 MS.,FALSE,0.3,-0.25,0.55,-0.45,0.45
4-Motor-RF,bt,0.55,550 MS.,FALSE,0.34,-0.21,0.63,-0.37,0.37
4-Motor-RF,bt,0.55,550 MS.,TRUE,0.38,-0.17,0.68,-0.32,0.32
4-Motor-RF,bt,0.55,550 MS.,TRUE,0.3,-0.25,0.55,-0.45,0.45
4-Motor-RF,bt,0.55,550 MS.,FALSE,0.38,-0.17,0.7,-0.3,0.3
4-Motor-RF,bt,0.55,550 MS.,TRUE,0.36,-0.19,0.65,-0.35,0.35
4-Motor-RF,bt,0.55,550 MS.,FALSE,0.42,-0.13,0.77,-0.23,0.23
4-Motor-RF,bt,0.55,550 MS.,FALSE,0.48,-0.07,0.87,-0.13,0.13
4-Motor-RF,bt,0.55,550 MS.,TRUE,0.26,-0.29,0.47,-0.53,0.53
4-Motor-RF,bt,0.55,550 MS.,FALSE,0.35,-0.2,0.64,-0.36,0.36
4-Motor-RF,bt,0.55,550 MS.,TRUE,0.39,-0.16,0.71,-0.29,0.29
4-Motor-RF,bt,0.55,550 MS.,FALSE,0.38,-0.17,0.68,-0.32,0.32
4-Motor-RF,bt,0.55,550 MS.,FALSE,0.42,-0.13,0.76,-0.24,0.24
4-Motor-RF,bt,0.55,550 MS.,FALSE,0.34,-0.21,0.61,-0.39,0.39
4-Motor-RF,bt,0.55,550 MS.,TRUE,0.24,-0.31,0.44,-0.56,0.56
4-Motor-RF,bt,0.55,550 MS.,TRUE,0.44,-0.11,0.8,-0.2,0.2
4-Motor-RF,bt,0.55,550 MS.,TRUE,0.3,-0.25,0.55,-0.45,0.45
4-Motor-RF,bt,0.55,550 MS.,FALSE,0.41,-0.14,0.74,-0.26,0.26
4-Motor-RF,bt,0.55,550 MS.,TRUE,0.33,-0.22,0.6,-0.4,0.4
4-Motor-RF,bt,0.55,550 MS.,FALSE,0.35,-0.2,0.64,-0.36,0.36
4-Motor-RF,bt,0.55,550 MS.,FALSE,0.43,-0.12,0.79,-0.21,0.21
4-Motor-RF,bt,0.55,550 MS.,FALSE,0.37,-0.18,0.67,-0.33,0.33
4-Motor-RF,bt,0.55,550 MS.,TRUE,0.37,-0.18,0.67,-0.33,0.33
4-Motor-RF,bt,0.55,550 MS.,TRUE,0.37,-0.18,0.67,-0.33,0.33
4-Motor-RF,bt,0.55,550 MS.,FALSE,0.38,-0.17,0.68,-0.32,0.32
4-Motor-RF,bt,0.55,550 MS.,TRUE,0.54,-0.01,0.97,-0.03,0.03
4-Motor-RF,bt,0.55,550 MS.,FALSE,0.53,-0.02,0.96,-0.04,0.04
4-Motor-RF,bt,0.55,550 MS.,FALSE,0.38,-0.17,0.68,-0.32,0.32
4-Motor-RF,bt,0.55,550 MS.,TRUE,0.41,-0.14,0.74,-0.26,0.26
4-Motor-RF,bt,0.55,550 MS.,TRUE,0.46,-0.09,0.84,-0.16,0.16
4-Motor-RF,dt,0.55,550 MS.,FALSE,0.21,-0.34,0.38,-0.62,0.62
4-Motor-RF,dt,0.55,550 MS.,TRUE,0.18,-0.37,0.32,-0.68,0.68
4-Motor-RF,dt,0.55,550 MS.,TRUE,0.24,-0.31,0.44,-0.56,0.56
4-Motor-RF,dt,0.55,550 MS.,TRUE,0.24,-0.31,0.44,-0.56,0.56
4-Motor-RF,dt,0.55,550 MS.,TRUE,0.22,-0.33,0.41,-0.59,0.59
4-Motor-RF,dt,0.55,550 MS.,FALSE,0.26,-0.29,0.48,-0.52,0.52
4-Motor-RF,dt,0.55,550 MS.,TRUE,0.22,-0.33,0.41,-0.59,0.59
4-Motor-RF,dt,0.55,550 MS.,TRUE,0.23,-0.32,0.42,-0.58,0.58
4-Motor-RF,dt,0.55,550 MS.,FALSE,0.23,-0.32,0.42,-0.58,0.58
4-Motor-RF,dt,0.55,550 MS.,FALSE,0.23,-0.32,0.42,-0.58,0.58
4-Motor-RF,dt,0.55,550 MS.,FALSE,0.32,-0.23,0.58,-0.42,0.42
4-Motor-RF,dt,0.55,550 MS.,TRUE,0.28,-0.27,0.51,-0.49,0.49
4-Motor-RF,dt,0.55,550 MS.,TRUE,0.15,-0.4,0.28,-0.72,0.72
4-Motor-RF,dt,0.55,550 MS.,FALSE,0.3,-0.25,0.54,-0.46,0.46
4-Motor-RF,dt,0.55,550 MS.,TRUE,0.3,-0.25,0.55,-0.45,0.45
4-Motor-RF,dt,0.55,550 MS.,TRUE,0.22,-0.33,0.41,-0.59,0.59
4-Motor-RF,dt,0.55,550 MS.,TRUE,0.23,-0.32,0.42,-0.58,0.58
4-Motor-RF,dt,0.55,550 MS.,TRUE,0.3,-0.25,0.55,-0.45,0.45
4-Motor-RF,dt,0.55,550 MS.,FALSE,0.3,-0.25,0.54,-0.46,0.46
4-Motor-RF,dt,0.55,550 MS.,TRUE,0.19,-0.36,0.35,-0.65,0.65
4-Motor-RF,dt,0.55,550 MS.,TRUE,0.34,-0.21,0.61,-0.39,0.39
4-Motor-RF,dt,0.55,550 MS.,FALSE,0.39,-0.16,0.71,-0.29,0.29
4-Motor-RF,dt,0.55,550 MS.,TRUE,0.26,-0.29,0.48,-0.52,0.52
4-Motor-RF,dt,0.55,550 MS.,TRUE,0.3,-0.25,0.54,-0.46,0.46
4-Motor-RF,dt,0.55,550 MS.,TRUE,0.29,-0.26,0.52,-0.48,0.48
4-Motor-RF,dt,0.55,550 MS.,FALSE,0.42,-0.13,0.77,-0.23,0.23
4-Motor-RF,dt,0.55,550 MS.,FALSE,0.45,-0.1,0.81,-0.19,0.19
4-Motor-RF,dt,0.55,550 MS.,FALSE,0.37,-0.18,0.67,-0.33,0.33
4-Motor-RF,dt,0.55,550 MS.,FALSE,0.2,-0.35,0.36,-0.64,0.64
4-Motor-RF,dt,0.55,550 MS.,TRUE,0.34,-0.21,0.61,-0.39,0.39
4-Motor-RF,dt,0.55,550 MS.,FALSE,0.28,-0.27,0.51,-0.49,0.49
4-Motor-RF,dt,0.55,550 MS.,FALSE,0.3,-0.25,0.54,-0.46,0.46
4-Motor-RF,dt,0.55,550 MS.,FALSE,0.22,-0.33,0.41,-0.59,0.59
4-Motor-RF,dt,0.55,550 MS.,FALSE,0.38,-0.17,0.7,-0.3,0.3
4-Motor-RF,dt,0.55,550 MS.,TRUE,0.21,-0.34,0.38,-0.62,0.62
4-Motor-RF,dt,0.55,550 MS.,TRUE,0.27,-0.28,0.49,-0.51,0.51
4-Motor-RF,dt,0.55,550 MS.,TRUE,0.31,-0.24,0.57,-0.43,0.43
4-Motor-RF,dt,0.55,550 MS.,FALSE,0.38,-0.17,0.68,-0.32,0.32
4-Motor-RF,dt,0.55,550 MS.,TRUE,0.26,-0.29,0.47,-0.53,0.53
4-Motor-RF,dt,0.55,550 MS.,TRUE,0.32,-0.23,0.58,-0.42,0.42
4-Motor-RF,dt,0.55,550 MS.,TRUE,0.3,-0.25,0.54,-0.46,0.46
4-Motor-RF,dt,0.55,550 MS.,TRUE,0.28,-0.27,0.51,-0.49,0.49
4-Motor-RF,dt,0.55,550 MS.,TRUE,0.3,-0.25,0.55,-0.45,0.45
4-Motor-RF,dt,0.55,550 MS.,FALSE,0.42,-0.13,0.76,-0.24,0.24
4-Motor-RF,dt,0.55,550 MS.,FALSE,0.42,-0.13,0.77,-0.23,0.23
4-Motor-RF,dt,0.55,550 MS.,FALSE,0.42,-0.13,0.76,-0.24,0.24
4-Motor-RF,dt,0.55,550 MS.,FALSE,0.36,-0.19,0.65,-0.35,0.35
4-Motor-RF,dt,0.55,550 MS.,FALSE,0.41,-0.14,0.74,-0.26,0.26
4-Motor-RF,dt,0.55,550 MS.,FALSE,0.34,-0.21,0.63,-0.37,0.37
4-Motor-RF,dt,0.55,550 MS.,TRUE,0.4,-0.15,0.73,-0.27,0.27
4-Motor-RF,hc,0.55,550 MS.,TRUE,0.28,-0.27,0.51,-0.49,0.49
4-Motor-RF,hc,0.55,550 MS.,FALSE,0.18,-0.37,0.32,-0.68,0.68
4-Motor-RF,hc,0.55,550 MS.,TRUE,0.22,-0.33,0.39,-0.61,0.61
4-Motor-RF,hc,0.55,550 MS.,TRUE,0.2,-0.35,0.36,-0.64,0.64
4-Motor-RF,hc,0.55,550 MS.,TRUE,0.23,-0.32,0.42,-0.58,0.58
4-Motor-RF,hc,0.55,550 MS.,FALSE,0.27,-0.28,0.49,-0.51,0.51
4-Motor-RF,hc,0.55,550 MS.,FALSE,0.23,-0.32,0.42,-0.58,0.58
4-Motor-RF,hc,0.55,550 MS.,TRUE,0.25,-0.3,0.45,-0.55,0.55
4-Motor-RF,hc,0.55,550 MS.,FALSE,0.19,-0.36,0.35,-0.65,0.65
4-Motor-RF,hc,0.55,550 MS.,TRUE,0.28,-0.27,0.51,-0.49,0.49
4-Motor-RF,hc,0.55,550 MS.,TRUE,0.2,-0.35,0.36,-0.64,0.64
4-Motor-RF,hc,0.55,550 MS.,TRUE,0.19,-0.36,0.35,-0.65,0.65
4-Motor-RF,hc,0.55,550 MS.,TRUE,0.23,-0.32,0.42,-0.58,0.58
4-Motor-RF,hc,0.55,550 MS.,TRUE,0.18,-0.37,0.33,-0.67,0.67
4-Motor-RF,hc,0.55,550 MS.,FALSE,0.21,-0.34,0.38,-0.62,0.62
4-Motor-RF,hc,0.55,550 MS.,TRUE,0.23,-0.32,0.42,-0.58,0.58
4-Motor-RF,hc,0.55,550 MS.,FALSE,0.23,-0.32,0.42,-0.58,0.58
4-Motor-RF,hc,0.55,550 MS.,FALSE,0.21,-0.34,0.38,-0.62,0.62
4-Motor-RF,hc,0.55,550 MS.,FALSE,0.26,-0.29,0.47,-0.53,0.53
4-Motor-RF,hc,0.55,550 MS.,FALSE,0.24,-0.31,0.44,-0.56,0.56
4-Motor-RF,hc,0.55,550 MS.,FALSE,0.23,-0.32,0.42,-0.58,0.58
4-Motor-RF,hc,0.55,550 MS.,FALSE,0.25,-0.3,0.45,-0.55,0.55
4-Motor-RF,hc,0.55,550 MS.,FALSE,0.26,-0.29,0.48,-0.52,0.52
4-Motor-RF,hc,0.55,550 MS.,TRUE,0.2,-0.35,0.36,-0.64,0.64
4-Motor-RF,hc,0.55,550 MS.,TRUE,0.14,-0.41,0.26,-0.74,0.74
4-Motor-RF,hc,0.55,550 MS.,FALSE,0.24,-0.31,0.44,-0.56,0.56
4-Motor-RF,hc,0.55,550 MS.,TRUE,0.23,-0.32,0.42,-0.58,0.58
4-Motor-RF,hc,0.55,550 MS.,TRUE,0.27,-0.28,0.49,-0.51,0.51
4-Motor-RF,hc,0.55,550 MS.,TRUE,0.25,-0.3,0.45,-0.55,0.55
4-Motor-RF,hc,0.55,550 MS.,FALSE,0.23,-0.32,0.42,-0.58,0.58
4-Motor-RF,hc,0.55,550 MS.,TRUE,0.23,-0.32,0.42,-0.58,0.58
4-Motor-RF,hc,0.55,550 MS.,FALSE,0.27,-0.28,0.49,-0.51,0.51
4-Motor-RF,hc,0.55,550 MS.,FALSE,0.22,-0.33,0.41,-0.59,0.59
4-Motor-RF,hc,0.55,550 MS.,FALSE,0.3,-0.25,0.55,-0.45,0.45
4-Motor-RF,hc,0.55,550 MS.,FALSE,0.26,-0.29,0.48,-0.52,0.52
4-Motor-RF,hc,0.55,550 MS.,FALSE,0.24,-0.31,0.44,-0.56,0.56
4-Motor-RF,hc,0.55,550 MS.,FALSE,0.23,-0.32,0.42,-0.58,0.58
4-Motor-RF,hc,0.55,550 MS.,FALSE,0.18,-0.37,0.33,-0.67,0.67
4-Motor-RF,hc,0.55,550 MS.,TRUE,0.22,-0.33,0.41,-0.59,0.59
4-Motor-RF,hc,0.55,550 MS.,FALSE,0.21,-0.34,0.38,-0.62,0.62
4-Motor-RF,hc,0.55,550 MS.,FALSE,0.18,-0.37,0.32,-0.68,0.68
4-Motor-RF,hc,0.55,550 MS.,TRUE,0.24,-0.31,0.44,-0.56,0.56
4-Motor-RF,hc,0.55,550 MS.,TRUE,0.22,-0.33,0.41,-0.59,0.59
4-Motor-RF,hc,0.55,550 MS.,TRUE,0.23,-0.32,0.42,-0.58,0.58
4-Motor-RF,hc,0.55,550 MS.,TRUE,0.19,-0.36,0.35,-0.65,0.65
4-Motor-RF,hc,0.55,550 MS.,TRUE,0.19,-0.36,0.35,-0.65,0.65
4-Motor-RF,hc,0.55,550 MS.,FALSE,0.24,-0.31,0.44,-0.56,0.56
4-Motor-RF,hc,0.55,550 MS.,TRUE,0.2,-0.35,0.36,-0.64,0.64
4-Motor-RF,hc,0.55,550 MS.,TRUE,0.24,-0.31,0.44,-0.56,0.56
4-Motor-RF,hc,0.55,550 MS.,FALSE,0.25,-0.3,0.45,-0.55,0.55
4-Motor-RF,ho,0.55,550 MS.,TRUE,0.44,-0.11,0.8,-0.2,0.2
4-Motor-RF,ho,0.55,550 MS.,FALSE,0.56,0.01,1.02,0.02,-0.02
4-Motor-RF,ho,0.55,550 MS.,FALSE,0.52,-0.03,0.95,-0.05,0.05
4-Motor-RF,ho,0.55,550 MS.,TRUE,0.54,-0.01,0.97,-0.03,0.03
4-Motor-RF,ho,0.55,550 MS.,FALSE,0.59,0.04,1.08,0.08,-0.08
4-Motor-RF,ho,0.55,550 MS.,FALSE,0.46,-0.09,0.84,-0.16,0.16
4-Motor-RF,ho,0.55,550 MS.,TRUE,0.46,-0.09,0.84,-0.16,0.16
4-Motor-RF,ho,0.55,550 MS.,FALSE,0.56,0.01,1.02,0.02,-0.02
4-Motor-RF,ho,0.55,550 MS.,TRUE,0.48,-0.07,0.87,-0.13,0.13
4-Motor-RF,ho,0.55,550 MS.,FALSE,0.53,-0.02,0.96,-0.04,0.04
4-Motor-RF,ho,0.55,550 MS.,FALSE,0.52,-0.03,0.95,-0.05,0.05
4-Motor-RF,ho,0.55,550 MS.,TRUE,0.64,0.09,1.16,0.16,-0.16
4-Motor-RF,ho,0.55,550 MS.,TRUE,0.52,-0.03,0.95,-0.05,0.05
4-Motor-RF,ho,0.55,550 MS.,FALSE,0.56,0.01,1.02,0.02,-0.02
4-Motor-RF,ho,0.55,550 MS.,FALSE,0.49,-0.06,0.89,-0.11,0.11
4-Motor-RF,ho,0.55,550 MS.,TRUE,0.46,-0.09,0.84,-0.16,0.16
4-Motor-RF,ho,0.55,550 MS.,FALSE,0.49,-0.06,0.89,-0.11,0.11
4-Motor-RF,ho,0.55,550 MS.,FALSE,0.59,0.04,1.08,0.08,-0.08
4-Motor-RF,ho,0.55,550 MS.,FALSE,0.53,-0.02,0.96,-0.04,0.04
4-Motor-RF,ho,0.55,550 MS.,TRUE,0.38,-0.17,0.7,-0.3,0.3
4-Motor-RF,ho,0.55,550 MS.,FALSE,0.42,-0.13,0.76,-0.24,0.24
4-Motor-RF,ho,0.55,550 MS.,FALSE,0.53,-0.02,0.96,-0.04,0.04
4-Motor-RF,ho,0.55,550 MS.,FALSE,0.57,0.02,1.03,0.03,-0.03
4-Motor-RF,ho,0.55,550 MS.,FALSE,0.53,-0.02,0.96,-0.04,0.04
4-Motor-RF,ho,0.55,550 MS.,FALSE,0.58,0.03,1.06,0.06,-0.06
4-Motor-RF,ho,0.55,550 MS.,TRUE,0.55,0,1,0,0
4-Motor-RF,ho,0.55,550 MS.,FALSE,0.54,-0.01,0.99,-0.01,0.01
4-Motor-RF,ho,0.55,550 MS.,TRUE,0.56,0.01,1.02,0.02,-0.02
4-Motor-RF,ho,0.55,550 MS.,TRUE,0.51,-0.04,0.93,-0.07,0.07
4-Motor-RF,ho,0.55,550 MS.,FALSE,0.55,0,1,0,0
4-Motor-RF,ho,0.55,550 MS.,TRUE,0.63,0.08,1.15,0.15,-0.15
4-Motor-RF,ho,0.55,550 MS.,TRUE,0.62,0.07,1.12,0.12,-0.12
4-Motor-RF,ho,0.55,550 MS.,FALSE,0.62,0.07,1.13,0.13,-0.13
4-Motor-RF,ho,0.55,550 MS.,TRUE,0.7,0.15,1.28,0.28,-0.28
4-Motor-RF,ho,0.55,550 MS.,FALSE,0.66,0.11,1.19,0.19,-0.19
4-Motor-RF,ho,0.55,550 MS.,FALSE,0.62,0.07,1.13,0.13,-0.13
4-Motor-RF,ho,0.55,550 MS.,FALSE,0.59,0.04,1.08,0.08,-0.08
4-Motor-RF,ho,0.55,550 MS.,FALSE,0.62,0.07,1.12,0.12,-0.12
4-Motor-RF,ho,0.55,550 MS.,TRUE,0.7,0.15,1.27,0.27,-0.27
4-Motor-RF,ho,0.55,550 MS.,TRUE,0.7,0.15,1.27,0.27,-0.27
4-Motor-RF,ho,0.55,550 MS.,FALSE,0.6,0.05,1.09,0.09,-0.09
4-Motor-RF,ho,0.55,550 MS.,FALSE,0.63,0.08,1.15,0.15,-0.15
4-Motor-RF,ho,0.55,550 MS.,TRUE,0.65,0.1,1.18,0.18,-0.18
4-Motor-RF,ho,0.55,550 MS.,FALSE,0.5,-0.05,0.9,-0.1,0.1
4-Motor-RF,ho,0.55,550 MS.,FALSE,0.56,0.01,1.02,0.02,-0.02
4-Motor-RF,ho,0.55,550 MS.,FALSE,0.59,0.04,1.08,0.08,-0.08
4-Motor-RF,ho,0.55,550 MS.,TRUE,0.58,0.03,1.06,0.06,-0.06
4-Motor-RF,ho,0.55,550 MS.,TRUE,0.62,0.07,1.13,0.13,-0.13
4-Motor-RF,ho,0.55,550 MS.,FALSE,0.63,0.08,1.15,0.15,-0.15
4-Motor-RF,ho,0.55,550 MS.,FALSE,0.73,0.18,1.32,0.32,-0.32
4-Motor-RF,ia,0.55,550 MS.,TRUE,0.37,-0.18,0.67,-0.33,0.33
4-Motor-RF,ia,0.55,550 MS.,FALSE,0.32,-0.23,0.58,-0.42,0.42
4-Motor-RF,ia,0.55,550 MS.,FALSE,0.22,-0.33,0.39,-0.61,0.61
4-Motor-RF,ia,0.55,550 MS.,TRUE,0.3,-0.25,0.55,-0.45,0.45
4-Motor-RF,ia,0.55,550 MS.,FALSE,0.29,-0.26,0.52,-0.48,0.48
4-Motor-RF,ia,0.55,550 MS.,FALSE,0.42,-0.13,0.76,-0.24,0.24
4-Motor-RF,ia,0.55,550 MS.,FALSE,0.19,-0.36,0.35,-0.65,0.65
4-Motor-RF,ia,0.55,550 MS.,TRUE,0.5,-0.05,0.92,-0.08,0.08
4-Motor-RF,ia,0.55,550 MS.,FALSE,0.3,-0.25,0.54,-0.46,0.46
4-Motor-RF,ia,0.55,550 MS.,TRUE,0.15,-0.4,0.28,-0.72,0.72
4-Motor-RF,ia,0.55,550 MS.,TRUE,0.24,-0.31,0.44,-0.56,0.56
4-Motor-RF,ia,0.55,550 MS.,FALSE,0.34,-0.21,0.63,-0.37,0.37
4-Motor-RF,ia,0.55,550 MS.,TRUE,0.54,-0.01,0.99,-0.01,0.01
4-Motor-RF,ia,0.55,550 MS.,TRUE,0.32,-0.23,0.58,-0.42,0.42
4-Motor-RF,ia,0.55,550 MS.,FALSE,0.21,-0.34,0.38,-0.62,0.62
4-Motor-RF,ia,0.55,550 MS.,TRUE,0.58,0.03,1.06,0.06,-0.06
4-Motor-RF,ia,0.55,550 MS.,FALSE,0.46,-0.09,0.84,-0.16,0.16
4-Motor-RF,ia,0.55,550 MS.,TRUE,0.43,-0.12,0.79,-0.21,0.21
4-Motor-RF,ia,0.55,550 MS.,FALSE,0.36,-0.19,0.65,-0.35,0.35
4-Motor-RF,ia,0.55,550 MS.,TRUE,0.18,-0.37,0.32,-0.68,0.68
4-Motor-RF,ia,0.55,550 MS.,FALSE,0.18,-0.37,0.32,-0.68,0.68
4-Motor-RF,ia,0.55,550 MS.,TRUE,0.18,-0.37,0.32,-0.68,0.68
4-Motor-RF,ia,0.55,550 MS.,FALSE,0.69,0.14,1.25,0.25,-0.25
4-Motor-RF,ia,0.55,550 MS.,FALSE,0.29,-0.26,0.52,-0.48,0.48
4-Motor-RF,ia,0.55,550 MS.,FALSE,0.4,-0.15,0.73,-0.27,0.27
4-Motor-RF,ia,0.55,550 MS.,FALSE,0.26,-0.29,0.47,-0.53,0.53
4-Motor-RF,ia,0.55,550 MS.,FALSE,0.23,-0.32,0.42,-0.58,0.58
4-Motor-RF,ia,0.55,550 MS.,TRUE,0.4,-0.15,0.73,-0.27,0.27
4-Motor-RF,ia,0.55,550 MS.,FALSE,0.39,-0.16,0.71,-0.29,0.29
4-Motor-RF,ia,0.55,550 MS.,FALSE,0.29,-0.26,0.52,-0.48,0.48
4-Motor-RF,ia,0.55,550 MS.,TRUE,0.38,-0.17,0.68,-0.32,0.32
4-Motor-RF,ia,0.55,550 MS.,FALSE,0.34,-0.21,0.63,-0.37,0.37
4-Motor-RF,ia,0.55,550 MS.,TRUE,0.23,-0.32,0.42,-0.58,0.58
4-Motor-RF,ia,0.55,550 MS.,FALSE,0.42,-0.13,0.76,-0.24,0.24
4-Motor-RF,ia,0.55,550 MS.,TRUE,0.37,-0.18,0.67,-0.33,0.33
4-Motor-RF,ia,0.55,550 MS.,TRUE,0.4,-0.15,0.73,-0.27,0.27
4-Motor-RF,ia,0.55,550 MS.,FALSE,0.2,-0.35,0.36,-0.64,0.64
4-Motor-RF,ia,0.55,550 MS.,FALSE,0.26,-0.29,0.47,-0.53,0.53
4-Motor-RF,ia,0.55,550 MS.,FALSE,0.44,-0.11,0.8,-0.2,0.2
4-Motor-RF,ia,0.55,550 MS.,FALSE,0.26,-0.29,0.48,-0.52,0.52
4-Motor-RF,ia,0.55,550 MS.,TRUE,0.18,-0.37,0.32,-0.68,0.68
4-Motor-RF,ia,0.55,550 MS.,TRUE,0.44,-0.11,0.8,-0.2,0.2
4-Motor-RF,ia,0.55,550 MS.,FALSE,0.54,-0.01,0.99,-0.01,0.01
4-Motor-RF,ia,0.55,550 MS.,FALSE,0.53,-0.02,0.96,-0.04,0.04
4-Motor-RF,ia,0.55,550 MS.,TRUE,0.26,-0.29,0.48,-0.52,0.52
4-Motor-RF,ia,0.55,550 MS.,TRUE,0.3,-0.25,0.54,-0.46,0.46
4-Motor-RF,ia,0.55,550 MS.,FALSE,0.22,-0.33,0.41,-0.59,0.59
4-Motor-RF,ia,0.55,550 MS.,TRUE,0.52,-0.03,0.95,-0.05,0.05
4-Motor-RF,ia,0.55,550 MS.,FALSE,0.41,-0.14,0.74,-0.26,0.26
4-Motor-RF,ia,0.55,550 MS.,TRUE,0.16,-0.39,0.29,-0.71,0.71
4-Motor-RF,mae,0.55,550 MS.,FALSE,0.29,-0.26,0.52,-0.48,0.48
4-Motor-RF,mae,0.55,550 MS.,TRUE,0.34,-0.21,0.63,-0.37,0.37
4-Motor-RF,mae,0.55,550 MS.,FALSE,0.4,-0.15,0.73,-0.27,0.27
4-Motor-RF,mae,0.55,550 MS.,FALSE,0.37,-0.18,0.67,-0.33,0.33
4-Motor-RF,mae,0.55,550 MS.,TRUE,0.46,-0.09,0.84,-0.16,0.16
4-Motor-RF,mae,0.55,550 MS.,TRUE,0.5,-0.05,0.9,-0.1,0.1
4-Motor-RF,mae,0.55,550 MS.,FALSE,0.51,-0.04,0.93,-0.07,0.07
4-Motor-RF,mae,0.55,550 MS.,FALSE,0.54,-0.01,0.97,-0.03,0.03
4-Motor-RF,mae,0.55,550 MS.,FALSE,0.54,-0.01,0.99,-0.01,0.01
4-Motor-RF,mae,0.55,550 MS.,TRUE,0.56,0.01,1.02,0.02,-0.02
4-Motor-RF,mae,0.55,550 MS.,TRUE,0.63,0.08,1.15,0.15,-0.15
4-Motor-RF,mae,0.55,550 MS.,TRUE,0.61,0.06,1.11,0.11,-0.11
4-Motor-RF,mae,0.55,550 MS.,TRUE,0.54,-0.01,0.99,-0.01,0.01
4-Motor-RF,mae,0.55,550 MS.,FALSE,0.61,0.06,1.11,0.11,-0.11
4-Motor-RF,mae,0.55,550 MS.,TRUE,0.59,0.04,1.08,0.08,-0.08
4-Motor-RF,mae,0.55,550 MS.,FALSE,0.65,0.1,1.18,0.18,-0.18
4-Motor-RF,mae,0.55,550 MS.,FALSE,0.67,0.12,1.22,0.22,-0.22
4-Motor-RF,mae,0.55,550 MS.,TRUE,0.62,0.07,1.12,0.12,-0.12
4-Motor-RF,mae,0.55,550 MS.,FALSE,0.65,0.1,1.18,0.18,-0.18
4-Motor-RF,mae,0.55,550 MS.,TRUE,0.65,0.1,1.18,0.18,-0.18
4-Motor-RF,mae,0.55,550 MS.,FALSE,0.64,0.09,1.16,0.16,-0.16
4-Motor-RF,mae,0.55,550 MS.,FALSE,0.66,0.11,1.19,0.19,-0.19
4-Motor-RF,mae,0.55,550 MS.,FALSE,0.64,0.09,1.16,0.16,-0.16
4-Motor-RF,mae,0.55,550 MS.,FALSE,0.63,0.08,1.15,0.15,-0.15
4-Motor-RF,mae,0.55,550 MS.,FALSE,0.69,0.14,1.25,0.25,-0.25
4-Motor-RF,mae,0.55,550 MS.,TRUE,0.63,0.08,1.15,0.15,-0.15
4-Motor-RF,mae,0.55,550 MS.,TRUE,0.65,0.1,1.18,0.18,-0.18
4-Motor-RF,mae,0.55,550 MS.,FALSE,0.58,0.03,1.06,0.06,-0.06
4-Motor-RF,mae,0.55,550 MS.,TRUE,0.54,-0.01,0.99,-0.01,0.01
4-Motor-RF,mae,0.55,550 MS.,FALSE,0.64,0.09,1.16,0.16,-0.16
4-Motor-RF,mae,0.55,550 MS.,TRUE,0.62,0.07,1.13,0.13,-0.13
4-Motor-RF,mae,0.55,550 MS.,FALSE,0.62,0.07,1.12,0.12,-0.12
4-Motor-RF,mae,0.55,550 MS.,TRUE,0.63,0.08,1.15,0.15,-0.15
4-Motor-RF,mae,0.55,550 MS.,FALSE,0.63,0.08,1.15,0.15,-0.15
4-Motor-RF,mae,0.55,550 MS.,FALSE,0.62,0.07,1.12,0.12,-0.12
4-Motor-RF,mae,0.55,550 MS.,TRUE,0.62,0.07,1.12,0.12,-0.12
4-Motor-RF,mae,0.55,550 MS.,FALSE,0.62,0.07,1.12,0.12,-0.12
4-Motor-RF,mae,0.55,550 MS.,FALSE,0.6,0.05,1.09,0.09,-0.09
4-Motor-RF,mae,0.55,550 MS.,FALSE,0.58,0.03,1.05,0.05,-0.05
4-Motor-RF,mae,0.55,550 MS.,TRUE,0.63,0.08,1.15,0.15,-0.15
4-Motor-RF,mae,0.55,550 MS.,TRUE,0.63,0.08,1.15,0.15,-0.15
4-Motor-RF,mae,0.55,550 MS.,FALSE,0.62,0.07,1.12,0.12,-0.12
4-Motor-RF,mae,0.55,550 MS.,TRUE,0.55,0,1,0,0
4-Motor-RF,mae,0.55,550 MS.,TRUE,0.61,0.06,1.11,0.11,-0.11
4-Motor-RF,mae,0.55,550 MS.,TRUE,0.6,0.05,1.09,0.09,-0.09
4-Motor-RF,mae,0.55,550 MS.,FALSE,0.6,0.05,1.09,0.09,-0.09
4-Motor-RF,mae,0.55,550 MS.,TRUE,0.66,0.11,1.21,0.21,-0.21
4-Motor-RF,mae,0.55,550 MS.,FALSE,0.66,0.11,1.19,0.19,-0.19
4-Motor-RF,mae,0.55,550 MS.,TRUE,0.65,0.1,1.18,0.18,-0.18
4-Motor-RF,mae,0.55,550 MS.,TRUE,0.62,0.07,1.12,0.12,-0.12
4-Motor-RF,ot,0.55,550 MS.,TRUE,0.62,0.07,1.12,0.12,-0.12
4-Motor-RF,ot,0.55,550 MS.,FALSE,0.53,-0.02,0.96,-0.04,0.04
4-Motor-RF,ot,0.55,550 MS.,FALSE,0.53,-0.02,0.96,-0.04,0.04
4-Motor-RF,ot,0.55,550 MS.,FALSE,0.5,-0.05,0.9,-0.1,0.1
4-Motor-RF,ot,0.55,550 MS.,TRUE,0.42,-0.13,0.76,-0.24,0.24
4-Motor-RF,ot,0.55,550 MS.,TRUE,0.42,-0.13,0.76,-0.24,0.24
4-Motor-RF,ot,0.55,550 MS.,FALSE,0.48,-0.07,0.87,-0.13,0.13
4-Motor-RF,ot,0.55,550 MS.,FALSE,0.49,-0.06,0.89,-0.11,0.11
4-Motor-RF,ot,0.55,550 MS.,FALSE,0.42,-0.13,0.77,-0.23,0.23
4-Motor-RF,ot,0.55,550 MS.,FALSE,0.39,-0.16,0.71,-0.29,0.29
4-Motor-RF,ot,0.55,550 MS.,TRUE,0.46,-0.09,0.83,-0.17,0.17
4-Motor-RF,ot,0.55,550 MS.,FALSE,0.41,-0.14,0.74,-0.26,0.26
4-Motor-RF,ot,0.55,550 MS.,FALSE,0.43,-0.12,0.79,-0.21,0.21
4-Motor-RF,ot,0.55,550 MS.,TRUE,0.54,-0.01,0.97,-0.03,0.03
4-Motor-RF,ot,0.55,550 MS.,TRUE,0.42,-0.13,0.77,-0.23,0.23
4-Motor-RF,ot,0.55,550 MS.,FALSE,0.4,-0.15,0.73,-0.27,0.27
4-Motor-RF,ot,0.55,550 MS.,TRUE,0.35,-0.2,0.64,-0.36,0.36
4-Motor-RF,ot,0.55,550 MS.,FALSE,0.34,-0.21,0.63,-0.37,0.37
4-Motor-RF,ot,0.55,550 MS.,TRUE,0.41,-0.14,0.74,-0.26,0.26
4-Motor-RF,ot,0.55,550 MS.,FALSE,0.38,-0.17,0.7,-0.3,0.3
4-Motor-RF,ot,0.55,550 MS.,FALSE,0.35,-0.2,0.64,-0.36,0.36
4-Motor-RF,ot,0.55,550 MS.,TRUE,0.3,-0.25,0.55,-0.45,0.45
4-Motor-RF,ot,0.55,550 MS.,FALSE,0.34,-0.21,0.63,-0.37,0.37
4-Motor-RF,ot,0.55,550 MS.,TRUE,0.38,-0.17,0.7,-0.3,0.3
4-Motor-RF,ot,0.55,550 MS.,FALSE,0.34,-0.21,0.63,-0.37,0.37
4-Motor-RF,ot,0.55,550 MS.,TRUE,0.34,-0.21,0.61,-0.39,0.39
4-Motor-RF,ot,0.55,550 MS.,FALSE,0.37,-0.18,0.67,-0.33,0.33
4-Motor-RF,ot,0.55,550 MS.,FALSE,0.34,-0.21,0.63,-0.37,0.37
4-Motor-RF,ot,0.55,550 MS.,TRUE,0.34,-0.21,0.61,-0.39,0.39
4-Motor-RF,ot,0.55,550 MS.,FALSE,0.28,-0.27,0.51,-0.49,0.49
4-Motor-RF,ot,0.55,550 MS.,FALSE,0.26,-0.29,0.48,-0.52,0.52
4-Motor-RF,ot,0.55,550 MS.,FALSE,0.27,-0.28,0.49,-0.51,0.51
4-Motor-RF,ot,0.55,550 MS.,TRUE,0.26,-0.29,0.48,-0.52,0.52
4-Motor-RF,ot,0.55,550 MS.,TRUE,0.28,-0.27,0.51,-0.49,0.49
4-Motor-RF,ot,0.55,550 MS.,FALSE,0.32,-0.23,0.58,-0.42,0.42
4-Motor-RF,ot,0.55,550 MS.,TRUE,0.27,-0.28,0.49,-0.51,0.51
4-Motor-RF,ot,0.55,550 MS.,FALSE,0.31,-0.24,0.57,-0.43,0.43
4-Motor-RF,ot,0.55,550 MS.,FALSE,0.26,-0.29,0.48,-0.52,0.52
4-Motor-RF,ot,0.55,550 MS.,FALSE,0.29,-0.26,0.52,-0.48,0.48
4-Motor-RF,ot,0.55,550 MS.,TRUE,0.27,-0.28,0.49,-0.51,0.51
4-Motor-RF,ot,0.55,550 MS.,TRUE,0.3,-0.25,0.55,-0.45,0.45
4-Motor-RF,ot,0.55,550 MS.,FALSE,0.29,-0.26,0.52,-0.48,0.48
4-Motor-RF,ot,0.55,550 MS.,TRUE,0.32,-0.23,0.58,-0.42,0.42
4-Motor-RF,ot,0.55,550 MS.,FALSE,0.28,-0.27,0.51,-0.49,0.49
4-Motor-RF,ot,0.55,550 MS.,FALSE,0.31,-0.24,0.57,-0.43,0.43
4-Motor-RF,ot,0.55,550 MS.,FALSE,0.29,-0.26,0.52,-0.48,0.48
4-Motor-RF,ot,0.55,550 MS.,FALSE,0.26,-0.29,0.47,-0.53,0.53
4-Motor-RF,ot,0.55,550 MS.,FALSE,0.26,-0.29,0.48,-0.52,0.52
4-Motor-RF,ot,0.55,550 MS.,TRUE,0.28,-0.27,0.51,-0.49,0.49
4-Motor-RF,ot,0.55,550 MS.,FALSE,0.27,-0.28,0.49,-0.51,0.51
5-Control-RF,ad,0.55,550 MS.,,0.32,-0.23,0.58,-0.42,0.42
5-Control-RF,ad,0.55,550 MS.,,0.22,-0.33,0.39,-0.61,0.61
5-Control-RF,ad,0.55,550 MS.,,0.28,-0.27,0.51,-0.49,0.49
5-Control-RF,ad,0.55,550 MS.,,0.3,-0.25,0.54,-0.46,0.46
5-Control-RF,ad,0.55,550 MS.,,0.31,-0.24,0.57,-0.43,0.43
5-Control-RF,ad,0.55,550 MS.,,0.34,-0.21,0.63,-0.37,0.37
5-Control-RF,ad,0.55,550 MS.,,0.32,-0.23,0.58,-0.42,0.42
5-Control-RF,ad,0.55,550 MS.,,0.38,-0.17,0.68,-0.32,0.32
5-Control-RF,ad,0.55,550 MS.,,0.28,-0.27,0.51,-0.49,0.49
5-Control-RF,ad,0.55,550 MS.,,0.31,-0.24,0.57,-0.43,0.43
5-Control-RF,ad,0.55,550 MS.,,0.33,-0.22,0.6,-0.4,0.4
5-Control-RF,ad,0.55,550 MS.,,0.34,-0.21,0.61,-0.39,0.39
5-Control-RF,ad,0.55,550 MS.,,0.3,-0.25,0.54,-0.46,0.46
5-Control-RF,ad,0.55,550 MS.,,0.3,-0.25,0.54,-0.46,0.46
5-Control-RF,ad,0.55,550 MS.,,0.36,-0.19,0.65,-0.35,0.35
5-Control-RF,ad,0.55,550 MS.,,0.31,-0.24,0.57,-0.43,0.43
5-Control-RF,ad,0.55,550 MS.,,0.39,-0.16,0.71,-0.29,0.29
5-Control-RF,ad,0.55,550 MS.,,0.44,-0.11,0.8,-0.2,0.2
5-Control-RF,ad,0.55,550 MS.,,0.34,-0.21,0.61,-0.39,0.39
5-Control-RF,ad,0.55,550 MS.,,0.29,-0.26,0.52,-0.48,0.48
5-Control-RF,ad,0.55,550 MS.,,0.26,-0.29,0.48,-0.52,0.52
5-Control-RF,ad,0.55,550 MS.,,0.26,-0.29,0.47,-0.53,0.53
5-Control-RF,ad,0.55,550 MS.,,0.25,-0.3,0.45,-0.55,0.55
5-Control-RF,ad,0.55,550 MS.,,0.27,-0.28,0.49,-0.51,0.51
5-Control-RF,ad,0.55,550 MS.,,0.26,-0.29,0.48,-0.52,0.52
5-Control-RF,ad,0.55,550 MS.,,0.24,-0.31,0.44,-0.56,0.56
5-Control-RF,ad,0.55,550 MS.,,0.33,-0.22,0.6,-0.4,0.4
5-Control-RF,ad,0.55,550 MS.,,0.24,-0.31,0.44,-0.56,0.56
5-Control-RF,ad,0.55,550 MS.,,0.31,-0.24,0.57,-0.43,0.43
5-Control-RF,ad,0.55,550 MS.,,0.26,-0.29,0.47,-0.53,0.53
5-Control-RF,ad,0.55,550 MS.,,0.33,-0.22,0.6,-0.4,0.4
5-Control-RF,ad,0.55,550 MS.,,0.28,-0.27,0.51,-0.49,0.49
5-Control-RF,ad,0.55,550 MS.,,0.28,-0.27,0.51,-0.49,0.49
5-Control-RF,ad,0.55,550 MS.,,0.3,-0.25,0.55,-0.45,0.45
5-Control-RF,ad,0.55,550 MS.,,0.32,-0.23,0.58,-0.42,0.42
5-Control-RF,ad,0.55,550 MS.,,0.25,-0.3,0.45,-0.55,0.55
5-Control-RF,ad,0.55,550 MS.,,0.23,-0.32,0.42,-0.58,0.58
5-Control-RF,ad,0.55,550 MS.,,0.24,-0.31,0.44,-0.56,0.56
5-Control-RF,ad,0.55,550 MS.,,0.3,-0.25,0.55,-0.45,0.45
5-Control-RF,ad,0.55,550 MS.,,0.3,-0.25,0.54,-0.46,0.46
5-Control-RF,ad,0.55,550 MS.,,0.35,-0.2,0.64,-0.36,0.36
5-Control-RF,ad,0.55,550 MS.,,0.31,-0.24,0.57,-0.43,0.43
5-Control-RF,ad,0.55,550 MS.,,0.33,-0.22,0.6,-0.4,0.4
5-Control-RF,ad,0.55,550 MS.,,0.33,-0.22,0.6,-0.4,0.4
5-Control-RF,ad,0.55,550 MS.,,0.36,-0.19,0.65,-0.35,0.35
5-Control-RF,ad,0.55,550 MS.,,0.32,-0.23,0.58,-0.42,0.42
5-Control-RF,ad,0.55,550 MS.,,0.34,-0.21,0.63,-0.37,0.37
5-Control-RF,ad,0.55,550 MS.,,0.32,-0.23,0.58,-0.42,0.42
5-Control-RF,ad,0.55,550 MS.,,0.34,-0.21,0.61,-0.39,0.39
5-Control-RF,ad,0.55,550 MS.,,0.29,-0.26,0.52,-0.48,0.48
5-Control-RF,ag,0.55,550 MS.,,0.23,-0.32,0.42,-0.58,0.58
5-Control-RF,ag,0.55,550 MS.,,0.27,-0.28,0.49,-0.51,0.51
5-Control-RF,ag,0.55,550 MS.,,0.3,-0.25,0.55,-0.45,0.45
5-Control-RF,ag,0.55,550 MS.,,0.22,-0.33,0.39,-0.61,0.61
5-Control-RF,ag,0.55,550 MS.,,0.26,-0.29,0.48,-0.52,0.52
5-Control-RF,ag,0.55,550 MS.,,0.29,-0.26,0.52,-0.48,0.48
5-Control-RF,ag,0.55,550 MS.,,0.19,-0.36,0.35,-0.65,0.65
5-Control-RF,ag,0.55,550 MS.,,0.15,-0.4,0.28,-0.72,0.72
5-Control-RF,ag,0.55,550 MS.,,0.27,-0.28,0.49,-0.51,0.51
5-Control-RF,ag,0.55,550 MS.,,0.2,-0.35,0.36,-0.64,0.64
5-Control-RF,ag,0.55,550 MS.,,0.27,-0.28,0.49,-0.51,0.51
5-Control-RF,ag,0.55,550 MS.,,0.23,-0.32,0.42,-0.58,0.58
5-Control-RF,ag,0.55,550 MS.,,0.25,-0.3,0.45,-0.55,0.55
5-Control-RF,ag,0.55,550 MS.,,0.25,-0.3,0.45,-0.55,0.55
5-Control-RF,ag,0.55,550 MS.,,0.24,-0.31,0.44,-0.56,0.56
5-Control-RF,ag,0.55,550 MS.,,0.29,-0.26,0.52,-0.48,0.48
5-Control-RF,ag,0.55,550 MS.,,0.27,-0.28,0.49,-0.51,0.51
5-Control-RF,ag,0.55,550 MS.,,0.25,-0.3,0.45,-0.55,0.55
5-Control-RF,ag,0.55,550 MS.,,0.27,-0.28,0.49,-0.51,0.51
5-Control-RF,ag,0.55,550 MS.,,0.27,-0.28,0.49,-0.51,0.51
5-Control-RF,ag,0.55,550 MS.,,0.24,-0.31,0.44,-0.56,0.56
5-Control-RF,ag,0.55,550 MS.,,0.29,-0.26,0.52,-0.48,0.48
5-Control-RF,ag,0.55,550 MS.,,0.26,-0.29,0.48,-0.52,0.52
5-Control-RF,ag,0.55,550 MS.,,0.23,-0.32,0.42,-0.58,0.58
5-Control-RF,ag,0.55,550 MS.,,0.26,-0.29,0.48,-0.52,0.52
5-Control-RF,ag,0.55,550 MS.,,0.25,-0.3,0.45,-0.55,0.55
5-Control-RF,ag,0.55,550 MS.,,0.29,-0.26,0.52,-0.48,0.48
5-Control-RF,ag,0.55,550 MS.,,0.28,-0.27,0.51,-0.49,0.49
5-Control-RF,ag,0.55,550 MS.,,0.28,-0.27,0.51,-0.49,0.49
5-Control-RF,ag,0.55,550 MS.,,0.22,-0.33,0.41,-0.59,0.59
5-Control-RF,ag,0.55,550 MS.,,0.23,-0.32,0.42,-0.58,0.58
5-Control-RF,ag,0.55,550 MS.,,0.2,-0.35,0.36,-0.64,0.64
5-Control-RF,ag,0.55,550 MS.,,0.24,-0.31,0.44,-0.56,0.56
5-Control-RF,ag,0.55,550 MS.,,0.27,-0.28,0.49,-0.51,0.51
5-Control-RF,ag,0.55,550 MS.,,0.22,-0.33,0.39,-0.61,0.61
5-Control-RF,ag,0.55,550 MS.,,0.21,-0.34,0.38,-0.62,0.62
5-Control-RF,ag,0.55,550 MS.,,0.26,-0.29,0.47,-0.53,0.53
5-Control-RF,ag,0.55,550 MS.,,0.29,-0.26,0.52,-0.48,0.48
5-Control-RF,ag,0.55,550 MS.,,0.24,-0.31,0.44,-0.56,0.56
5-Control-RF,ag,0.55,550 MS.,,0.22,-0.33,0.41,-0.59,0.59
5-Control-RF,ag,0.55,550 MS.,,0.34,-0.21,0.61,-0.39,0.39
5-Control-RF,ag,0.55,550 MS.,,0.26,-0.29,0.47,-0.53,0.53
5-Control-RF,ag,0.55,550 MS.,,0.25,-0.3,0.45,-0.55,0.55
5-Control-RF,ag,0.55,550 MS.,,0.29,-0.26,0.52,-0.48,0.48
5-Control-RF,ag,0.55,550 MS.,,0.26,-0.29,0.48,-0.52,0.52
5-Control-RF,ag,0.55,550 MS.,,0.26,-0.29,0.47,-0.53,0.53
5-Control-RF,ag,0.55,550 MS.,,0.3,-0.25,0.54,-0.46,0.46
5-Control-RF,ag,0.55,550 MS.,,0.28,-0.27,0.51,-0.49,0.49
5-Control-RF,ag,0.55,550 MS.,,0.26,-0.29,0.47,-0.53,0.53
5-Control-RF,ag,0.55,550 MS.,,0.27,-0.28,0.49,-0.51,0.51
5-Control-RF,bs,0.55,550 MS.,,0.46,-0.09,0.84,-0.16,0.16
5-Control-RF,bs,0.55,550 MS.,,0.47,-0.08,0.86,-0.14,0.14
5-Control-RF,bs,0.55,550 MS.,,0.35,-0.2,0.64,-0.36,0.36
5-Control-RF,bs,0.55,550 MS.,,0.43,-0.12,0.79,-0.21,0.21
5-Control-RF,bs,0.55,550 MS.,,0.25,-0.3,0.45,-0.55,0.55
5-Control-RF,bs,0.55,550 MS.,,0.28,-0.27,0.51,-0.49,0.49
5-Control-RF,bs,0.55,550 MS.,,0.23,-0.32,0.42,-0.58,0.58
5-Control-RF,bs,0.55,550 MS.,,0.23,-0.32,0.42,-0.58,0.58
5-Control-RF,bs,0.55,550 MS.,,0.3,-0.25,0.55,-0.45,0.45
5-Control-RF,bs,0.55,550 MS.,,0.22,-0.33,0.41,-0.59,0.59
5-Control-RF,bs,0.55,550 MS.,,0.46,-0.09,0.84,-0.16,0.16
5-Control-RF,bs,0.55,550 MS.,,0.35,-0.2,0.64,-0.36,0.36
5-Control-RF,bs,0.55,550 MS.,,0.36,-0.19,0.65,-0.35,0.35
5-Control-RF,bs,0.55,550 MS.,,0.25,-0.3,0.45,-0.55,0.55
5-Control-RF,bs,0.55,550 MS.,,0.36,-0.19,0.65,-0.35,0.35
5-Control-RF,bs,0.55,550 MS.,,0.38,-0.17,0.68,-0.32,0.32
5-Control-RF,bs,0.55,550 MS.,,0.34,-0.21,0.63,-0.37,0.37
5-Control-RF,bs,0.55,550 MS.,,0.32,-0.23,0.58,-0.42,0.42
5-Control-RF,bs,0.55,550 MS.,,0.32,-0.23,0.58,-0.42,0.42
5-Control-RF,bs,0.55,550 MS.,,0.36,-0.19,0.65,-0.35,0.35
5-Control-RF,bs,0.55,550 MS.,,0.36,-0.19,0.65,-0.35,0.35
5-Control-RF,bs,0.55,550 MS.,,0.34,-0.21,0.63,-0.37,0.37
5-Control-RF,bs,0.55,550 MS.,,0.36,-0.19,0.65,-0.35,0.35
5-Control-RF,bs,0.55,550 MS.,,0.36,-0.19,0.65,-0.35,0.35
5-Control-RF,bs,0.55,550 MS.,,0.3,-0.25,0.55,-0.45,0.45
5-Control-RF,bs,0.55,550 MS.,,0.34,-0.21,0.61,-0.39,0.39
5-Control-RF,bs,0.55,550 MS.,,0.3,-0.25,0.54,-0.46,0.46
5-Control-RF,bs,0.55,550 MS.,,0.31,-0.24,0.57,-0.43,0.43
5-Control-RF,bs,0.55,550 MS.,,0.36,-0.19,0.65,-0.35,0.35
5-Control-RF,bs,0.55,550 MS.,,0.37,-0.18,0.67,-0.33,0.33
5-Control-RF,bs,0.55,550 MS.,,0.4,-0.15,0.73,-0.27,0.27
5-Control-RF,bs,0.55,550 MS.,,0.35,-0.2,0.64,-0.36,0.36
5-Control-RF,bs,0.55,550 MS.,,0.38,-0.17,0.68,-0.32,0.32
5-Control-RF,bs,0.55,550 MS.,,0.38,-0.17,0.7,-0.3,0.3
5-Control-RF,bs,0.55,550 MS.,,0.4,-0.15,0.73,-0.27,0.27
5-Control-RF,bs,0.55,550 MS.,,0.41,-0.14,0.74,-0.26,0.26
5-Control-RF,bs,0.55,550 MS.,,0.43,-0.12,0.79,-0.21,0.21
5-Control-RF,bs,0.55,550 MS.,,0.46,-0.09,0.83,-0.17,0.17
5-Control-RF,bs,0.55,550 MS.,,0.41,-0.14,0.74,-0.26,0.26
5-Control-RF,bs,0.55,550 MS.,,0.36,-0.19,0.65,-0.35,0.35
5-Control-RF,bs,0.55,550 MS.,,0.35,-0.2,0.64,-0.36,0.36
5-Control-RF,bs,0.55,550 MS.,,0.42,-0.13,0.76,-0.24,0.24
5-Control-RF,bs,0.55,550 MS.,,0.49,-0.06,0.89,-0.11,0.11
5-Control-RF,bs,0.55,550 MS.,,0.51,-0.04,0.93,-0.07,0.07
5-Control-RF,bs,0.55,550 MS.,,0.55,0,1,0,0
5-Control-RF,bs,0.55,550 MS.,,0.44,-0.11,0.8,-0.2,0.2
5-Control-RF,bs,0.55,550 MS.,,0.41,-0.14,0.74,-0.26,0.26
5-Control-RF,bs,0.55,550 MS.,,0.45,-0.1,0.81,-0.19,0.19
5-Control-RF,bs,0.55,550 MS.,,0.5,-0.05,0.92,-0.08,0.08
5-Control-RF,bs,0.55,550 MS.,,0.36,-0.19,0.65,-0.35,0.35
5-Control-RF,bt,0.55,550 MS.,,0.29,-0.26,0.52,-0.48,0.48
5-Control-RF,bt,0.55,550 MS.,,0.46,-0.09,0.83,-0.17,0.17
5-Control-RF,bt,0.55,550 MS.,,0.17,-0.38,0.31,-0.69,0.69
5-Control-RF,bt,0.55,550 MS.,,0.31,-0.24,0.57,-0.43,0.43
5-Control-RF,bt,0.55,550 MS.,,0.31,-0.24,0.57,-0.43,0.43
5-Control-RF,bt,0.55,550 MS.,,0.28,-0.27,0.51,-0.49,0.49
5-Control-RF,bt,0.55,550 MS.,,0.2,-0.35,0.36,-0.64,0.64
5-Control-RF,bt,0.55,550 MS.,,0.29,-0.26,0.52,-0.48,0.48
5-Control-RF,bt,0.55,550 MS.,,0.3,-0.25,0.55,-0.45,0.45
5-Control-RF,bt,0.55,550 MS.,,0.36,-0.19,0.65,-0.35,0.35
5-Control-RF,bt,0.55,550 MS.,,0.33,-0.22,0.6,-0.4,0.4
5-Control-RF,bt,0.55,550 MS.,,0.3,-0.25,0.54,-0.46,0.46
5-Control-RF,bt,0.55,550 MS.,,0.22,-0.33,0.39,-0.61,0.61
5-Control-RF,bt,0.55,550 MS.,,0.35,-0.2,0.64,-0.36,0.36
5-Control-RF,bt,0.55,550 MS.,,0.24,-0.31,0.44,-0.56,0.56
5-Control-RF,bt,0.55,550 MS.,,0.25,-0.3,0.45,-0.55,0.55
5-Control-RF,bt,0.55,550 MS.,,0.3,-0.25,0.54,-0.46,0.46
5-Control-RF,bt,0.55,550 MS.,,0.23,-0.32,0.42,-0.58,0.58
5-Control-RF,bt,0.55,550 MS.,,0.26,-0.29,0.48,-0.52,0.52
5-Control-RF,bt,0.55,550 MS.,,0.34,-0.21,0.63,-0.37,0.37
5-Control-RF,bt,0.55,550 MS.,,0.24,-0.31,0.44,-0.56,0.56
5-Control-RF,bt,0.55,550 MS.,,0.32,-0.23,0.58,-0.42,0.42
5-Control-RF,bt,0.55,550 MS.,,0.26,-0.29,0.47,-0.53,0.53
5-Control-RF,bt,0.55,550 MS.,,0.31,-0.24,0.57,-0.43,0.43
5-Control-RF,bt,0.55,550 MS.,,0.22,-0.33,0.39,-0.61,0.61
5-Control-RF,bt,0.55,550 MS.,,0.26,-0.29,0.47,-0.53,0.53
5-Control-RF,bt,0.55,550 MS.,,0.25,-0.3,0.45,-0.55,0.55
5-Control-RF,bt,0.55,550 MS.,,0.25,-0.3,0.45,-0.55,0.55
5-Control-RF,bt,0.55,550 MS.,,0.27,-0.28,0.49,-0.51,0.51
5-Control-RF,bt,0.55,550 MS.,,0.3,-0.25,0.55,-0.45,0.45
5-Control-RF,bt,0.55,550 MS.,,0.3,-0.25,0.55,-0.45,0.45
5-Control-RF,bt,0.55,550 MS.,,0.35,-0.2,0.64,-0.36,0.36
5-Control-RF,bt,0.55,550 MS.,,0.18,-0.37,0.32,-0.68,0.68
5-Control-RF,bt,0.55,550 MS.,,0.18,-0.37,0.32,-0.68,0.68
5-Control-RF,bt,0.55,550 MS.,,0.34,-0.21,0.61,-0.39,0.39
5-Control-RF,bt,0.55,550 MS.,,0.22,-0.33,0.39,-0.61,0.61
5-Control-RF,bt,0.55,550 MS.,,0.18,-0.37,0.33,-0.67,0.67
5-Control-RF,bt,0.55,550 MS.,,0.35,-0.2,0.64,-0.36,0.36
5-Control-RF,bt,0.55,550 MS.,,0.17,-0.38,0.31,-0.69,0.69
5-Control-RF,bt,0.55,550 MS.,,0.34,-0.21,0.63,-0.37,0.37
5-Control-RF,bt,0.55,550 MS.,,0.28,-0.27,0.51,-0.49,0.49
5-Control-RF,bt,0.55,550 MS.,,0.24,-0.31,0.44,-0.56,0.56
5-Control-RF,bt,0.55,550 MS.,,0.22,-0.33,0.41,-0.59,0.59
5-Control-RF,bt,0.55,550 MS.,,0.32,-0.23,0.58,-0.42,0.42
5-Control-RF,bt,0.55,550 MS.,,0.28,-0.27,0.51,-0.49,0.49
5-Control-RF,bt,0.55,550 MS.,,0.24,-0.31,0.44,-0.56,0.56
5-Control-RF,bt,0.55,550 MS.,,0.3,-0.25,0.55,-0.45,0.45
5-Control-RF,bt,0.55,550 MS.,,0.29,-0.26,0.52,-0.48,0.48
5-Control-RF,bt,0.55,550 MS.,,0.26,-0.29,0.47,-0.53,0.53
5-Control-RF,bt,0.55,550 MS.,,0.26,-0.29,0.47,-0.53,0.53
5-Control-RF,dt,0.55,550 MS.,,0.43,-0.12,0.79,-0.21,0.21
5-Control-RF,dt,0.55,550 MS.,,0.33,-0.22,0.6,-0.4,0.4
5-Control-RF,dt,0.55,550 MS.,,0.31,-0.24,0.57,-0.43,0.43
5-Control-RF,dt,0.55,550 MS.,,0.32,-0.23,0.58,-0.42,0.42
5-Control-RF,dt,0.55,550 MS.,,0.33,-0.22,0.6,-0.4,0.4
5-Control-RF,dt,0.55,550 MS.,,0.34,-0.21,0.63,-0.37,0.37
5-Control-RF,dt,0.55,550 MS.,,0.35,-0.2,0.64,-0.36,0.36
5-Control-RF,dt,0.55,550 MS.,,0.37,-0.18,0.67,-0.33,0.33
5-Control-RF,dt,0.55,550 MS.,,0.34,-0.21,0.61,-0.39,0.39
5-Control-RF,dt,0.55,550 MS.,,0.35,-0.2,0.64,-0.36,0.36
5-Control-RF,dt,0.55,550 MS.,,0.38,-0.17,0.68,-0.32,0.32
5-Control-RF,dt,0.55,550 MS.,,0.4,-0.15,0.73,-0.27,0.27
5-Control-RF,dt,0.55,550 MS.,,0.35,-0.2,0.64,-0.36,0.36
5-Control-RF,dt,0.55,550 MS.,,0.42,-0.13,0.77,-0.23,0.23
5-Control-RF,dt,0.55,550 MS.,,0.47,-0.08,0.86,-0.14,0.14
5-Control-RF,dt,0.55,550 MS.,,0.43,-0.12,0.79,-0.21,0.21
5-Control-RF,dt,0.55,550 MS.,,0.3,-0.25,0.55,-0.45,0.45
5-Control-RF,dt,0.55,550 MS.,,0.37,-0.18,0.67,-0.33,0.33
5-Control-RF,dt,0.55,550 MS.,,0.27,-0.28,0.49,-0.51,0.51
5-Control-RF,dt,0.55,550 MS.,,0.3,-0.25,0.55,-0.45,0.45
5-Control-RF,dt,0.55,550 MS.,,0.37,-0.18,0.67,-0.33,0.33
5-Control-RF,dt,0.55,550 MS.,,0.33,-0.22,0.6,-0.4,0.4
5-Control-RF,dt,0.55,550 MS.,,0.33,-0.22,0.6,-0.4,0.4
5-Control-RF,dt,0.55,550 MS.,,0.34,-0.21,0.61,-0.39,0.39
5-Control-RF,dt,0.55,550 MS.,,0.37,-0.18,0.67,-0.33,0.33
5-Control-RF,dt,0.55,550 MS.,,0.42,-0.13,0.76,-0.24,0.24
5-Control-RF,dt,0.55,550 MS.,,0.4,-0.15,0.73,-0.27,0.27
5-Control-RF,dt,0.55,550 MS.,,0.41,-0.14,0.74,-0.26,0.26
5-Control-RF,dt,0.55,550 MS.,,0.38,-0.17,0.68,-0.32,0.32
5-Control-RF,dt,0.55,550 MS.,,0.4,-0.15,0.73,-0.27,0.27
5-Control-RF,dt,0.55,550 MS.,,0.34,-0.21,0.63,-0.37,0.37
5-Control-RF,dt,0.55,550 MS.,,0.33,-0.22,0.6,-0.4,0.4
5-Control-RF,dt,0.55,550 MS.,,0.38,-0.17,0.7,-0.3,0.3
5-Control-RF,dt,0.55,550 MS.,,0.4,-0.15,0.73,-0.27,0.27
5-Control-RF,dt,0.55,550 MS.,,0.39,-0.16,0.71,-0.29,0.29
5-Control-RF,dt,0.55,550 MS.,,0.38,-0.17,0.68,-0.32,0.32
5-Control-RF,dt,0.55,550 MS.,,0.38,-0.17,0.68,-0.32,0.32
5-Control-RF,dt,0.55,550 MS.,,0.36,-0.19,0.65,-0.35,0.35
5-Control-RF,dt,0.55,550 MS.,,0.38,-0.17,0.68,-0.32,0.32
5-Control-RF,dt,0.55,550 MS.,,0.37,-0.18,0.67,-0.33,0.33
5-Control-RF,dt,0.55,550 MS.,,0.45,-0.1,0.81,-0.19,0.19
5-Control-RF,dt,0.55,550 MS.,,0.38,-0.17,0.7,-0.3,0.3
5-Control-RF,dt,0.55,550 MS.,,0.39,-0.16,0.71,-0.29,0.29
5-Control-RF,dt,0.55,550 MS.,,0.43,-0.12,0.79,-0.21,0.21
5-Control-RF,dt,0.55,550 MS.,,0.32,-0.23,0.58,-0.42,0.42
5-Control-RF,dt,0.55,550 MS.,,0.36,-0.19,0.65,-0.35,0.35
5-Control-RF,dt,0.55,550 MS.,,0.34,-0.21,0.63,-0.37,0.37
5-Control-RF,dt,0.55,550 MS.,,0.31,-0.24,0.57,-0.43,0.43
5-Control-RF,dt,0.55,550 MS.,,0.3,-0.25,0.55,-0.45,0.45
5-Control-RF,dt,0.55,550 MS.,,0.31,-0.24,0.57,-0.43,0.43
5-Control-RF,hc,0.55,550 MS.,,0.26,-0.29,0.48,-0.52,0.52
5-Control-RF,hc,0.55,550 MS.,,0.22,-0.33,0.41,-0.59,0.59
5-Control-RF,hc,0.55,550 MS.,,0.22,-0.33,0.41,-0.59,0.59
5-Control-RF,hc,0.55,550 MS.,,0.21,-0.34,0.38,-0.62,0.62
5-Control-RF,hc,0.55,550 MS.,,0.24,-0.31,0.44,-0.56,0.56
5-Control-RF,hc,0.55,550 MS.,,0.28,-0.27,0.51,-0.49,0.49
5-Control-RF,hc,0.55,550 MS.,,0.3,-0.25,0.55,-0.45,0.45
5-Control-RF,hc,0.55,550 MS.,,0.17,-0.38,0.31,-0.69,0.69
5-Control-RF,hc,0.55,550 MS.,,0.22,-0.33,0.41,-0.59,0.59
5-Control-RF,hc,0.55,550 MS.,,0.23,-0.32,0.42,-0.58,0.58
5-Control-RF,hc,0.55,550 MS.,,0.22,-0.33,0.41,-0.59,0.59
5-Control-RF,hc,0.55,550 MS.,,0.23,-0.32,0.42,-0.58,0.58
5-Control-RF,hc,0.55,550 MS.,,0.26,-0.29,0.47,-0.53,0.53
5-Control-RF,hc,0.55,550 MS.,,0.28,-0.27,0.51,-0.49,0.49
5-Control-RF,hc,0.55,550 MS.,,0.25,-0.3,0.45,-0.55,0.55
5-Control-RF,hc,0.55,550 MS.,,0.23,-0.32,0.42,-0.58,0.58
5-Control-RF,hc,0.55,550 MS.,,0.24,-0.31,0.44,-0.56,0.56
5-Control-RF,hc,0.55,550 MS.,,0.22,-0.33,0.41,-0.59,0.59
5-Control-RF,hc,0.55,550 MS.,,0.22,-0.33,0.41,-0.59,0.59
5-Control-RF,hc,0.55,550 MS.,,0.29,-0.26,0.52,-0.48,0.48
5-Control-RF,hc,0.55,550 MS.,,0.26,-0.29,0.48,-0.52,0.52
5-Control-RF,hc,0.55,550 MS.,,0.3,-0.25,0.54,-0.46,0.46
5-Control-RF,hc,0.55,550 MS.,,0.26,-0.29,0.47,-0.53,0.53
5-Control-RF,hc,0.55,550 MS.,,0.29,-0.26,0.52,-0.48,0.48
5-Control-RF,hc,0.55,550 MS.,,0.32,-0.23,0.58,-0.42,0.42
5-Control-RF,hc,0.55,550 MS.,,0.25,-0.3,0.45,-0.55,0.55
5-Control-RF,hc,0.55,550 MS.,,0.26,-0.29,0.48,-0.52,0.52
5-Control-RF,hc,0.55,550 MS.,,0.24,-0.31,0.44,-0.56,0.56
5-Control-RF,hc,0.55,550 MS.,,0.27,-0.28,0.49,-0.51,0.51
5-Control-RF,hc,0.55,550 MS.,,0.24,-0.31,0.44,-0.56,0.56
5-Control-RF,hc,0.55,550 MS.,,0.3,-0.25,0.54,-0.46,0.46
5-Control-RF,hc,0.55,550 MS.,,0.24,-0.31,0.44,-0.56,0.56
5-Control-RF,hc,0.55,550 MS.,,0.27,-0.28,0.49,-0.51,0.51
5-Control-RF,hc,0.55,550 MS.,,0.26,-0.29,0.47,-0.53,0.53
5-Control-RF,hc,0.55,550 MS.,,0.26,-0.29,0.48,-0.52,0.52
5-Control-RF,hc,0.55,550 MS.,,0.25,-0.3,0.45,-0.55,0.55
5-Control-RF,hc,0.55,550 MS.,,0.26,-0.29,0.48,-0.52,0.52
5-Control-RF,hc,0.55,550 MS.,,0.33,-0.22,0.6,-0.4,0.4
5-Control-RF,hc,0.55,550 MS.,,0.27,-0.28,0.49,-0.51,0.51
5-Control-RF,hc,0.55,550 MS.,,0.27,-0.28,0.49,-0.51,0.51
5-Control-RF,hc,0.55,550 MS.,,0.29,-0.26,0.52,-0.48,0.48
5-Control-RF,hc,0.55,550 MS.,,0.3,-0.25,0.54,-0.46,0.46
5-Control-RF,hc,0.55,550 MS.,,0.3,-0.25,0.54,-0.46,0.46
5-Control-RF,hc,0.55,550 MS.,,0.28,-0.27,0.51,-0.49,0.49
5-Control-RF,hc,0.55,550 MS.,,0.3,-0.25,0.54,-0.46,0.46
5-Control-RF,hc,0.55,550 MS.,,0.34,-0.21,0.61,-0.39,0.39
5-Control-RF,hc,0.55,550 MS.,,0.27,-0.28,0.49,-0.51,0.51
5-Control-RF,hc,0.55,550 MS.,,0.3,-0.25,0.55,-0.45,0.45
5-Control-RF,hc,0.55,550 MS.,,0.34,-0.21,0.61,-0.39,0.39
5-Control-RF,hc,0.55,550 MS.,,0.35,-0.2,0.64,-0.36,0.36
5-Control-RF,ho,0.55,550 MS.,,0.45,-0.1,0.81,-0.19,0.19
5-Control-RF,ho,0.55,550 MS.,,0.35,-0.2,0.64,-0.36,0.36
5-Control-RF,ho,0.55,550 MS.,,0.49,-0.06,0.89,-0.11,0.11
5-Control-RF,ho,0.55,550 MS.,,0.58,0.03,1.06,0.06,-0.06
5-Control-RF,ho,0.55,550 MS.,,0.5,-0.05,0.9,-0.1,0.1
5-Control-RF,ho,0.55,550 MS.,,0.54,-0.01,0.99,-0.01,0.01
5-Control-RF,ho,0.55,550 MS.,,0.61,0.06,1.11,0.11,-0.11
5-Control-RF,ho,0.55,550 MS.,,0.57,0.02,1.03,0.03,-0.03
5-Control-RF,ho,0.55,550 MS.,,0.5,-0.05,0.9,-0.1,0.1
5-Control-RF,ho,0.55,550 MS.,,0.53,-0.02,0.96,-0.04,0.04
5-Control-RF,ho,0.55,550 MS.,,0.61,0.06,1.11,0.11,-0.11
5-Control-RF,ho,0.55,550 MS.,,0.5,-0.05,0.9,-0.1,0.1
5-Control-RF,ho,0.55,550 MS.,,0.52,-0.03,0.95,-0.05,0.05
5-Control-RF,ho,0.55,550 MS.,,0.66,0.11,1.21,0.21,-0.21
5-Control-RF,ho,0.55,550 MS.,,0.54,-0.01,0.99,-0.01,0.01
5-Control-RF,ho,0.55,550 MS.,,0.47,-0.08,0.86,-0.14,0.14
5-Control-RF,ho,0.55,550 MS.,,0.6,0.05,1.09,0.09,-0.09
5-Control-RF,ho,0.55,550 MS.,,0.61,0.06,1.11,0.11,-0.11
5-Control-RF,ho,0.55,550 MS.,,0.66,0.11,1.21,0.21,-0.21
5-Control-RF,ho,0.55,550 MS.,,0.71,0.16,1.29,0.29,-0.29
5-Control-RF,ho,0.55,550 MS.,,0.71,0.16,1.29,0.29,-0.29
5-Control-RF,ho,0.55,550 MS.,,0.66,0.11,1.19,0.19,-0.19
5-Control-RF,ho,0.55,550 MS.,,0.52,-0.03,0.95,-0.05,0.05
5-Control-RF,ho,0.55,550 MS.,,0.46,-0.09,0.84,-0.16,0.16
5-Control-RF,ho,0.55,550 MS.,,0.55,0,1,0,0
5-Control-RF,ho,0.55,550 MS.,,0.55,0,1,0,0
5-Control-RF,ho,0.55,550 MS.,,0.55,0,1,0,0
5-Control-RF,ho,0.55,550 MS.,,0.54,-0.01,0.97,-0.03,0.03
5-Control-RF,ho,0.55,550 MS.,,0.63,0.08,1.15,0.15,-0.15
5-Control-RF,ho,0.55,550 MS.,,0.46,-0.09,0.83,-0.17,0.17
5-Control-RF,ho,0.55,550 MS.,,0.47,-0.08,0.86,-0.14,0.14
5-Control-RF,ho,0.55,550 MS.,,0.38,-0.17,0.7,-0.3,0.3
5-Control-RF,ho,0.55,550 MS.,,0.43,-0.12,0.79,-0.21,0.21
5-Control-RF,ho,0.55,550 MS.,,0.51,-0.04,0.93,-0.07,0.07
5-Control-RF,ho,0.55,550 MS.,,0.5,-0.05,0.92,-0.08,0.08
5-Control-RF,ho,0.55,550 MS.,,0.53,-0.02,0.96,-0.04,0.04
5-Control-RF,ho,0.55,550 MS.,,0.53,-0.02,0.96,-0.04,0.04
5-Control-RF,ho,0.55,550 MS.,,0.39,-0.16,0.71,-0.29,0.29
5-Control-RF,ho,0.55,550 MS.,,0.5,-0.05,0.92,-0.08,0.08
5-Control-RF,ho,0.55,550 MS.,,0.53,-0.02,0.96,-0.04,0.04
5-Control-RF,ho,0.55,550 MS.,,0.5,-0.05,0.92,-0.08,0.08
5-Control-RF,ho,0.55,550 MS.,,0.54,-0.01,0.97,-0.03,0.03
5-Control-RF,ho,0.55,550 MS.,,0.47,-0.08,0.86,-0.14,0.14
5-Control-RF,ho,0.55,550 MS.,,0.54,-0.01,0.99,-0.01,0.01
5-Control-RF,ho,0.55,550 MS.,,0.56,0.01,1.02,0.02,-0.02
5-Control-RF,ho,0.55,550 MS.,,0.59,0.04,1.08,0.08,-0.08
5-Control-RF,ho,0.55,550 MS.,,0.63,0.08,1.15,0.15,-0.15
5-Control-RF,ho,0.55,550 MS.,,0.61,0.06,1.11,0.11,-0.11
5-Control-RF,ho,0.55,550 MS.,,0.56,0.01,1.02,0.02,-0.02
5-Control-RF,ho,0.55,550 MS.,,0.59,0.04,1.08,0.08,-0.08
5-Control-RF,ia,0.55,550 MS.,,0.32,-0.23,0.58,-0.42,0.42
5-Control-RF,ia,0.55,550 MS.,,0.37,-0.18,0.67,-0.33,0.33
5-Control-RF,ia,0.55,550 MS.,,0.29,-0.26,0.52,-0.48,0.48
5-Control-RF,ia,0.55,550 MS.,,0.31,-0.24,0.57,-0.43,0.43
5-Control-RF,ia,0.55,550 MS.,,0.16,-0.39,0.29,-0.71,0.71
5-Control-RF,ia,0.55,550 MS.,,0.14,-0.41,0.26,-0.74,0.74
5-Control-RF,ia,0.55,550 MS.,,0.12,-0.43,0.22,-0.78,0.78
5-Control-RF,ia,0.55,550 MS.,,0.13,-0.42,0.23,-0.77,0.77
5-Control-RF,ia,0.55,550 MS.,,0.17,-0.38,0.31,-0.69,0.69
5-Control-RF,ia,0.55,550 MS.,,0.17,-0.38,0.31,-0.69,0.69
5-Control-RF,ia,0.55,550 MS.,,0.22,-0.33,0.41,-0.59,0.59
5-Control-RF,ia,0.55,550 MS.,,0.25,-0.3,0.45,-0.55,0.55
5-Control-RF,ia,0.55,550 MS.,,0.22,-0.33,0.41,-0.59,0.59
5-Control-RF,ia,0.55,550 MS.,,0.33,-0.22,0.6,-0.4,0.4
5-Control-RF,ia,0.55,550 MS.,,0.37,-0.18,0.67,-0.33,0.33
5-Control-RF,ia,0.55,550 MS.,,0.37,-0.18,0.67,-0.33,0.33
5-Control-RF,ia,0.55,550 MS.,,0.24,-0.31,0.44,-0.56,0.56
5-Control-RF,ia,0.55,550 MS.,,0.22,-0.33,0.41,-0.59,0.59
5-Control-RF,ia,0.55,550 MS.,,0.23,-0.32,0.42,-0.58,0.58
5-Control-RF,ia,0.55,550 MS.,,0.26,-0.29,0.48,-0.52,0.52
5-Control-RF,ia,0.55,550 MS.,,0.26,-0.29,0.47,-0.53,0.53
5-Control-RF,ia,0.55,550 MS.,,0.25,-0.3,0.45,-0.55,0.55
5-Control-RF,ia,0.55,550 MS.,,0.18,-0.37,0.33,-0.67,0.67
5-Control-RF,ia,0.55,550 MS.,,0.25,-0.3,0.45,-0.55,0.55
5-Control-RF,ia,0.55,550 MS.,,0.22,-0.33,0.39,-0.61,0.61
5-Control-RF,ia,0.55,550 MS.,,0.26,-0.29,0.47,-0.53,0.53
5-Control-RF,ia,0.55,550 MS.,,0.24,-0.31,0.44,-0.56,0.56
5-Control-RF,ia,0.55,550 MS.,,0.26,-0.29,0.48,-0.52,0.52
5-Control-RF,ia,0.55,550 MS.,,0.24,-0.31,0.44,-0.56,0.56
5-Control-RF,ia,0.55,550 MS.,,0.26,-0.29,0.48,-0.52,0.52
5-Control-RF,ia,0.55,550 MS.,,0.27,-0.28,0.49,-0.51,0.51
5-Control-RF,ia,0.55,550 MS.,,0.26,-0.29,0.47,-0.53,0.53
5-Control-RF,ia,0.55,550 MS.,,0.26,-0.29,0.47,-0.53,0.53
5-Control-RF,ia,0.55,550 MS.,,0.25,-0.3,0.45,-0.55,0.55
5-Control-RF,ia,0.55,550 MS.,,0.23,-0.32,0.42,-0.58,0.58
5-Control-RF,ia,0.55,550 MS.,,0.35,-0.2,0.64,-0.36,0.36
5-Control-RF,ia,0.55,550 MS.,,0.26,-0.29,0.48,-0.52,0.52
5-Control-RF,ia,0.55,550 MS.,,0.27,-0.28,0.49,-0.51,0.51
5-Control-RF,ia,0.55,550 MS.,,0.22,-0.33,0.41,-0.59,0.59
5-Control-RF,ia,0.55,550 MS.,,0.4,-0.15,0.73,-0.27,0.27
5-Control-RF,ia,0.55,550 MS.,,0.29,-0.26,0.52,-0.48,0.48
5-Control-RF,ia,0.55,550 MS.,,0.26,-0.29,0.48,-0.52,0.52
5-Control-RF,ia,0.55,550 MS.,,0.24,-0.31,0.44,-0.56,0.56
5-Control-RF,ia,0.55,550 MS.,,0.39,-0.16,0.71,-0.29,0.29
5-Control-RF,ia,0.55,550 MS.,,0.35,-0.2,0.64,-0.36,0.36
5-Control-RF,ia,0.55,550 MS.,,0.29,-0.26,0.52,-0.48,0.48
5-Control-RF,ia,0.55,550 MS.,,0.4,-0.15,0.73,-0.27,0.27
5-Control-RF,ia,0.55,550 MS.,,0.31,-0.24,0.57,-0.43,0.43
5-Control-RF,ia,0.55,550 MS.,,0.38,-0.17,0.68,-0.32,0.32
5-Control-RF,ia,0.55,550 MS.,,0.37,-0.18,0.67,-0.33,0.33
5-Control-RF,mae,0.55,550 MS.,,0.42,-0.13,0.76,-0.24,0.24
5-Control-RF,mae,0.55,550 MS.,,0.24,-0.31,0.44,-0.56,0.56
5-Control-RF,mae,0.55,550 MS.,,0.34,-0.21,0.61,-0.39,0.39
5-Control-RF,mae,0.55,550 MS.,,0.43,-0.12,0.79,-0.21,0.21
5-Control-RF,mae,0.55,550 MS.,,0.39,-0.16,0.71,-0.29,0.29
5-Control-RF,mae,0.55,550 MS.,,0.52,-0.03,0.95,-0.05,0.05
5-Control-RF,mae,0.55,550 MS.,,0.5,-0.05,0.9,-0.1,0.1
5-Control-RF,mae,0.55,550 MS.,,0.57,0.02,1.03,0.03,-0.03
5-Control-RF,mae,0.55,550 MS.,,0.58,0.03,1.05,0.05,-0.05
5-Control-RF,mae,0.55,550 MS.,,0.65,0.1,1.18,0.18,-0.18
5-Control-RF,mae,0.55,550 MS.,,0.55,0,1,0,0
5-Control-RF,mae,0.55,550 MS.,,0.58,0.03,1.06,0.06,-0.06
5-Control-RF,mae,0.55,550 MS.,,0.6,0.05,1.09,0.09,-0.09
5-Control-RF,mae,0.55,550 MS.,,0.61,0.06,1.11,0.11,-0.11
5-Control-RF,mae,0.55,550 MS.,,0.55,0,1,0,0
5-Control-RF,mae,0.55,550 MS.,,0.61,0.06,1.11,0.11,-0.11
5-Control-RF,mae,0.55,550 MS.,,0.58,0.03,1.05,0.05,-0.05
5-Control-RF,mae,0.55,550 MS.,,0.61,0.06,1.11,0.11,-0.11
5-Control-RF,mae,0.55,550 MS.,,0.59,0.04,1.08,0.08,-0.08
5-Control-RF,mae,0.55,550 MS.,,0.58,0.03,1.06,0.06,-0.06
5-Control-RF,mae,0.55,550 MS.,,0.67,0.12,1.22,0.22,-0.22
5-Control-RF,mae,0.55,550 MS.,,0.62,0.07,1.13,0.13,-0.13
5-Control-RF,mae,0.55,550 MS.,,0.63,0.08,1.15,0.15,-0.15
5-Control-RF,mae,0.55,550 MS.,,0.63,0.08,1.15,0.15,-0.15
5-Control-RF,mae,0.55,550 MS.,,0.69,0.14,1.25,0.25,-0.25
5-Control-RF,mae,0.55,550 MS.,,0.59,0.04,1.08,0.08,-0.08
5-Control-RF,mae,0.55,550 MS.,,0.62,0.07,1.12,0.12,-0.12
5-Control-RF,mae,0.55,550 MS.,,0.62,0.07,1.13,0.13,-0.13
5-Control-RF,mae,0.55,550 MS.,,0.64,0.09,1.16,0.16,-0.16
5-Control-RF,mae,0.55,550 MS.,,0.58,0.03,1.05,0.05,-0.05
5-Control-RF,mae,0.55,550 MS.,,0.67,0.12,1.22,0.22,-0.22
5-Control-RF,mae,0.55,550 MS.,,0.6,0.05,1.09,0.09,-0.09
5-Control-RF,mae,0.55,550 MS.,,0.66,0.11,1.21,0.21,-0.21
5-Control-RF,mae,0.55,550 MS.,,0.68,0.13,1.24,0.24,-0.24
5-Control-RF,mae,0.55,550 MS.,,0.62,0.07,1.13,0.13,-0.13
5-Control-RF,mae,0.55,550 MS.,,0.64,0.09,1.16,0.16,-0.16
5-Control-RF,mae,0.55,550 MS.,,0.64,0.09,1.16,0.16,-0.16
5-Control-RF,mae,0.55,550 MS.,,0.62,0.07,1.12,0.12,-0.12
5-Control-RF,mae,0.55,550 MS.,,0.62,0.07,1.12,0.12,-0.12
5-Control-RF,mae,0.55,550 MS.,,0.68,0.13,1.24,0.24,-0.24
5-Control-RF,mae,0.55,550 MS.,,0.68,0.13,1.24,0.24,-0.24
5-Control-RF,mae,0.55,550 MS.,,0.62,0.07,1.12,0.12,-0.12
5-Control-RF,mae,0.55,550 MS.,,0.6,0.05,1.09,0.09,-0.09
5-Control-RF,mae,0.55,550 MS.,,0.59,0.04,1.08,0.08,-0.08
5-Control-RF,mae,0.55,550 MS.,,0.7,0.15,1.27,0.27,-0.27
5-Control-RF,mae,0.55,550 MS.,,0.64,0.09,1.16,0.16,-0.16
5-Control-RF,mae,0.55,550 MS.,,0.67,0.12,1.22,0.22,-0.22
5-Control-RF,mae,0.55,550 MS.,,0.67,0.12,1.22,0.22,-0.22
5-Control-RF,mae,0.55,550 MS.,,0.74,0.19,1.35,0.35,-0.35
5-Control-RF,mae,0.55,550 MS.,,0.66,0.11,1.19,0.19,-0.19
5-Control-RF,ot,0.55,550 MS.,,0.54,-0.01,0.99,-0.01,0.01
5-Control-RF,ot,0.55,550 MS.,,0.43,-0.12,0.79,-0.21,0.21
5-Control-RF,ot,0.55,550 MS.,,0.41,-0.14,0.74,-0.26,0.26
5-Control-RF,ot,0.55,550 MS.,,0.38,-0.17,0.68,-0.32,0.32
5-Control-RF,ot,0.55,550 MS.,,0.34,-0.21,0.61,-0.39,0.39
5-Control-RF,ot,0.55,550 MS.,,0.36,-0.19,0.65,-0.35,0.35
5-Control-RF,ot,0.55,550 MS.,,0.37,-0.18,0.67,-0.33,0.33
5-Control-RF,ot,0.55,550 MS.,,0.38,-0.17,0.7,-0.3,0.3
5-Control-RF,ot,0.55,550 MS.,,0.4,-0.15,0.73,-0.27,0.27
5-Control-RF,ot,0.55,550 MS.,,0.51,-0.04,0.93,-0.07,0.07
5-Control-RF,ot,0.55,550 MS.,,0.42,-0.13,0.76,-0.24,0.24
5-Control-RF,ot,0.55,550 MS.,,0.39,-0.16,0.71,-0.29,0.29
5-Control-RF,ot,0.55,550 MS.,,0.38,-0.17,0.7,-0.3,0.3
5-Control-RF,ot,0.55,550 MS.,,0.34,-0.21,0.61,-0.39,0.39
5-Control-RF,ot,0.55,550 MS.,,0.36,-0.19,0.65,-0.35,0.35
5-Control-RF,ot,0.55,550 MS.,,0.34,-0.21,0.63,-0.37,0.37
5-Control-RF,ot,0.55,550 MS.,,0.34,-0.21,0.61,-0.39,0.39
5-Control-RF,ot,0.55,550 MS.,,0.33,-0.22,0.6,-0.4,0.4
5-Control-RF,ot,0.55,550 MS.,,0.29,-0.26,0.52,-0.48,0.48
5-Control-RF,ot,0.55,550 MS.,,0.31,-0.24,0.57,-0.43,0.43
5-Control-RF,ot,0.55,550 MS.,,0.3,-0.25,0.55,-0.45,0.45
5-Control-RF,ot,0.55,550 MS.,,0.28,-0.27,0.51,-0.49,0.49
5-Control-RF,ot,0.55,550 MS.,,0.29,-0.26,0.52,-0.48,0.48
5-Control-RF,ot,0.55,550 MS.,,0.3,-0.25,0.55,-0.45,0.45
5-Control-RF,ot,0.55,550 MS.,,0.27,-0.28,0.49,-0.51,0.51
5-Control-RF,ot,0.55,550 MS.,,0.29,-0.26,0.52,-0.48,0.48
5-Control-RF,ot,0.55,550 MS.,,0.31,-0.24,0.57,-0.43,0.43
5-Control-RF,ot,0.55,550 MS.,,0.32,-0.23,0.58,-0.42,0.42
5-Control-RF,ot,0.55,550 MS.,,0.34,-0.21,0.61,-0.39,0.39
5-Control-RF,ot,0.55,550 MS.,,0.31,-0.24,0.57,-0.43,0.43
5-Control-RF,ot,0.55,550 MS.,,0.26,-0.29,0.48,-0.52,0.52
5-Control-RF,ot,0.55,550 MS.,,0.26,-0.29,0.47,-0.53,0.53
5-Control-RF,ot,0.55,550 MS.,,0.26,-0.29,0.47,-0.53,0.53
5-Control-RF,ot,0.55,550 MS.,,0.25,-0.3,0.45,-0.55,0.55
5-Control-RF,ot,0.55,550 MS.,,0.26,-0.29,0.48,-0.52,0.52
5-Control-RF,ot,0.55,550 MS.,,0.26,-0.29,0.48,-0.52,0.52
5-Control-RF,ot,0.55,550 MS.,,0.25,-0.3,0.45,-0.55,0.55
5-Control-RF,ot,0.55,550 MS.,,0.29,-0.26,0.52,-0.48,0.48
5-Control-RF,ot,0.55,550 MS.,,0.3,-0.25,0.55,-0.45,0.45
5-Control-RF,ot,0.55,550 MS.,,0.27,-0.28,0.49,-0.51,0.51
5-Control-RF,ot,0.55,550 MS.,,0.25,-0.3,0.45,-0.55,0.55
5-Control-RF,ot,0.55,550 MS.,,0.23,-0.32,0.42,-0.58,0.58
5-Control-RF,ot,0.55,550 MS.,,0.27,-0.28,0.49,-0.51,0.51
5-Control-RF,ot,0.55,550 MS.,,0.26,-0.29,0.48,-0.52,0.52
5-Control-RF,ot,0.55,550 MS.,,0.26,-0.29,0.48,-0.52,0.52
5-Control-RF,ot,0.55,550 MS.,,0.27,-0.28,0.49,-0.51,0.51
5-Control-RF,ot,0.55,550 MS.,,0.28,-0.27,0.51,-0.49,0.49
5-Control-RF,ot,0.55,550 MS.,,0.25,-0.3,0.45,-0.55,0.55
5-Control-RF,ot,0.55,550 MS.,,0.25,-0.3,0.45,-0.55,0.55
5-Control-RF,ot,0.55,550 MS.,,0.29,-0.26,0.52,-0.48,0.48
6-Prediction-RF,ad,0.55,550 MS.,TRUE,0.38,-0.17,0.68,-0.32,0.32
6-Prediction-RF,ad,0.55,550 MS.,TRUE,0.29,-0.26,0.52,-0.48,0.48
6-Prediction-RF,ad,0.55,550 MS.,FALSE,0.3,-0.25,0.55,-0.45,0.45
6-Prediction-RF,ad,0.55,550 MS.,TRUE,0.3,-0.25,0.54,-0.46,0.46
6-Prediction-RF,ad,0.55,550 MS.,TRUE,0.3,-0.25,0.55,-0.45,0.45
6-Prediction-RF,ad,0.55,550 MS.,FALSE,0.62,0.07,1.12,0.12,-0.12
6-Prediction-RF,ad,0.55,550 MS.,FALSE,0.3,-0.25,0.55,-0.45,0.45
6-Prediction-RF,ad,0.55,550 MS.,TRUE,0.36,-0.19,0.65,-0.35,0.35
6-Prediction-RF,ad,0.55,550 MS.,TRUE,0.38,-0.17,0.68,-0.32,0.32
6-Prediction-RF,ad,0.55,550 MS.,FALSE,0.51,-0.04,0.93,-0.07,0.07
6-Prediction-RF,ad,0.55,550 MS.,TRUE,0.44,-0.11,0.8,-0.2,0.2
6-Prediction-RF,ad,0.55,550 MS.,FALSE,0.13,-0.42,0.23,-0.77,0.77
6-Prediction-RF,ad,0.55,550 MS.,TRUE,0.68,0.13,1.24,0.24,-0.24
6-Prediction-RF,ad,0.55,550 MS.,FALSE,0.49,-0.06,0.89,-0.11,0.11
6-Prediction-RF,ad,0.55,550 MS.,TRUE,0.5,-0.05,0.92,-0.08,0.08
6-Prediction-RF,ad,0.55,550 MS.,FALSE,0.38,-0.17,0.7,-0.3,0.3
6-Prediction-RF,ad,0.55,550 MS.,FALSE,0.37,-0.18,0.67,-0.33,0.33
6-Prediction-RF,ad,0.55,550 MS.,TRUE,0.42,-0.13,0.76,-0.24,0.24
6-Prediction-RF,ad,0.55,550 MS.,FALSE,0.67,0.12,1.22,0.22,-0.22
6-Prediction-RF,ad,0.55,550 MS.,FALSE,0.66,0.11,1.19,0.19,-0.19
6-Prediction-RF,ad,0.55,550 MS.,FALSE,0.62,0.07,1.12,0.12,-0.12
6-Prediction-RF,ad,0.55,550 MS.,FALSE,0.34,-0.21,0.63,-0.37,0.37
6-Prediction-RF,ad,0.55,550 MS.,TRUE,0.36,-0.19,0.65,-0.35,0.35
6-Prediction-RF,ad,0.55,550 MS.,FALSE,0.38,-0.17,0.68,-0.32,0.32
6-Prediction-RF,ad,0.55,550 MS.,TRUE,0.61,0.06,1.11,0.11,-0.11
6-Prediction-RF,ad,0.55,550 MS.,FALSE,0.57,0.02,1.03,0.03,-0.03
6-Prediction-RF,ad,0.55,550 MS.,TRUE,0.58,0.03,1.05,0.05,-0.05
6-Prediction-RF,ad,0.55,550 MS.,TRUE,0.81,0.26,1.47,0.47,-0.47
6-Prediction-RF,ad,0.55,550 MS.,FALSE,0.4,-0.15,0.73,-0.27,0.27
6-Prediction-RF,ad,0.55,550 MS.,FALSE,0.44,-0.11,0.8,-0.2,0.2
6-Prediction-RF,ad,0.55,550 MS.,TRUE,0.66,0.11,1.21,0.21,-0.21
6-Prediction-RF,ad,0.55,550 MS.,FALSE,0.82,0.27,1.5,0.5,-0.5
6-Prediction-RF,ad,0.55,550 MS.,TRUE,0.49,-0.06,0.89,-0.11,0.11
6-Prediction-RF,ad,0.55,550 MS.,TRUE,0.44,-0.11,0.8,-0.2,0.2
6-Prediction-RF,ad,0.55,550 MS.,FALSE,0.44,-0.11,0.8,-0.2,0.2
6-Prediction-RF,ad,0.55,550 MS.,TRUE,0.46,-0.09,0.83,-0.17,0.17
6-Prediction-RF,ad,0.55,550 MS.,FALSE,0.37,-0.18,0.67,-0.33,0.33
6-Prediction-RF,ad,0.55,550 MS.,TRUE,0.52,-0.03,0.95,-0.05,0.05
6-Prediction-RF,ad,0.55,550 MS.,FALSE,0.44,-0.11,0.8,-0.2,0.2
6-Prediction-RF,ad,0.55,550 MS.,TRUE,0.31,-0.24,0.57,-0.43,0.43
6-Prediction-RF,ad,0.55,550 MS.,FALSE,0.47,-0.08,0.86,-0.14,0.14
6-Prediction-RF,ad,0.55,550 MS.,FALSE,0.76,0.21,1.38,0.38,-0.38
6-Prediction-RF,ad,0.55,550 MS.,FALSE,0.66,0.11,1.21,0.21,-0.21
6-Prediction-RF,ad,0.55,550 MS.,TRUE,0.67,0.12,1.22,0.22,-0.22
6-Prediction-RF,ad,0.55,550 MS.,TRUE,0.72,0.17,1.31,0.31,-0.31
6-Prediction-RF,ad,0.55,550 MS.,TRUE,0.62,0.07,1.12,0.12,-0.12
6-Prediction-RF,ad,0.55,550 MS.,FALSE,0.75,0.2,1.37,0.37,-0.37
6-Prediction-RF,ad,0.55,550 MS.,FALSE,0.66,0.11,1.19,0.19,-0.19
6-Prediction-RF,ad,0.55,550 MS.,FALSE,0.83,0.28,1.51,0.51,-0.51
6-Prediction-RF,ad,0.55,550 MS.,FALSE,0.74,0.19,1.34,0.34,-0.34
6-Prediction-RF,ag,0.55,550 MS.,TRUE,0.32,-0.23,0.58,-0.42,0.42
6-Prediction-RF,ag,0.55,550 MS.,TRUE,0.38,-0.17,0.7,-0.3,0.3
6-Prediction-RF,ag,0.55,550 MS.,TRUE,0.34,-0.21,0.63,-0.37,0.37
6-Prediction-RF,ag,0.55,550 MS.,TRUE,0.46,-0.09,0.84,-0.16,0.16
6-Prediction-RF,ag,0.55,550 MS.,TRUE,0.52,-0.03,0.95,-0.05,0.05
6-Prediction-RF,ag,0.55,550 MS.,FALSE,0.34,-0.21,0.61,-0.39,0.39
6-Prediction-RF,ag,0.55,550 MS.,FALSE,0.42,-0.13,0.77,-0.23,0.23
6-Prediction-RF,ag,0.55,550 MS.,TRUE,0.47,-0.08,0.86,-0.14,0.14
6-Prediction-RF,ag,0.55,550 MS.,TRUE,0.54,-0.01,0.97,-0.03,0.03
6-Prediction-RF,ag,0.55,550 MS.,TRUE,0.58,0.03,1.05,0.05,-0.05
6-Prediction-RF,ag,0.55,550 MS.,FALSE,0.36,-0.19,0.65,-0.35,0.35
6-Prediction-RF,ag,0.55,550 MS.,FALSE,0.45,-0.1,0.81,-0.19,0.19
6-Prediction-RF,ag,0.55,550 MS.,FALSE,0.48,-0.07,0.87,-0.13,0.13
6-Prediction-RF,ag,0.55,550 MS.,TRUE,0.47,-0.08,0.86,-0.14,0.14
6-Prediction-RF,ag,0.55,550 MS.,FALSE,0.46,-0.09,0.84,-0.16,0.16
6-Prediction-RF,ag,0.55,550 MS.,TRUE,0.5,-0.05,0.9,-0.1,0.1
6-Prediction-RF,ag,0.55,550 MS.,FALSE,0.5,-0.05,0.9,-0.1,0.1
6-Prediction-RF,ag,0.55,550 MS.,FALSE,0.55,0,1,0,0
6-Prediction-RF,ag,0.55,550 MS.,TRUE,0.54,-0.01,0.97,-0.03,0.03
6-Prediction-RF,ag,0.55,550 MS.,TRUE,0.54,-0.01,0.97,-0.03,0.03
6-Prediction-RF,ag,0.55,550 MS.,TRUE,0.55,0,1,0,0
6-Prediction-RF,ag,0.55,550 MS.,TRUE,0.51,-0.04,0.93,-0.07,0.07
6-Prediction-RF,ag,0.55,550 MS.,FALSE,0.54,-0.01,0.99,-0.01,0.01
6-Prediction-RF,ag,0.55,550 MS.,FALSE,0.5,-0.05,0.92,-0.08,0.08
6-Prediction-RF,ag,0.55,550 MS.,TRUE,0.46,-0.09,0.83,-0.17,0.17
6-Prediction-RF,ag,0.55,550 MS.,TRUE,0.46,-0.09,0.84,-0.16,0.16
6-Prediction-RF,ag,0.55,550 MS.,FALSE,0.46,-0.09,0.83,-0.17,0.17
6-Prediction-RF,ag,0.55,550 MS.,TRUE,0.54,-0.01,0.97,-0.03,0.03
6-Prediction-RF,ag,0.55,550 MS.,TRUE,0.5,-0.05,0.9,-0.1,0.1
6-Prediction-RF,ag,0.55,550 MS.,FALSE,0.42,-0.13,0.77,-0.23,0.23
6-Prediction-RF,ag,0.55,550 MS.,TRUE,0.52,-0.03,0.95,-0.05,0.05
6-Prediction-RF,ag,0.55,550 MS.,TRUE,0.48,-0.07,0.87,-0.13,0.13
6-Prediction-RF,ag,0.55,550 MS.,TRUE,0.5,-0.05,0.92,-0.08,0.08
6-Prediction-RF,ag,0.55,550 MS.,FALSE,0.46,-0.09,0.84,-0.16,0.16
6-Prediction-RF,ag,0.55,550 MS.,FALSE,0.49,-0.06,0.89,-0.11,0.11
6-Prediction-RF,ag,0.55,550 MS.,TRUE,0.54,-0.01,0.99,-0.01,0.01
6-Prediction-RF,ag,0.55,550 MS.,FALSE,0.54,-0.01,0.97,-0.03,0.03
6-Prediction-RF,ag,0.55,550 MS.,TRUE,0.59,0.04,1.08,0.08,-0.08
6-Prediction-RF,ag,0.55,550 MS.,TRUE,0.54,-0.01,0.97,-0.03,0.03
6-Prediction-RF,ag,0.55,550 MS.,FALSE,0.54,-0.01,0.99,-0.01,0.01
6-Prediction-RF,ag,0.55,550 MS.,FALSE,0.55,0,1,0,0
6-Prediction-RF,ag,0.55,550 MS.,TRUE,0.47,-0.08,0.86,-0.14,0.14
6-Prediction-RF,ag,0.55,550 MS.,TRUE,0.54,-0.01,0.99,-0.01,0.01
6-Prediction-RF,ag,0.55,550 MS.,FALSE,0.56,0.01,1.02,0.02,-0.02
6-Prediction-RF,ag,0.55,550 MS.,TRUE,0.61,0.06,1.11,0.11,-0.11
6-Prediction-RF,ag,0.55,550 MS.,FALSE,0.6,0.05,1.09,0.09,-0.09
6-Prediction-RF,ag,0.55,550 MS.,FALSE,0.67,0.12,1.22,0.22,-0.22
6-Prediction-RF,ag,0.55,550 MS.,TRUE,0.42,-0.13,0.76,-0.24,0.24
6-Prediction-RF,ag,0.55,550 MS.,FALSE,0.47,-0.08,0.86,-0.14,0.14
6-Prediction-RF,ag,0.55,550 MS.,TRUE,0.49,-0.06,0.89,-0.11,0.11
6-Prediction-RF,bs,0.55,550 MS.,TRUE,0.58,0.03,1.05,0.05,-0.05
6-Prediction-RF,bs,0.55,550 MS.,TRUE,0.65,0.1,1.18,0.18,-0.18
6-Prediction-RF,bs,0.55,550 MS.,FALSE,0.67,0.12,1.22,0.22,-0.22
6-Prediction-RF,bs,0.55,550 MS.,FALSE,0.68,0.13,1.24,0.24,-0.24
6-Prediction-RF,bs,0.55,550 MS.,FALSE,0.67,0.12,1.22,0.22,-0.22
6-Prediction-RF,bs,0.55,550 MS.,TRUE,0.66,0.11,1.21,0.21,-0.21
6-Prediction-RF,bs,0.55,550 MS.,TRUE,0.71,0.16,1.29,0.29,-0.29
6-Prediction-RF,bs,0.55,550 MS.,FALSE,0.61,0.06,1.11,0.11,-0.11
6-Prediction-RF,bs,0.55,550 MS.,FALSE,0.47,-0.08,0.86,-0.14,0.14
6-Prediction-RF,bs,0.55,550 MS.,TRUE,0.47,-0.08,0.86,-0.14,0.14
6-Prediction-RF,bs,0.55,550 MS.,TRUE,0.51,-0.04,0.93,-0.07,0.07
6-Prediction-RF,bs,0.55,550 MS.,TRUE,0.7,0.15,1.28,0.28,-0.28
6-Prediction-RF,bs,0.55,550 MS.,FALSE,0.48,-0.07,0.87,-0.13,0.13
6-Prediction-RF,bs,0.55,550 MS.,TRUE,0.5,-0.05,0.9,-0.1,0.1
6-Prediction-RF,bs,0.55,550 MS.,TRUE,0.51,-0.04,0.93,-0.07,0.07
6-Prediction-RF,bs,0.55,550 MS.,TRUE,0.44,-0.11,0.8,-0.2,0.2
6-Prediction-RF,bs,0.55,550 MS.,FALSE,0.55,0,1,0,0
6-Prediction-RF,bs,0.55,550 MS.,FALSE,0.62,0.07,1.12,0.12,-0.12
6-Prediction-RF,bs,0.55,550 MS.,FALSE,0.82,0.27,1.5,0.5,-0.5
6-Prediction-RF,bs,0.55,550 MS.,TRUE,0.86,0.31,1.57,0.57,-0.57
6-Prediction-RF,bs,0.55,550 MS.,FALSE,0.6,0.05,1.09,0.09,-0.09
6-Prediction-RF,bs,0.55,550 MS.,FALSE,0.61,0.06,1.11,0.11,-0.11
6-Prediction-RF,bs,0.55,550 MS.,FALSE,0.66,0.11,1.21,0.21,-0.21
6-Prediction-RF,bs,0.55,550 MS.,FALSE,0.65,0.1,1.18,0.18,-0.18
6-Prediction-RF,bs,0.55,550 MS.,FALSE,0.74,0.19,1.34,0.34,-0.34
6-Prediction-RF,bs,0.55,550 MS.,FALSE,0.84,0.29,1.53,0.53,-0.53
6-Prediction-RF,bs,0.55,550 MS.,FALSE,0.81,0.26,1.47,0.47,-0.47
6-Prediction-RF,bs,0.55,550 MS.,FALSE,0.84,0.29,1.53,0.53,-0.53
6-Prediction-RF,bs,0.55,550 MS.,TRUE,0.64,0.09,1.16,0.16,-0.16
6-Prediction-RF,bs,0.55,550 MS.,FALSE,0.71,0.16,1.29,0.29,-0.29
6-Prediction-RF,bs,0.55,550 MS.,FALSE,0.74,0.19,1.34,0.34,-0.34
6-Prediction-RF,bs,0.55,550 MS.,TRUE,0.54,-0.01,0.99,-0.01,0.01
6-Prediction-RF,bs,0.55,550 MS.,FALSE,0.64,0.09,1.16,0.16,-0.16
6-Prediction-RF,bs,0.55,550 MS.,FALSE,0.63,0.08,1.15,0.15,-0.15
6-Prediction-RF,bs,0.55,550 MS.,FALSE,0.7,0.15,1.27,0.27,-0.27
6-Prediction-RF,bs,0.55,550 MS.,TRUE,0.85,0.3,1.54,0.54,-0.54
6-Prediction-RF,bs,0.55,550 MS.,FALSE,0.82,0.27,1.48,0.48,-0.48
6-Prediction-RF,bs,0.55,550 MS.,FALSE,0.45,-0.1,0.81,-0.19,0.19
6-Prediction-RF,bs,0.55,550 MS.,TRUE,0.55,0,1,0,0
6-Prediction-RF,bs,0.55,550 MS.,TRUE,0.52,-0.03,0.95,-0.05,0.05
6-Prediction-RF,bs,0.55,550 MS.,FALSE,0.54,-0.01,0.97,-0.03,0.03
6-Prediction-RF,bs,0.55,550 MS.,TRUE,0.7,0.15,1.28,0.28,-0.28
6-Prediction-RF,bs,0.55,550 MS.,FALSE,0.75,0.2,1.37,0.37,-0.37
6-Prediction-RF,bs,0.55,550 MS.,TRUE,0.52,-0.03,0.95,-0.05,0.05
6-Prediction-RF,bs,0.55,550 MS.,FALSE,0.53,-0.02,0.96,-0.04,0.04
6-Prediction-RF,bs,0.55,550 MS.,TRUE,0.52,-0.03,0.95,-0.05,0.05
6-Prediction-RF,bs,0.55,550 MS.,FALSE,0.5,-0.05,0.9,-0.1,0.1
6-Prediction-RF,bs,0.55,550 MS.,TRUE,0.82,0.27,1.5,0.5,-0.5
6-Prediction-RF,bs,0.55,550 MS.,TRUE,0.7,0.15,1.27,0.27,-0.27
6-Prediction-RF,bs,0.55,550 MS.,TRUE,0.53,-0.02,0.96,-0.04,0.04
6-Prediction-RF,bt,0.55,550 MS.,FALSE,0.5,-0.05,0.92,-0.08,0.08
6-Prediction-RF,bt,0.55,550 MS.,TRUE,0.49,-0.06,0.89,-0.11,0.11
6-Prediction-RF,bt,0.55,550 MS.,FALSE,0.67,0.12,1.22,0.22,-0.22
6-Prediction-RF,bt,0.55,550 MS.,TRUE,0.5,-0.05,0.9,-0.1,0.1
6-Prediction-RF,bt,0.55,550 MS.,TRUE,0.6,0.05,1.09,0.09,-0.09
6-Prediction-RF,bt,0.55,550 MS.,TRUE,0.5,-0.05,0.9,-0.1,0.1
6-Prediction-RF,bt,0.55,550 MS.,FALSE,0.66,0.11,1.19,0.19,-0.19
6-Prediction-RF,bt,0.55,550 MS.,FALSE,0.74,0.19,1.34,0.34,-0.34
6-Prediction-RF,bt,0.55,550 MS.,FALSE,0.89,0.34,1.61,0.61,-0.61
6-Prediction-RF,bt,0.55,550 MS.,TRUE,0.95,0.4,1.73,0.73,-0.73
6-Prediction-RF,bt,0.55,550 MS.,TRUE,0.44,-0.11,0.8,-0.2,0.2
6-Prediction-RF,bt,0.55,550 MS.,FALSE,0.71,0.16,1.29,0.29,-0.29
6-Prediction-RF,bt,0.55,550 MS.,TRUE,0.39,-0.16,0.71,-0.29,0.29
6-Prediction-RF,bt,0.55,550 MS.,TRUE,0.75,0.2,1.37,0.37,-0.37
6-Prediction-RF,bt,0.55,550 MS.,TRUE,0.48,-0.07,0.87,-0.13,0.13
6-Prediction-RF,bt,0.55,550 MS.,TRUE,0.68,0.13,1.24,0.24,-0.24
6-Prediction-RF,bt,0.55,550 MS.,FALSE,0.74,0.19,1.35,0.35,-0.35
6-Prediction-RF,bt,0.55,550 MS.,TRUE,0.45,-0.1,0.81,-0.19,0.19
6-Prediction-RF,bt,0.55,550 MS.,TRUE,0.33,-0.22,0.6,-0.4,0.4
6-Prediction-RF,bt,0.55,550 MS.,FALSE,0.64,0.09,1.16,0.16,-0.16
6-Prediction-RF,bt,0.55,550 MS.,TRUE,0.74,0.19,1.34,0.34,-0.34
6-Prediction-RF,bt,0.55,550 MS.,TRUE,0.69,0.14,1.25,0.25,-0.25
6-Prediction-RF,bt,0.55,550 MS.,FALSE,0.9,0.35,1.64,0.64,-0.64
6-Prediction-RF,bt,0.55,550 MS.,TRUE,0.67,0.12,1.22,0.22,-0.22
6-Prediction-RF,bt,0.55,550 MS.,TRUE,0.64,0.09,1.16,0.16,-0.16
6-Prediction-RF,bt,0.55,550 MS.,TRUE,0.52,-0.03,0.95,-0.05,0.05
6-Prediction-RF,bt,0.55,550 MS.,FALSE,0.64,0.09,1.16,0.16,-0.16
6-Prediction-RF,bt,0.55,550 MS.,TRUE,0.55,0,1,0,0
6-Prediction-RF,bt,0.55,550 MS.,FALSE,0.57,0.02,1.03,0.03,-0.03
6-Prediction-RF,bt,0.55,550 MS.,TRUE,0.48,-0.07,0.87,-0.13,0.13
6-Prediction-RF,bt,0.55,550 MS.,TRUE,0.55,0,1,0,0
6-Prediction-RF,bt,0.55,550 MS.,FALSE,0.58,0.03,1.05,0.05,-0.05
6-Prediction-RF,bt,0.55,550 MS.,FALSE,0.87,0.32,1.59,0.59,-0.59
6-Prediction-RF,bt,0.55,550 MS.,FALSE,0.49,-0.06,0.89,-0.11,0.11
6-Prediction-RF,bt,0.55,550 MS.,TRUE,0.72,0.17,1.31,0.31,-0.31
6-Prediction-RF,bt,0.55,550 MS.,TRUE,0.82,0.27,1.48,0.48,-0.48
6-Prediction-RF,bt,0.55,550 MS.,TRUE,0.61,0.06,1.11,0.11,-0.11
6-Prediction-RF,bt,0.55,550 MS.,FALSE,0.96,0.41,1.75,0.75,-0.75
6-Prediction-RF,bt,0.55,550 MS.,FALSE,0.66,0.11,1.21,0.21,-0.21
6-Prediction-RF,bt,0.55,550 MS.,FALSE,0.66,0.11,1.19,0.19,-0.19
6-Prediction-RF,bt,0.55,550 MS.,TRUE,0.55,0,1,0,0
6-Prediction-RF,bt,0.55,550 MS.,TRUE,0.54,-0.01,0.99,-0.01,0.01
6-Prediction-RF,bt,0.55,550 MS.,TRUE,0.46,-0.09,0.83,-0.17,0.17
6-Prediction-RF,bt,0.55,550 MS.,TRUE,0.56,0.01,1.02,0.02,-0.02
6-Prediction-RF,bt,0.55,550 MS.,FALSE,0.35,-0.2,0.64,-0.36,0.36
6-Prediction-RF,bt,0.55,550 MS.,FALSE,0.68,0.13,1.24,0.24,-0.24
6-Prediction-RF,bt,0.55,550 MS.,FALSE,0.46,-0.09,0.84,-0.16,0.16
6-Prediction-RF,bt,0.55,550 MS.,TRUE,0.43,-0.12,0.79,-0.21,0.21
6-Prediction-RF,bt,0.55,550 MS.,FALSE,0.58,0.03,1.05,0.05,-0.05
6-Prediction-RF,bt,0.55,550 MS.,TRUE,0.71,0.16,1.29,0.29,-0.29
6-Prediction-RF,dt,0.55,550 MS.,TRUE,0.91,0.36,1.66,0.66,-0.66
6-Prediction-RF,dt,0.55,550 MS.,FALSE,0.38,-0.17,0.7,-0.3,0.3
6-Prediction-RF,dt,0.55,550 MS.,TRUE,0.49,-0.06,0.89,-0.11,0.11
6-Prediction-RF,dt,0.55,550 MS.,TRUE,0.83,0.28,1.51,0.51,-0.51
6-Prediction-RF,dt,0.55,550 MS.,FALSE,0.92,0.37,1.67,0.67,-0.67
6-Prediction-RF,dt,0.55,550 MS.,TRUE,1.14,0.59,2.08,1.08,-1.08
6-Prediction-RF,dt,0.55,550 MS.,TRUE,0.71,0.16,1.29,0.29,-0.29
6-Prediction-RF,dt,0.55,550 MS.,FALSE,1.25,0.7,2.27,1.27,-1.27
6-Prediction-RF,dt,0.55,550 MS.,FALSE,0.98,0.43,1.79,0.79,-0.79
6-Prediction-RF,dt,0.55,550 MS.,FALSE,0.96,0.41,1.75,0.75,-0.75
6-Prediction-RF,dt,0.55,550 MS.,TRUE,0.48,-0.07,0.87,-0.13,0.13
6-Prediction-RF,dt,0.55,550 MS.,TRUE,0.65,0.1,1.18,0.18,-0.18
6-Prediction-RF,dt,0.55,550 MS.,FALSE,1.06,0.51,1.92,0.92,-0.92
6-Prediction-RF,dt,0.55,550 MS.,FALSE,0.78,0.23,1.41,0.41,-0.41
6-Prediction-RF,dt,0.55,550 MS.,FALSE,0.89,0.34,1.61,0.61,-0.61
6-Prediction-RF,dt,0.55,550 MS.,FALSE,0.67,0.12,1.22,0.22,-0.22
6-Prediction-RF,dt,0.55,550 MS.,TRUE,0.61,0.06,1.11,0.11,-0.11
6-Prediction-RF,dt,0.55,550 MS.,TRUE,0.78,0.23,1.41,0.41,-0.41
6-Prediction-RF,dt,0.55,550 MS.,FALSE,1.06,0.51,1.92,0.92,-0.92
6-Prediction-RF,dt,0.55,550 MS.,FALSE,0.82,0.27,1.48,0.48,-0.48
6-Prediction-RF,dt,0.55,550 MS.,TRUE,0.48,-0.07,0.87,-0.13,0.13
6-Prediction-RF,dt,0.55,550 MS.,FALSE,0.78,0.23,1.43,0.43,-0.43
6-Prediction-RF,dt,0.55,550 MS.,TRUE,0.58,0.03,1.06,0.06,-0.06
6-Prediction-RF,dt,0.55,550 MS.,TRUE,0.7,0.15,1.27,0.27,-0.27
6-Prediction-RF,dt,0.55,550 MS.,TRUE,0.58,0.03,1.06,0.06,-0.06
6-Prediction-RF,dt,0.55,550 MS.,FALSE,0.35,-0.2,0.64,-0.36,0.36
6-Prediction-RF,dt,0.55,550 MS.,TRUE,0.3,-0.25,0.54,-0.46,0.46
6-Prediction-RF,dt,0.55,550 MS.,FALSE,0.58,0.03,1.06,0.06,-0.06
6-Prediction-RF,dt,0.55,550 MS.,FALSE,0.75,0.2,1.37,0.37,-0.37
6-Prediction-RF,dt,0.55,550 MS.,FALSE,0.88,0.33,1.6,0.6,-0.6
6-Prediction-RF,dt,0.55,550 MS.,FALSE,0.83,0.28,1.51,0.51,-0.51
6-Prediction-RF,dt,0.55,550 MS.,TRUE,0.78,0.23,1.43,0.43,-0.43
6-Prediction-RF,dt,0.55,550 MS.,FALSE,0.76,0.21,1.38,0.38,-0.38
6-Prediction-RF,dt,0.55,550 MS.,FALSE,1.1,0.55,2.01,1.01,-1.01
6-Prediction-RF,dt,0.55,550 MS.,TRUE,0.9,0.35,1.63,0.63,-0.63
6-Prediction-RF,dt,0.55,550 MS.,FALSE,0.46,-0.09,0.84,-0.16,0.16
6-Prediction-RF,dt,0.55,550 MS.,TRUE,0.76,0.21,1.38,0.38,-0.38
6-Prediction-RF,dt,0.55,550 MS.,TRUE,0.86,0.31,1.56,0.56,-0.56
6-Prediction-RF,dt,0.55,550 MS.,TRUE,0.78,0.23,1.43,0.43,-0.43
6-Prediction-RF,dt,0.55,550 MS.,FALSE,0.46,-0.09,0.84,-0.16,0.16
6-Prediction-RF,dt,0.55,550 MS.,FALSE,0.64,0.09,1.16,0.16,-0.16
6-Prediction-RF,dt,0.55,550 MS.,FALSE,0.57,0.02,1.03,0.03,-0.03
6-Prediction-RF,dt,0.55,550 MS.,FALSE,0.75,0.2,1.37,0.37,-0.37
6-Prediction-RF,dt,0.55,550 MS.,FALSE,0.74,0.19,1.35,0.35,-0.35
6-Prediction-RF,dt,0.55,550 MS.,TRUE,0.41,-0.14,0.74,-0.26,0.26
6-Prediction-RF,dt,0.55,550 MS.,FALSE,0.58,0.03,1.05,0.05,-0.05
6-Prediction-RF,dt,0.55,550 MS.,TRUE,0.39,-0.16,0.71,-0.29,0.29
6-Prediction-RF,dt,0.55,550 MS.,FALSE,0.77,0.22,1.4,0.4,-0.4
6-Prediction-RF,dt,0.55,550 MS.,FALSE,0.77,0.22,1.4,0.4,-0.4
6-Prediction-RF,dt,0.55,550 MS.,TRUE,0.38,-0.17,0.68,-0.32,0.32
6-Prediction-RF,hc,0.55,550 MS.,TRUE,0.56,0.01,1.02,0.02,-0.02
6-Prediction-RF,hc,0.55,550 MS.,TRUE,0.32,-0.23,0.58,-0.42,0.42
6-Prediction-RF,hc,0.55,550 MS.,FALSE,0.41,-0.14,0.74,-0.26,0.26
6-Prediction-RF,hc,0.55,550 MS.,TRUE,0.31,-0.24,0.57,-0.43,0.43
6-Prediction-RF,hc,0.55,550 MS.,TRUE,0.44,-0.11,0.8,-0.2,0.2
6-Prediction-RF,hc,0.55,550 MS.,FALSE,0.32,-0.23,0.58,-0.42,0.42
6-Prediction-RF,hc,0.55,550 MS.,FALSE,0.62,0.07,1.13,0.13,-0.13
6-Prediction-RF,hc,0.55,550 MS.,FALSE,0.48,-0.07,0.87,-0.13,0.13
6-Prediction-RF,hc,0.55,550 MS.,TRUE,0.5,-0.05,0.9,-0.1,0.1
6-Prediction-RF,hc,0.55,550 MS.,FALSE,0.39,-0.16,0.71,-0.29,0.29
6-Prediction-RF,hc,0.55,550 MS.,TRUE,0.42,-0.13,0.76,-0.24,0.24
6-Prediction-RF,hc,0.55,550 MS.,TRUE,0.54,-0.01,0.99,-0.01,0.01
6-Prediction-RF,hc,0.55,550 MS.,FALSE,0.42,-0.13,0.77,-0.23,0.23
6-Prediction-RF,hc,0.55,550 MS.,TRUE,0.43,-0.12,0.79,-0.21,0.21
6-Prediction-RF,hc,0.55,550 MS.,TRUE,0.37,-0.18,0.67,-0.33,0.33
6-Prediction-RF,hc,0.55,550 MS.,TRUE,0.36,-0.19,0.65,-0.35,0.35
6-Prediction-RF,hc,0.55,550 MS.,FALSE,0.4,-0.15,0.73,-0.27,0.27
6-Prediction-RF,hc,0.55,550 MS.,FALSE,0.33,-0.22,0.6,-0.4,0.4
6-Prediction-RF,hc,0.55,550 MS.,FALSE,0.4,-0.15,0.73,-0.27,0.27
6-Prediction-RF,hc,0.55,550 MS.,FALSE,0.36,-0.19,0.65,-0.35,0.35
6-Prediction-RF,hc,0.55,550 MS.,FALSE,0.37,-0.18,0.67,-0.33,0.33
6-Prediction-RF,hc,0.55,550 MS.,FALSE,0.34,-0.21,0.63,-0.37,0.37
6-Prediction-RF,hc,0.55,550 MS.,FALSE,0.38,-0.17,0.7,-0.3,0.3
6-Prediction-RF,hc,0.55,550 MS.,TRUE,0.35,-0.2,0.64,-0.36,0.36
6-Prediction-RF,hc,0.55,550 MS.,FALSE,0.34,-0.21,0.63,-0.37,0.37
6-Prediction-RF,hc,0.55,550 MS.,TRUE,0.31,-0.24,0.57,-0.43,0.43
6-Prediction-RF,hc,0.55,550 MS.,FALSE,0.4,-0.15,0.73,-0.27,0.27
6-Prediction-RF,hc,0.55,550 MS.,TRUE,0.37,-0.18,0.67,-0.33,0.33
6-Prediction-RF,hc,0.55,550 MS.,TRUE,0.34,-0.21,0.63,-0.37,0.37
6-Prediction-RF,hc,0.55,550 MS.,TRUE,0.41,-0.14,0.74,-0.26,0.26
6-Prediction-RF,hc,0.55,550 MS.,FALSE,0.42,-0.13,0.77,-0.23,0.23
6-Prediction-RF,hc,0.55,550 MS.,FALSE,0.5,-0.05,0.9,-0.1,0.1
6-Prediction-RF,hc,0.55,550 MS.,TRUE,0.56,0.01,1.02,0.02,-0.02
6-Prediction-RF,hc,0.55,550 MS.,TRUE,0.38,-0.17,0.68,-0.32,0.32
6-Prediction-RF,hc,0.55,550 MS.,FALSE,0.42,-0.13,0.76,-0.24,0.24
6-Prediction-RF,hc,0.55,550 MS.,TRUE,0.47,-0.08,0.86,-0.14,0.14
6-Prediction-RF,hc,0.55,550 MS.,TRUE,0.5,-0.05,0.9,-0.1,0.1
6-Prediction-RF,hc,0.55,550 MS.,FALSE,0.36,-0.19,0.65,-0.35,0.35
6-Prediction-RF,hc,0.55,550 MS.,TRUE,0.46,-0.09,0.84,-0.16,0.16
6-Prediction-RF,hc,0.55,550 MS.,TRUE,0.58,0.03,1.06,0.06,-0.06
6-Prediction-RF,hc,0.55,550 MS.,FALSE,0.55,0,1,0,0
6-Prediction-RF,hc,0.55,550 MS.,TRUE,0.46,-0.09,0.83,-0.17,0.17
6-Prediction-RF,hc,0.55,550 MS.,FALSE,0.58,0.03,1.06,0.06,-0.06
6-Prediction-RF,hc,0.55,550 MS.,FALSE,0.54,-0.01,0.99,-0.01,0.01
6-Prediction-RF,hc,0.55,550 MS.,TRUE,0.49,-0.06,0.89,-0.11,0.11
6-Prediction-RF,hc,0.55,550 MS.,FALSE,0.55,0,1,0,0
6-Prediction-RF,hc,0.55,550 MS.,TRUE,0.49,-0.06,0.89,-0.11,0.11
6-Prediction-RF,hc,0.55,550 MS.,FALSE,0.5,-0.05,0.92,-0.08,0.08
6-Prediction-RF,hc,0.55,550 MS.,FALSE,0.47,-0.08,0.86,-0.14,0.14
6-Prediction-RF,hc,0.55,550 MS.,FALSE,0.42,-0.13,0.77,-0.23,0.23
6-Prediction-RF,ho,0.55,550 MS.,FALSE,0.55,0,1,0,0
6-Prediction-RF,ho,0.55,550 MS.,FALSE,0.71,0.16,1.29,0.29,-0.29
6-Prediction-RF,ho,0.55,550 MS.,TRUE,0.47,-0.08,0.86,-0.14,0.14
6-Prediction-RF,ho,0.55,550 MS.,TRUE,0.56,0.01,1.02,0.02,-0.02
6-Prediction-RF,ho,0.55,550 MS.,TRUE,0.42,-0.13,0.77,-0.23,0.23
6-Prediction-RF,ho,0.55,550 MS.,FALSE,0.34,-0.21,0.61,-0.39,0.39
6-Prediction-RF,ho,0.55,550 MS.,FALSE,0.1,-0.45,0.19,-0.81,0.81
6-Prediction-RF,ho,0.55,550 MS.,TRUE,0.39,-0.16,0.71,-0.29,0.29
6-Prediction-RF,ho,0.55,550 MS.,TRUE,0.41,-0.14,0.74,-0.26,0.26
6-Prediction-RF,ho,0.55,550 MS.,TRUE,0.5,-0.05,0.9,-0.1,0.1
6-Prediction-RF,ho,0.55,550 MS.,TRUE,0.38,-0.17,0.68,-0.32,0.32
6-Prediction-RF,ho,0.55,550 MS.,FALSE,0.47,-0.08,0.86,-0.14,0.14
6-Prediction-RF,ho,0.55,550 MS.,FALSE,0.62,0.07,1.12,0.12,-0.12
6-Prediction-RF,ho,0.55,550 MS.,FALSE,0.44,-0.11,0.8,-0.2,0.2
6-Prediction-RF,ho,0.55,550 MS.,TRUE,0.48,-0.07,0.87,-0.13,0.13
6-Prediction-RF,ho,0.55,550 MS.,TRUE,0.58,0.03,1.05,0.05,-0.05
6-Prediction-RF,ho,0.55,550 MS.,TRUE,0.86,0.31,1.56,0.56,-0.56
6-Prediction-RF,ho,0.55,550 MS.,TRUE,0.52,-0.03,0.95,-0.05,0.05
6-Prediction-RF,ho,0.55,550 MS.,FALSE,0.34,-0.21,0.63,-0.37,0.37
6-Prediction-RF,ho,0.55,550 MS.,TRUE,0.39,-0.16,0.71,-0.29,0.29
6-Prediction-RF,ho,0.55,550 MS.,FALSE,0.36,-0.19,0.65,-0.35,0.35
6-Prediction-RF,ho,0.55,550 MS.,TRUE,0.42,-0.13,0.76,-0.24,0.24
6-Prediction-RF,ho,0.55,550 MS.,TRUE,0.37,-0.18,0.67,-0.33,0.33
6-Prediction-RF,ho,0.55,550 MS.,TRUE,0.46,-0.09,0.83,-0.17,0.17
6-Prediction-RF,ho,0.55,550 MS.,FALSE,0.43,-0.12,0.79,-0.21,0.21
6-Prediction-RF,ho,0.55,550 MS.,TRUE,0.46,-0.09,0.83,-0.17,0.17
6-Prediction-RF,ho,0.55,550 MS.,FALSE,0.45,-0.1,0.81,-0.19,0.19
6-Prediction-RF,ho,0.55,550 MS.,TRUE,0.45,-0.1,0.81,-0.19,0.19
6-Prediction-RF,ho,0.55,550 MS.,FALSE,0.46,-0.09,0.84,-0.16,0.16
6-Prediction-RF,ho,0.55,550 MS.,FALSE,0.45,-0.1,0.81,-0.19,0.19
6-Prediction-RF,ho,0.55,550 MS.,FALSE,0.46,-0.09,0.83,-0.17,0.17
6-Prediction-RF,ho,0.55,550 MS.,FALSE,0.52,-0.03,0.95,-0.05,0.05
6-Prediction-RF,ho,0.55,550 MS.,TRUE,0.46,-0.09,0.83,-0.17,0.17
6-Prediction-RF,ho,0.55,550 MS.,FALSE,0.42,-0.13,0.77,-0.23,0.23
6-Prediction-RF,ho,0.55,550 MS.,FALSE,0.35,-0.2,0.64,-0.36,0.36
6-Prediction-RF,ho,0.55,550 MS.,TRUE,0.54,-0.01,0.97,-0.03,0.03
6-Prediction-RF,ho,0.55,550 MS.,FALSE,0.51,-0.04,0.93,-0.07,0.07
6-Prediction-RF,ho,0.55,550 MS.,FALSE,0.49,-0.06,0.89,-0.11,0.11
6-Prediction-RF,ho,0.55,550 MS.,FALSE,0.45,-0.1,0.81,-0.19,0.19
6-Prediction-RF,ho,0.55,550 MS.,TRUE,0.46,-0.09,0.84,-0.16,0.16
6-Prediction-RF,ho,0.55,550 MS.,TRUE,0.46,-0.09,0.84,-0.16,0.16
6-Prediction-RF,ho,0.55,550 MS.,FALSE,0.47,-0.08,0.86,-0.14,0.14
6-Prediction-RF,ho,0.55,550 MS.,TRUE,0.46,-0.09,0.83,-0.17,0.17
6-Prediction-RF,ho,0.55,550 MS.,TRUE,0.48,-0.07,0.87,-0.13,0.13
6-Prediction-RF,ho,0.55,550 MS.,FALSE,0.46,-0.09,0.83,-0.17,0.17
6-Prediction-RF,ho,0.55,550 MS.,TRUE,0.53,-0.02,0.96,-0.04,0.04
6-Prediction-RF,ho,0.55,550 MS.,TRUE,0.49,-0.06,0.89,-0.11,0.11
6-Prediction-RF,ho,0.55,550 MS.,FALSE,0.53,-0.02,0.96,-0.04,0.04
6-Prediction-RF,ho,0.55,550 MS.,FALSE,0.53,-0.02,0.96,-0.04,0.04
6-Prediction-RF,ho,0.55,550 MS.,FALSE,0.51,-0.04,0.93,-0.07,0.07
6-Prediction-RF,ia,0.55,550 MS.,TRUE,0.34,-0.21,0.63,-0.37,0.37
6-Prediction-RF,ia,0.55,550 MS.,TRUE,0.53,-0.02,0.96,-0.04,0.04
6-Prediction-RF,ia,0.55,550 MS.,TRUE,0.42,-0.13,0.77,-0.23,0.23
6-Prediction-RF,ia,0.55,550 MS.,FALSE,0.38,-0.17,0.68,-0.32,0.32
6-Prediction-RF,ia,0.55,550 MS.,TRUE,0.33,-0.22,0.6,-0.4,0.4
6-Prediction-RF,ia,0.55,550 MS.,FALSE,0.35,-0.2,0.64,-0.36,0.36
6-Prediction-RF,ia,0.55,550 MS.,TRUE,0.39,-0.16,0.71,-0.29,0.29
6-Prediction-RF,ia,0.55,550 MS.,TRUE,0.38,-0.17,0.7,-0.3,0.3
6-Prediction-RF,ia,0.55,550 MS.,FALSE,0.45,-0.1,0.81,-0.19,0.19
6-Prediction-RF,ia,0.55,550 MS.,FALSE,0.31,-0.24,0.57,-0.43,0.43
6-Prediction-RF,ia,0.55,550 MS.,FALSE,0.26,-0.29,0.48,-0.52,0.52
6-Prediction-RF,ia,0.55,550 MS.,TRUE,0.33,-0.22,0.6,-0.4,0.4
6-Prediction-RF,ia,0.55,550 MS.,TRUE,0.24,-0.31,0.44,-0.56,0.56
6-Prediction-RF,ia,0.55,550 MS.,TRUE,0.37,-0.18,0.67,-0.33,0.33
6-Prediction-RF,ia,0.55,550 MS.,FALSE,0.4,-0.15,0.73,-0.27,0.27
6-Prediction-RF,ia,0.55,550 MS.,TRUE,0.38,-0.17,0.7,-0.3,0.3
6-Prediction-RF,ia,0.55,550 MS.,FALSE,0.52,-0.03,0.95,-0.05,0.05
6-Prediction-RF,ia,0.55,550 MS.,TRUE,0.51,-0.04,0.93,-0.07,0.07
6-Prediction-RF,ia,0.55,550 MS.,FALSE,0.41,-0.14,0.74,-0.26,0.26
6-Prediction-RF,ia,0.55,550 MS.,FALSE,0.42,-0.13,0.76,-0.24,0.24
6-Prediction-RF,ia,0.55,550 MS.,TRUE,0.47,-0.08,0.86,-0.14,0.14
6-Prediction-RF,ia,0.55,550 MS.,FALSE,0.5,-0.05,0.92,-0.08,0.08
6-Prediction-RF,ia,0.55,550 MS.,TRUE,0.43,-0.12,0.79,-0.21,0.21
6-Prediction-RF,ia,0.55,550 MS.,TRUE,0.42,-0.13,0.77,-0.23,0.23
6-Prediction-RF,ia,0.55,550 MS.,TRUE,0.38,-0.17,0.68,-0.32,0.32
6-Prediction-RF,ia,0.55,550 MS.,FALSE,0.46,-0.09,0.84,-0.16,0.16
6-Prediction-RF,ia,0.55,550 MS.,TRUE,0.3,-0.25,0.55,-0.45,0.45
6-Prediction-RF,ia,0.55,550 MS.,TRUE,0.18,-0.37,0.33,-0.67,0.67
6-Prediction-RF,ia,0.55,550 MS.,FALSE,0.51,-0.04,0.93,-0.07,0.07
6-Prediction-RF,ia,0.55,550 MS.,TRUE,0.86,0.31,1.57,0.57,-0.57
6-Prediction-RF,ia,0.55,550 MS.,TRUE,0.67,0.12,1.22,0.22,-0.22
6-Prediction-RF,ia,0.55,550 MS.,FALSE,0.33,-0.22,0.6,-0.4,0.4
6-Prediction-RF,ia,0.55,550 MS.,TRUE,0.78,0.23,1.43,0.43,-0.43
6-Prediction-RF,ia,0.55,550 MS.,TRUE,0.4,-0.15,0.73,-0.27,0.27
6-Prediction-RF,ia,0.55,550 MS.,TRUE,0.49,-0.06,0.89,-0.11,0.11
6-Prediction-RF,ia,0.55,550 MS.,TRUE,0.3,-0.25,0.54,-0.46,0.46
6-Prediction-RF,ia,0.55,550 MS.,FALSE,0.38,-0.17,0.7,-0.3,0.3
6-Prediction-RF,ia,0.55,550 MS.,TRUE,0.4,-0.15,0.73,-0.27,0.27
6-Prediction-RF,ia,0.55,550 MS.,FALSE,0.26,-0.29,0.47,-0.53,0.53
6-Prediction-RF,ia,0.55,550 MS.,TRUE,0.36,-0.19,0.65,-0.35,0.35
6-Prediction-RF,ia,0.55,550 MS.,FALSE,0.46,-0.09,0.83,-0.17,0.17
6-Prediction-RF,ia,0.55,550 MS.,TRUE,0.44,-0.11,0.8,-0.2,0.2
6-Prediction-RF,ia,0.55,550 MS.,TRUE,0.58,0.03,1.05,0.05,-0.05
6-Prediction-RF,ia,0.55,550 MS.,FALSE,0.73,0.18,1.32,0.32,-0.32
6-Prediction-RF,ia,0.55,550 MS.,TRUE,0.56,0.01,1.02,0.02,-0.02
6-Prediction-RF,ia,0.55,550 MS.,TRUE,0.45,-0.1,0.81,-0.19,0.19
6-Prediction-RF,ia,0.55,550 MS.,TRUE,0.32,-0.23,0.58,-0.42,0.42
6-Prediction-RF,ia,0.55,550 MS.,FALSE,0.37,-0.18,0.67,-0.33,0.33
6-Prediction-RF,ia,0.55,550 MS.,TRUE,0.7,0.15,1.28,0.28,-0.28
6-Prediction-RF,ia,0.55,550 MS.,FALSE,0.83,0.28,1.51,0.51,-0.51
6-Prediction-RF,mae,0.55,550 MS.,TRUE,0.51,-0.04,0.93,-0.07,0.07
6-Prediction-RF,mae,0.55,550 MS.,FALSE,0.61,0.06,1.11,0.11,-0.11
6-Prediction-RF,mae,0.55,550 MS.,TRUE,0.6,0.05,1.09,0.09,-0.09
6-Prediction-RF,mae,0.55,550 MS.,TRUE,0.57,0.02,1.03,0.03,-0.03
6-Prediction-RF,mae,0.55,550 MS.,FALSE,0.63,0.08,1.15,0.15,-0.15
6-Prediction-RF,mae,0.55,550 MS.,TRUE,0.63,0.08,1.15,0.15,-0.15
6-Prediction-RF,mae,0.55,550 MS.,TRUE,0.66,0.11,1.21,0.21,-0.21
6-Prediction-RF,mae,0.55,550 MS.,FALSE,0.61,0.06,1.11,0.11,-0.11
6-Prediction-RF,mae,0.55,550 MS.,TRUE,0.51,-0.04,0.93,-0.07,0.07
6-Prediction-RF,mae,0.55,550 MS.,FALSE,0.51,-0.04,0.93,-0.07,0.07
6-Prediction-RF,mae,0.55,550 MS.,TRUE,0.53,-0.02,0.96,-0.04,0.04
6-Prediction-RF,mae,0.55,550 MS.,TRUE,0.5,-0.05,0.92,-0.08,0.08
6-Prediction-RF,mae,0.55,550 MS.,FALSE,0.54,-0.01,0.97,-0.03,0.03
6-Prediction-RF,mae,0.55,550 MS.,TRUE,0.5,-0.05,0.92,-0.08,0.08
6-Prediction-RF,mae,0.55,550 MS.,TRUE,0.61,0.06,1.11,0.11,-0.11
6-Prediction-RF,mae,0.55,550 MS.,TRUE,0.58,0.03,1.05,0.05,-0.05
6-Prediction-RF,mae,0.55,550 MS.,FALSE,0.65,0.1,1.18,0.18,-0.18
6-Prediction-RF,mae,0.55,550 MS.,TRUE,0.65,0.1,1.18,0.18,-0.18
6-Prediction-RF,mae,0.55,550 MS.,FALSE,0.61,0.06,1.11,0.11,-0.11
6-Prediction-RF,mae,0.55,550 MS.,FALSE,0.61,0.06,1.11,0.11,-0.11
6-Prediction-RF,mae,0.55,550 MS.,FALSE,0.67,0.12,1.22,0.22,-0.22
6-Prediction-RF,mae,0.55,550 MS.,FALSE,0.67,0.12,1.22,0.22,-0.22
6-Prediction-RF,mae,0.55,550 MS.,FALSE,0.58,0.03,1.06,0.06,-0.06
6-Prediction-RF,mae,0.55,550 MS.,TRUE,0.62,0.07,1.12,0.12,-0.12
6-Prediction-RF,mae,0.55,550 MS.,FALSE,0.69,0.14,1.25,0.25,-0.25
6-Prediction-RF,mae,0.55,550 MS.,TRUE,0.55,0,1,0,0
6-Prediction-RF,mae,0.55,550 MS.,FALSE,0.67,0.12,1.22,0.22,-0.22
6-Prediction-RF,mae,0.55,550 MS.,FALSE,0.7,0.15,1.27,0.27,-0.27
6-Prediction-RF,mae,0.55,550 MS.,FALSE,0.7,0.15,1.28,0.28,-0.28
6-Prediction-RF,mae,0.55,550 MS.,FALSE,0.7,0.15,1.28,0.28,-0.28
6-Prediction-RF,mae,0.55,550 MS.,TRUE,0.74,0.19,1.34,0.34,-0.34
6-Prediction-RF,mae,0.55,550 MS.,TRUE,0.73,0.18,1.32,0.32,-0.32
6-Prediction-RF,mae,0.55,550 MS.,FALSE,0.7,0.15,1.28,0.28,-0.28
6-Prediction-RF,mae,0.55,550 MS.,TRUE,0.64,0.09,1.16,0.16,-0.16
6-Prediction-RF,mae,0.55,550 MS.,FALSE,0.69,0.14,1.25,0.25,-0.25
6-Prediction-RF,mae,0.55,550 MS.,FALSE,0.74,0.19,1.35,0.35,-0.35
6-Prediction-RF,mae,0.55,550 MS.,FALSE,0.71,0.16,1.29,0.29,-0.29
6-Prediction-RF,mae,0.55,550 MS.,FALSE,0.71,0.16,1.29,0.29,-0.29
6-Prediction-RF,mae,0.55,550 MS.,FALSE,0.63,0.08,1.15,0.15,-0.15
6-Prediction-RF,mae,0.55,550 MS.,TRUE,0.65,0.1,1.18,0.18,-0.18
6-Prediction-RF,mae,0.55,550 MS.,FALSE,0.64,0.09,1.16,0.16,-0.16
6-Prediction-RF,mae,0.55,550 MS.,TRUE,0.65,0.1,1.18,0.18,-0.18
6-Prediction-RF,mae,0.55,550 MS.,TRUE,0.66,0.11,1.19,0.19,-0.19
6-Prediction-RF,mae,0.55,550 MS.,TRUE,0.7,0.15,1.28,0.28,-0.28
6-Prediction-RF,mae,0.55,550 MS.,FALSE,0.73,0.18,1.32,0.32,-0.32
6-Prediction-RF,mae,0.55,550 MS.,FALSE,0.78,0.23,1.41,0.41,-0.41
6-Prediction-RF,mae,0.55,550 MS.,TRUE,0.71,0.16,1.29,0.29,-0.29
6-Prediction-RF,mae,0.55,550 MS.,TRUE,0.7,0.15,1.28,0.28,-0.28
6-Prediction-RF,mae,0.55,550 MS.,TRUE,0.7,0.15,1.28,0.28,-0.28
6-Prediction-RF,mae,0.55,550 MS.,FALSE,0.7,0.15,1.27,0.27,-0.27
6-Prediction-RF,ot,0.55,550 MS.,FALSE,0.82,0.27,1.5,0.5,-0.5
6-Prediction-RF,ot,0.55,550 MS.,TRUE,0.68,0.13,1.24,0.24,-0.24
6-Prediction-RF,ot,0.55,550 MS.,TRUE,0.6,0.05,1.09,0.09,-0.09
6-Prediction-RF,ot,0.55,550 MS.,TRUE,0.51,-0.04,0.93,-0.07,0.07
6-Prediction-RF,ot,0.55,550 MS.,TRUE,0.61,0.06,1.11,0.11,-0.11
6-Prediction-RF,ot,0.55,550 MS.,TRUE,0.55,0,1,0,0
6-Prediction-RF,ot,0.55,550 MS.,TRUE,0.53,-0.02,0.96,-0.04,0.04
6-Prediction-RF,ot,0.55,550 MS.,FALSE,0.54,-0.01,0.99,-0.01,0.01
6-Prediction-RF,ot,0.55,550 MS.,TRUE,0.61,0.06,1.11,0.11,-0.11
6-Prediction-RF,ot,0.55,550 MS.,TRUE,0.54,-0.01,0.97,-0.03,0.03
6-Prediction-RF,ot,0.55,550 MS.,TRUE,0.48,-0.07,0.87,-0.13,0.13
6-Prediction-RF,ot,0.55,550 MS.,FALSE,0.43,-0.12,0.79,-0.21,0.21
6-Prediction-RF,ot,0.55,550 MS.,FALSE,0.42,-0.13,0.76,-0.24,0.24
6-Prediction-RF,ot,0.55,550 MS.,TRUE,0.43,-0.12,0.79,-0.21,0.21
6-Prediction-RF,ot,0.55,550 MS.,FALSE,0.39,-0.16,0.71,-0.29,0.29
6-Prediction-RF,ot,0.55,550 MS.,FALSE,0.37,-0.18,0.67,-0.33,0.33
6-Prediction-RF,ot,0.55,550 MS.,TRUE,0.37,-0.18,0.67,-0.33,0.33
6-Prediction-RF,ot,0.55,550 MS.,TRUE,0.4,-0.15,0.73,-0.27,0.27
6-Prediction-RF,ot,0.55,550 MS.,TRUE,0.34,-0.21,0.63,-0.37,0.37
6-Prediction-RF,ot,0.55,550 MS.,FALSE,0.43,-0.12,0.79,-0.21,0.21
6-Prediction-RF,ot,0.55,550 MS.,TRUE,0.47,-0.08,0.86,-0.14,0.14
6-Prediction-RF,ot,0.55,550 MS.,TRUE,0.43,-0.12,0.79,-0.21,0.21
6-Prediction-RF,ot,0.55,550 MS.,FALSE,0.4,-0.15,0.73,-0.27,0.27
6-Prediction-RF,ot,0.55,550 MS.,TRUE,0.39,-0.16,0.71,-0.29,0.29
6-Prediction-RF,ot,0.55,550 MS.,FALSE,0.38,-0.17,0.68,-0.32,0.32
6-Prediction-RF,ot,0.55,550 MS.,FALSE,0.34,-0.21,0.61,-0.39,0.39
6-Prediction-RF,ot,0.55,550 MS.,TRUE,0.34,-0.21,0.61,-0.39,0.39
6-Prediction-RF,ot,0.55,550 MS.,FALSE,0.4,-0.15,0.73,-0.27,0.27
6-Prediction-RF,ot,0.55,550 MS.,FALSE,0.42,-0.13,0.76,-0.24,0.24
6-Prediction-RF,ot,0.55,550 MS.,TRUE,0.42,-0.13,0.77,-0.23,0.23
6-Prediction-RF,ot,0.55,550 MS.,FALSE,0.49,-0.06,0.89,-0.11,0.11
6-Prediction-RF,ot,0.55,550 MS.,TRUE,0.45,-0.1,0.81,-0.19,0.19
6-Prediction-RF,ot,0.55,550 MS.,FALSE,0.5,-0.05,0.9,-0.1,0.1
6-Prediction-RF,ot,0.55,550 MS.,TRUE,0.45,-0.1,0.81,-0.19,0.19
6-Prediction-RF,ot,0.55,550 MS.,FALSE,0.45,-0.1,0.81,-0.19,0.19
6-Prediction-RF,ot,0.55,550 MS.,FALSE,0.43,-0.12,0.79,-0.21,0.21
6-Prediction-RF,ot,0.55,550 MS.,FALSE,0.46,-0.09,0.84,-0.16,0.16
6-Prediction-RF,ot,0.55,550 MS.,FALSE,0.43,-0.12,0.79,-0.21,0.21
6-Prediction-RF,ot,0.55,550 MS.,FALSE,0.38,-0.17,0.68,-0.32,0.32
6-Prediction-RF,ot,0.55,550 MS.,TRUE,0.43,-0.12,0.79,-0.21,0.21
6-Prediction-RF,ot,0.55,550 MS.,FALSE,0.36,-0.19,0.65,-0.35,0.35
6-Prediction-RF,ot,0.55,550 MS.,TRUE,0.38,-0.17,0.68,-0.32,0.32
6-Prediction-RF,ot,0.55,550 MS.,TRUE,0.41,-0.14,0.74,-0.26,0.26
6-Prediction-RF,ot,0.55,550 MS.,TRUE,0.45,-0.1,0.81,-0.19,0.19
6-Prediction-RF,ot,0.55,550 MS.,FALSE,0.47,-0.08,0.86,-0.14,0.14
6-Prediction-RF,ot,0.55,550 MS.,TRUE,0.44,-0.11,0.8,-0.2,0.2
6-Prediction-RF,ot,0.55,550 MS.,TRUE,0.36,-0.19,0.65,-0.35,0.35
6-Prediction-RF,ot,0.55,550 MS.,FALSE,0.39,-0.16,0.71,-0.29,0.29
6-Prediction-RF,ot,0.55,550 MS.,FALSE,0.36,-0.19,0.65,-0.35,0.35
6-Prediction-RF,ot,0.55,550 MS.,FALSE,0.38,-0.17,0.68,-0.32,0.32
7-Control- FF,ad,0.55,550 MS.,,0.25,-0.3,0.46,-0.54,0.54
7-Control- FF,ad,0.55,550 MS.,,0.23,-0.32,0.42,-0.58,0.58
7-Control- FF,ad,0.55,550 MS.,,0.3,-0.25,0.55,-0.45,0.45
7-Control- FF,ad,0.55,550 MS.,,0.3,-0.25,0.55,-0.45,0.45
7-Control- FF,ad,0.55,550 MS.,,0.27,-0.28,0.49,-0.51,0.51
7-Control- FF,ad,0.55,550 MS.,,0.31,-0.24,0.57,-0.43,0.43
7-Control- FF,ad,0.55,550 MS.,,0.4,-0.15,0.73,-0.27,0.27
7-Control- FF,ad,0.55,550 MS.,,0.3,-0.25,0.54,-0.46,0.46
7-Control- FF,ad,0.55,550 MS.,,0.38,-0.17,0.7,-0.3,0.3
7-Control- FF,ad,0.55,550 MS.,,0.26,-0.29,0.48,-0.52,0.52
7-Control- FF,ad,0.55,550 MS.,,0.34,-0.21,0.61,-0.39,0.39
7-Control- FF,ad,0.55,550 MS.,,0.31,-0.24,0.57,-0.43,0.43
7-Control- FF,ad,0.55,550 MS.,,0.37,-0.18,0.67,-0.33,0.33
7-Control- FF,ad,0.55,550 MS.,,0.25,-0.3,0.45,-0.55,0.55
7-Control- FF,ad,0.55,550 MS.,,0.3,-0.25,0.55,-0.45,0.45
7-Control- FF,ad,0.55,550 MS.,,0.27,-0.28,0.49,-0.51,0.51
7-Control- FF,ad,0.55,550 MS.,,0.28,-0.27,0.51,-0.49,0.49
7-Control- FF,ad,0.55,550 MS.,,0.27,-0.28,0.49,-0.51,0.51
7-Control- FF,ad,0.55,550 MS.,,0.32,-0.23,0.58,-0.42,0.42
7-Control- FF,ad,0.55,550 MS.,,0.31,-0.24,0.57,-0.43,0.43
7-Control- FF,ad,0.55,550 MS.,,0.28,-0.27,0.51,-0.49,0.49
7-Control- FF,ad,0.55,550 MS.,,0.3,-0.25,0.55,-0.45,0.45
7-Control- FF,ad,0.55,550 MS.,,0.26,-0.29,0.48,-0.52,0.52
7-Control- FF,ad,0.55,550 MS.,,0.29,-0.26,0.52,-0.48,0.48
7-Control- FF,ad,0.55,550 MS.,,0.32,-0.23,0.58,-0.42,0.42
7-Control- FF,ad,0.55,550 MS.,,0.41,-0.14,0.74,-0.26,0.26
7-Control- FF,ad,0.55,550 MS.,,0.25,-0.3,0.45,-0.55,0.55
7-Control- FF,ad,0.55,550 MS.,,0.28,-0.27,0.51,-0.49,0.49
7-Control- FF,ad,0.55,550 MS.,,0.27,-0.28,0.49,-0.51,0.51
7-Control- FF,ad,0.55,550 MS.,,0.26,-0.29,0.48,-0.52,0.52
7-Control- FF,ad,0.55,550 MS.,,0.28,-0.27,0.51,-0.49,0.49
7-Control- FF,ad,0.55,550 MS.,,0.32,-0.23,0.58,-0.42,0.42
7-Control- FF,ad,0.55,550 MS.,,0.26,-0.29,0.48,-0.52,0.52
7-Control- FF,ad,0.55,550 MS.,,0.27,-0.28,0.49,-0.51,0.51
7-Control- FF,ad,0.55,550 MS.,,0.28,-0.27,0.51,-0.49,0.49
7-Control- FF,ad,0.55,550 MS.,,0.31,-0.24,0.57,-0.43,0.43
7-Control- FF,ad,0.55,550 MS.,,0.26,-0.29,0.48,-0.52,0.52
7-Control- FF,ad,0.55,550 MS.,,0.28,-0.27,0.51,-0.49,0.49
7-Control- FF,ad,0.55,550 MS.,,0.27,-0.28,0.49,-0.51,0.51
7-Control- FF,ad,0.55,550 MS.,,0.26,-0.29,0.48,-0.52,0.52
7-Control- FF,ad,0.55,550 MS.,,0.27,-0.28,0.49,-0.51,0.51
7-Control- FF,ad,0.55,550 MS.,,0.26,-0.29,0.48,-0.52,0.52
7-Control- FF,ad,0.55,550 MS.,,0.26,-0.29,0.48,-0.52,0.52
7-Control- FF,ad,0.55,550 MS.,,0.27,-0.28,0.49,-0.51,0.51
7-Control- FF,ad,0.55,550 MS.,,0.27,-0.28,0.49,-0.51,0.51
7-Control- FF,ad,0.55,550 MS.,,0.28,-0.27,0.51,-0.49,0.49
7-Control- FF,ad,0.55,550 MS.,,0.31,-0.24,0.57,-0.43,0.43
7-Control- FF,ad,0.55,550 MS.,,0.39,-0.16,0.71,-0.29,0.29
7-Control- FF,ad,0.55,550 MS.,,0.45,-0.1,0.81,-0.19,0.19
7-Control- FF,ad,0.55,550 MS.,,0.26,-0.29,0.48,-0.52,0.52
7-Control- FF,ag,0.55,550 MS.,,0.28,-0.27,0.51,-0.49,0.49
7-Control- FF,ag,0.55,550 MS.,,0.38,-0.17,0.7,-0.3,0.3
7-Control- FF,ag,0.55,550 MS.,,0.35,-0.2,0.64,-0.36,0.36
7-Control- FF,ag,0.55,550 MS.,,0.37,-0.18,0.67,-0.33,0.33
7-Control- FF,ag,0.55,550 MS.,,0.36,-0.19,0.65,-0.35,0.35
7-Control- FF,ag,0.55,550 MS.,,0.33,-0.22,0.6,-0.4,0.4
7-Control- FF,ag,0.55,550 MS.,,0.38,-0.17,0.7,-0.3,0.3
7-Control- FF,ag,0.55,550 MS.,,0.41,-0.14,0.74,-0.26,0.26
7-Control- FF,ag,0.55,550 MS.,,0.42,-0.13,0.76,-0.24,0.24
7-Control- FF,ag,0.55,550 MS.,,0.36,-0.19,0.65,-0.35,0.35
7-Control- FF,ag,0.55,550 MS.,,0.52,-0.03,0.95,-0.05,0.05
7-Control- FF,ag,0.55,550 MS.,,0.57,0.02,1.03,0.03,-0.03
7-Control- FF,ag,0.55,550 MS.,,0.62,0.07,1.13,0.13,-0.13
7-Control- FF,ag,0.55,550 MS.,,0.58,0.03,1.06,0.06,-0.06
7-Control- FF,ag,0.55,550 MS.,,0.62,0.07,1.12,0.12,-0.12
7-Control- FF,ag,0.55,550 MS.,,0.42,-0.13,0.76,-0.24,0.24
7-Control- FF,ag,0.55,550 MS.,,0.6,0.05,1.09,0.09,-0.09
7-Control- FF,ag,0.55,550 MS.,,0.46,-0.09,0.83,-0.17,0.17
7-Control- FF,ag,0.55,550 MS.,,0.51,-0.04,0.93,-0.07,0.07
7-Control- FF,ag,0.55,550 MS.,,0.48,-0.07,0.87,-0.13,0.13
7-Control- FF,ag,0.55,550 MS.,,0.54,-0.01,0.97,-0.03,0.03
7-Control- FF,ag,0.55,550 MS.,,0.63,0.08,1.15,0.15,-0.15
7-Control- FF,ag,0.55,550 MS.,,0.51,-0.04,0.93,-0.07,0.07
7-Control- FF,ag,0.55,550 MS.,,0.48,-0.07,0.87,-0.13,0.13
7-Control- FF,ag,0.55,550 MS.,,0.53,-0.02,0.96,-0.04,0.04
7-Control- FF,ag,0.55,550 MS.,,0.54,-0.01,0.99,-0.01,0.01
7-Control- FF,ag,0.55,550 MS.,,0.5,-0.05,0.92,-0.08,0.08
7-Control- FF,ag,0.55,550 MS.,,0.57,0.02,1.03,0.03,-0.03
7-Control- FF,ag,0.55,550 MS.,,0.54,-0.01,0.99,-0.01,0.01
7-Control- FF,ag,0.55,550 MS.,,0.61,0.06,1.11,0.11,-0.11
7-Control- FF,ag,0.55,550 MS.,,0.62,0.07,1.12,0.12,-0.12
7-Control- FF,ag,0.55,550 MS.,,0.54,-0.01,0.99,-0.01,0.01
7-Control- FF,ag,0.55,550 MS.,,0.6,0.05,1.09,0.09,-0.09
7-Control- FF,ag,0.55,550 MS.,,0.66,0.11,1.21,0.21,-0.21
7-Control- FF,ag,0.55,550 MS.,,0.54,-0.01,0.97,-0.03,0.03
7-Control- FF,ag,0.55,550 MS.,,0.63,0.08,1.15,0.15,-0.15
7-Control- FF,ag,0.55,550 MS.,,0.55,0,1,0,0
7-Control- FF,ag,0.55,550 MS.,,0.67,0.12,1.22,0.22,-0.22
7-Control- FF,ag,0.55,550 MS.,,0.47,-0.08,0.86,-0.14,0.14
7-Control- FF,ag,0.55,550 MS.,,0.61,0.06,1.11,0.11,-0.11
7-Control- FF,ag,0.55,550 MS.,,0.58,0.03,1.06,0.06,-0.06
7-Control- FF,ag,0.55,550 MS.,,0.66,0.11,1.19,0.19,-0.19
7-Control- FF,ag,0.55,550 MS.,,0.69,0.14,1.25,0.25,-0.25
7-Control- FF,ag,0.55,550 MS.,,0.64,0.09,1.16,0.16,-0.16
7-Control- FF,ag,0.55,550 MS.,,0.63,0.08,1.15,0.15,-0.15
7-Control- FF,ag,0.55,550 MS.,,0.62,0.07,1.12,0.12,-0.12
7-Control- FF,ag,0.55,550 MS.,,0.61,0.06,1.11,0.11,-0.11
7-Control- FF,ag,0.55,550 MS.,,0.59,0.04,1.08,0.08,-0.08
7-Control- FF,ag,0.55,550 MS.,,0.66,0.11,1.19,0.19,-0.19
7-Control- FF,ag,0.55,550 MS.,,0.62,0.07,1.12,0.12,-0.12
7-Control- FF,bs,0.55,550 MS.,,0.36,-0.19,0.65,-0.35,0.35
7-Control- FF,bs,0.55,550 MS.,,0.53,-0.02,0.96,-0.04,0.04
7-Control- FF,bs,0.55,550 MS.,,0.32,-0.23,0.58,-0.42,0.42
7-Control- FF,bs,0.55,550 MS.,,0.29,-0.26,0.52,-0.48,0.48
7-Control- FF,bs,0.55,550 MS.,,0.34,-0.21,0.63,-0.37,0.37
7-Control- FF,bs,0.55,550 MS.,,0.43,-0.12,0.79,-0.21,0.21
7-Control- FF,bs,0.55,550 MS.,,0.5,-0.05,0.9,-0.1,0.1
7-Control- FF,bs,0.55,550 MS.,,0.49,-0.06,0.89,-0.11,0.11
7-Control- FF,bs,0.55,550 MS.,,0.55,0,1,0,0
7-Control- FF,bs,0.55,550 MS.,,0.51,-0.04,0.93,-0.07,0.07
7-Control- FF,bs,0.55,550 MS.,,0.58,0.03,1.05,0.05,-0.05
7-Control- FF,bs,0.55,550 MS.,,0.51,-0.04,0.93,-0.07,0.07
7-Control- FF,bs,0.55,550 MS.,,0.52,-0.03,0.95,-0.05,0.05
7-Control- FF,bs,0.55,550 MS.,,0.53,-0.02,0.96,-0.04,0.04
7-Control- FF,bs,0.55,550 MS.,,0.54,-0.01,0.97,-0.03,0.03
7-Control- FF,bs,0.55,550 MS.,,0.5,-0.05,0.92,-0.08,0.08
7-Control- FF,bs,0.55,550 MS.,,0.48,-0.07,0.87,-0.13,0.13
7-Control- FF,bs,0.55,550 MS.,,0.52,-0.03,0.95,-0.05,0.05
7-Control- FF,bs,0.55,550 MS.,,0.48,-0.07,0.87,-0.13,0.13
7-Control- FF,bs,0.55,550 MS.,,0.44,-0.11,0.8,-0.2,0.2
7-Control- FF,bs,0.55,550 MS.,,0.38,-0.17,0.7,-0.3,0.3
7-Control- FF,bs,0.55,550 MS.,,0.45,-0.1,0.81,-0.19,0.19
7-Control- FF,bs,0.55,550 MS.,,0.53,-0.02,0.96,-0.04,0.04
7-Control- FF,bs,0.55,550 MS.,,0.54,-0.01,0.97,-0.03,0.03
7-Control- FF,bs,0.55,550 MS.,,0.61,0.06,1.11,0.11,-0.11
7-Control- FF,bs,0.55,550 MS.,,0.55,0,1,0,0
7-Control- FF,bs,0.55,550 MS.,,0.49,-0.06,0.89,-0.11,0.11
7-Control- FF,bs,0.55,550 MS.,,0.42,-0.13,0.77,-0.23,0.23
7-Control- FF,bs,0.55,550 MS.,,0.38,-0.17,0.7,-0.3,0.3
7-Control- FF,bs,0.55,550 MS.,,0.34,-0.21,0.63,-0.37,0.37
7-Control- FF,bs,0.55,550 MS.,,0.33,-0.22,0.6,-0.4,0.4
7-Control- FF,bs,0.55,550 MS.,,0.34,-0.21,0.63,-0.37,0.37
7-Control- FF,bs,0.55,550 MS.,,0.33,-0.22,0.6,-0.4,0.4
7-Control- FF,bs,0.55,550 MS.,,0.38,-0.17,0.68,-0.32,0.32
7-Control- FF,bs,0.55,550 MS.,,0.38,-0.17,0.7,-0.3,0.3
7-Control- FF,bs,0.55,550 MS.,,0.46,-0.09,0.83,-0.17,0.17
7-Control- FF,bs,0.55,550 MS.,,0.47,-0.08,0.86,-0.14,0.14
7-Control- FF,bs,0.55,550 MS.,,0.46,-0.09,0.84,-0.16,0.16
7-Control- FF,bs,0.55,550 MS.,,0.67,0.12,1.22,0.22,-0.22
7-Control- FF,bs,0.55,550 MS.,,0.39,-0.16,0.71,-0.29,0.29
7-Control- FF,bs,0.55,550 MS.,,0.38,-0.17,0.68,-0.32,0.32
7-Control- FF,bs,0.55,550 MS.,,0.35,-0.2,0.64,-0.36,0.36
7-Control- FF,bs,0.55,550 MS.,,0.39,-0.16,0.71,-0.29,0.29
7-Control- FF,bs,0.55,550 MS.,,0.33,-0.22,0.6,-0.4,0.4
7-Control- FF,bs,0.55,550 MS.,,0.35,-0.2,0.64,-0.36,0.36
7-Control- FF,bs,0.55,550 MS.,,0.33,-0.22,0.6,-0.4,0.4
7-Control- FF,bs,0.55,550 MS.,,0.34,-0.21,0.63,-0.37,0.37
7-Control- FF,bs,0.55,550 MS.,,0.34,-0.21,0.63,-0.37,0.37
7-Control- FF,bs,0.55,550 MS.,,0.33,-0.22,0.6,-0.4,0.4
7-Control- FF,bs,0.55,550 MS.,,0.4,-0.15,0.73,-0.27,0.27
7-Control- FF,bt,0.55,550 MS.,,0.4,-0.15,0.73,-0.27,0.27
7-Control- FF,bt,0.55,550 MS.,,0.46,-0.09,0.83,-0.17,0.17
7-Control- FF,bt,0.55,550 MS.,,0.5,-0.05,0.9,-0.1,0.1
7-Control- FF,bt,0.55,550 MS.,,0.52,-0.03,0.95,-0.05,0.05
7-Control- FF,bt,0.55,550 MS.,,0.5,-0.05,0.9,-0.1,0.1
7-Control- FF,bt,0.55,550 MS.,,0.58,0.03,1.05,0.05,-0.05
7-Control- FF,bt,0.55,550 MS.,,0.58,0.03,1.05,0.05,-0.05
7-Control- FF,bt,0.55,550 MS.,,0.53,-0.02,0.96,-0.04,0.04
7-Control- FF,bt,0.55,550 MS.,,0.54,-0.01,0.97,-0.03,0.03
7-Control- FF,bt,0.55,550 MS.,,0.5,-0.05,0.92,-0.08,0.08
7-Control- FF,bt,0.55,550 MS.,,0.57,0.02,1.03,0.03,-0.03
7-Control- FF,bt,0.55,550 MS.,,0.48,-0.07,0.87,-0.13,0.13
7-Control- FF,bt,0.55,550 MS.,,0.54,-0.01,0.97,-0.03,0.03
7-Control- FF,bt,0.55,550 MS.,,0.66,0.11,1.19,0.19,-0.19
7-Control- FF,bt,0.55,550 MS.,,0.5,-0.05,0.9,-0.1,0.1
7-Control- FF,bt,0.55,550 MS.,,0.56,0.01,1.02,0.02,-0.02
7-Control- FF,bt,0.55,550 MS.,,0.63,0.08,1.15,0.15,-0.15
7-Control- FF,bt,0.55,550 MS.,,0.55,0,1,0,0
7-Control- FF,bt,0.55,550 MS.,,0.58,0.03,1.05,0.05,-0.05
7-Control- FF,bt,0.55,550 MS.,,0.52,-0.03,0.95,-0.05,0.05
7-Control- FF,bt,0.55,550 MS.,,0.62,0.07,1.12,0.12,-0.12
7-Control- FF,bt,0.55,550 MS.,,0.6,0.05,1.09,0.09,-0.09
7-Control- FF,bt,0.55,550 MS.,,0.49,-0.06,0.89,-0.11,0.11
7-Control- FF,bt,0.55,550 MS.,,0.48,-0.07,0.87,-0.13,0.13
7-Control- FF,bt,0.55,550 MS.,,0.55,0,1,0,0
7-Control- FF,bt,0.55,550 MS.,,0.5,-0.05,0.92,-0.08,0.08
7-Control- FF,bt,0.55,550 MS.,,0.51,-0.04,0.93,-0.07,0.07
7-Control- FF,bt,0.55,550 MS.,,0.59,0.04,1.08,0.08,-0.08
7-Control- FF,bt,0.55,550 MS.,,0.58,0.03,1.05,0.05,-0.05
7-Control- FF,bt,0.55,550 MS.,,0.62,0.07,1.13,0.13,-0.13
7-Control- FF,bt,0.55,550 MS.,,0.58,0.03,1.05,0.05,-0.05
7-Control- FF,bt,0.55,550 MS.,,0.53,-0.02,0.96,-0.04,0.04
7-Control- FF,bt,0.55,550 MS.,,0.6,0.05,1.09,0.09,-0.09
7-Control- FF,bt,0.55,550 MS.,,0.61,0.06,1.11,0.11,-0.11
7-Control- FF,bt,0.55,550 MS.,,0.53,-0.02,0.96,-0.04,0.04
7-Control- FF,bt,0.55,550 MS.,,0.58,0.03,1.06,0.06,-0.06
7-Control- FF,bt,0.55,550 MS.,,0.55,0,1,0,0
7-Control- FF,bt,0.55,550 MS.,,0.61,0.06,1.11,0.11,-0.11
7-Control- FF,bt,0.55,550 MS.,,0.52,-0.03,0.95,-0.05,0.05
7-Control- FF,bt,0.55,550 MS.,,0.51,-0.04,0.93,-0.07,0.07
7-Control- FF,bt,0.55,550 MS.,,0.62,0.07,1.12,0.12,-0.12
7-Control- FF,bt,0.55,550 MS.,,0.55,0,1,0,0
7-Control- FF,bt,0.55,550 MS.,,0.58,0.03,1.06,0.06,-0.06
7-Control- FF,bt,0.55,550 MS.,,0.58,0.03,1.05,0.05,-0.05
7-Control- FF,bt,0.55,550 MS.,,0.54,-0.01,0.97,-0.03,0.03
7-Control- FF,bt,0.55,550 MS.,,0.49,-0.06,0.89,-0.11,0.11
7-Control- FF,bt,0.55,550 MS.,,0.56,0.01,1.02,0.02,-0.02
7-Control- FF,bt,0.55,550 MS.,,0.56,0.01,1.02,0.02,-0.02
7-Control- FF,bt,0.55,550 MS.,,0.62,0.07,1.12,0.12,-0.12
7-Control- FF,bt,0.55,550 MS.,,0.57,0.02,1.03,0.03,-0.03
7-Control- FF,dt,0.55,550 MS.,,0.32,-0.23,0.58,-0.42,0.42
7-Control- FF,dt,0.55,550 MS.,,0.39,-0.16,0.71,-0.29,0.29
7-Control- FF,dt,0.55,550 MS.,,0.21,-0.34,0.38,-0.62,0.62
7-Control- FF,dt,0.55,550 MS.,,0.22,-0.33,0.39,-0.61,0.61
7-Control- FF,dt,0.55,550 MS.,,0.18,-0.37,0.33,-0.67,0.67
7-Control- FF,dt,0.55,550 MS.,,0.14,-0.41,0.25,-0.75,0.75
7-Control- FF,dt,0.55,550 MS.,,0.18,-0.37,0.32,-0.68,0.68
7-Control- FF,dt,0.55,550 MS.,,0.2,-0.35,0.36,-0.64,0.64
7-Control- FF,dt,0.55,550 MS.,,0.2,-0.35,0.36,-0.64,0.64
7-Control- FF,dt,0.55,550 MS.,,0.16,-0.39,0.29,-0.71,0.71
7-Control- FF,dt,0.55,550 MS.,,0.18,-0.37,0.32,-0.68,0.68
7-Control- FF,dt,0.55,550 MS.,,0.19,-0.36,0.35,-0.65,0.65
7-Control- FF,dt,0.55,550 MS.,,0.29,-0.26,0.52,-0.48,0.48
7-Control- FF,dt,0.55,550 MS.,,0.3,-0.25,0.54,-0.46,0.46
7-Control- FF,dt,0.55,550 MS.,,0.17,-0.38,0.31,-0.69,0.69
7-Control- FF,dt,0.55,550 MS.,,0.17,-0.38,0.31,-0.69,0.69
7-Control- FF,dt,0.55,550 MS.,,0.17,-0.38,0.31,-0.69,0.69
7-Control- FF,dt,0.55,550 MS.,,0.16,-0.39,0.29,-0.71,0.71
7-Control- FF,dt,0.55,550 MS.,,0.15,-0.4,0.28,-0.72,0.72
7-Control- FF,dt,0.55,550 MS.,,0.15,-0.4,0.28,-0.72,0.72
7-Control- FF,dt,0.55,550 MS.,,0.16,-0.39,0.29,-0.71,0.71
7-Control- FF,dt,0.55,550 MS.,,0.17,-0.38,0.31,-0.69,0.69
7-Control- FF,dt,0.55,550 MS.,,0.21,-0.34,0.38,-0.62,0.62
7-Control- FF,dt,0.55,550 MS.,,0.19,-0.36,0.35,-0.65,0.65
7-Control- FF,dt,0.55,550 MS.,,0.2,-0.35,0.36,-0.64,0.64
7-Control- FF,dt,0.55,550 MS.,,0.14,-0.41,0.25,-0.75,0.75
7-Control- FF,dt,0.55,550 MS.,,0.15,-0.4,0.28,-0.72,0.72
7-Control- FF,dt,0.55,550 MS.,,0.21,-0.34,0.38,-0.62,0.62
7-Control- FF,dt,0.55,550 MS.,,0.19,-0.36,0.35,-0.65,0.65
7-Control- FF,dt,0.55,550 MS.,,0.19,-0.36,0.35,-0.65,0.65
7-Control- FF,dt,0.55,550 MS.,,0.19,-0.36,0.35,-0.65,0.65
7-Control- FF,dt,0.55,550 MS.,,0.21,-0.34,0.38,-0.62,0.62
7-Control- FF,dt,0.55,550 MS.,,0.23,-0.32,0.42,-0.58,0.58
7-Control- FF,dt,0.55,550 MS.,,0.2,-0.35,0.36,-0.64,0.64
7-Control- FF,dt,0.55,550 MS.,,0.28,-0.27,0.51,-0.49,0.49
7-Control- FF,dt,0.55,550 MS.,,0.26,-0.29,0.48,-0.52,0.52
7-Control- FF,dt,0.55,550 MS.,,0.19,-0.36,0.35,-0.65,0.65
7-Control- FF,dt,0.55,550 MS.,,0.19,-0.36,0.35,-0.65,0.65
7-Control- FF,dt,0.55,550 MS.,,0.25,-0.3,0.45,-0.55,0.55
7-Control- FF,dt,0.55,550 MS.,,0.2,-0.35,0.36,-0.64,0.64
7-Control- FF,dt,0.55,550 MS.,,0.22,-0.33,0.39,-0.61,0.61
7-Control- FF,dt,0.55,550 MS.,,0.21,-0.34,0.38,-0.62,0.62
7-Control- FF,dt,0.55,550 MS.,,0.18,-0.37,0.32,-0.68,0.68
7-Control- FF,dt,0.55,550 MS.,,0.2,-0.35,0.36,-0.64,0.64
7-Control- FF,dt,0.55,550 MS.,,0.19,-0.36,0.35,-0.65,0.65
7-Control- FF,dt,0.55,550 MS.,,0.18,-0.37,0.33,-0.67,0.67
7-Control- FF,dt,0.55,550 MS.,,0.22,-0.33,0.41,-0.59,0.59
7-Control- FF,dt,0.55,550 MS.,,0.18,-0.37,0.32,-0.68,0.68
7-Control- FF,dt,0.55,550 MS.,,0.2,-0.35,0.36,-0.64,0.64
7-Control- FF,dt,0.55,550 MS.,,0.2,-0.35,0.36,-0.64,0.64
7-Control- FF,hc,0.55,550 MS.,,0.2,-0.35,0.36,-0.64,0.64
7-Control- FF,hc,0.55,550 MS.,,0.24,-0.31,0.44,-0.56,0.56
7-Control- FF,hc,0.55,550 MS.,,0.22,-0.33,0.41,-0.59,0.59
7-Control- FF,hc,0.55,550 MS.,,0.25,-0.3,0.45,-0.55,0.55
7-Control- FF,hc,0.55,550 MS.,,0.26,-0.29,0.48,-0.52,0.52
7-Control- FF,hc,0.55,550 MS.,,0.33,-0.22,0.6,-0.4,0.4
7-Control- FF,hc,0.55,550 MS.,,0.3,-0.25,0.55,-0.45,0.45
7-Control- FF,hc,0.55,550 MS.,,0.34,-0.21,0.63,-0.37,0.37
7-Control- FF,hc,0.55,550 MS.,,0.3,-0.25,0.55,-0.45,0.45
7-Control- FF,hc,0.55,550 MS.,,0.34,-0.21,0.61,-0.39,0.39
7-Control- FF,hc,0.55,550 MS.,,0.3,-0.25,0.55,-0.45,0.45
7-Control- FF,hc,0.55,550 MS.,,0.3,-0.25,0.54,-0.46,0.46
7-Control- FF,hc,0.55,550 MS.,,0.29,-0.26,0.52,-0.48,0.48
7-Control- FF,hc,0.55,550 MS.,,0.32,-0.23,0.58,-0.42,0.42
7-Control- FF,hc,0.55,550 MS.,,0.32,-0.23,0.58,-0.42,0.42
7-Control- FF,hc,0.55,550 MS.,,0.27,-0.28,0.49,-0.51,0.51
7-Control- FF,hc,0.55,550 MS.,,0.3,-0.25,0.54,-0.46,0.46
7-Control- FF,hc,0.55,550 MS.,,0.31,-0.24,0.57,-0.43,0.43
7-Control- FF,hc,0.55,550 MS.,,0.29,-0.26,0.52,-0.48,0.48
7-Control- FF,hc,0.55,550 MS.,,0.23,-0.32,0.42,-0.58,0.58
7-Control- FF,hc,0.55,550 MS.,,0.25,-0.3,0.45,-0.55,0.55
7-Control- FF,hc,0.55,550 MS.,,0.26,-0.29,0.47,-0.53,0.53
7-Control- FF,hc,0.55,550 MS.,,0.26,-0.29,0.47,-0.53,0.53
7-Control- FF,hc,0.55,550 MS.,,0.29,-0.26,0.52,-0.48,0.48
7-Control- FF,hc,0.55,550 MS.,,0.28,-0.27,0.51,-0.49,0.49
7-Control- FF,hc,0.55,550 MS.,,0.26,-0.29,0.47,-0.53,0.53
7-Control- FF,hc,0.55,550 MS.,,0.26,-0.29,0.47,-0.53,0.53
7-Control- FF,hc,0.55,550 MS.,,0.22,-0.33,0.39,-0.61,0.61
7-Control- FF,hc,0.55,550 MS.,,0.26,-0.29,0.48,-0.52,0.52
7-Control- FF,hc,0.55,550 MS.,,0.21,-0.34,0.38,-0.62,0.62
7-Control- FF,hc,0.55,550 MS.,,0.22,-0.33,0.41,-0.59,0.59
7-Control- FF,hc,0.55,550 MS.,,0.22,-0.33,0.39,-0.61,0.61
7-Control- FF,hc,0.55,550 MS.,,0.22,-0.33,0.39,-0.61,0.61
7-Control- FF,hc,0.55,550 MS.,,0.21,-0.34,0.38,-0.62,0.62
7-Control- FF,hc,0.55,550 MS.,,0.28,-0.27,0.51,-0.49,0.49
7-Control- FF,hc,0.55,550 MS.,,0.25,-0.3,0.45,-0.55,0.55
7-Control- FF,hc,0.55,550 MS.,,0.24,-0.31,0.44,-0.56,0.56
7-Control- FF,hc,0.55,550 MS.,,0.26,-0.29,0.47,-0.53,0.53
7-Control- FF,hc,0.55,550 MS.,,0.23,-0.32,0.42,-0.58,0.58
7-Control- FF,hc,0.55,550 MS.,,0.16,-0.39,0.29,-0.71,0.71
7-Control- FF,hc,0.55,550 MS.,,0.24,-0.31,0.44,-0.56,0.56
7-Control- FF,hc,0.55,550 MS.,,0.17,-0.38,0.31,-0.69,0.69
7-Control- FF,hc,0.55,550 MS.,,0.17,-0.38,0.31,-0.69,0.69
7-Control- FF,hc,0.55,550 MS.,,0.25,-0.3,0.45,-0.55,0.55
7-Control- FF,hc,0.55,550 MS.,,0.36,-0.19,0.65,-0.35,0.35
7-Control- FF,hc,0.55,550 MS.,,0.32,-0.23,0.58,-0.42,0.42
7-Control- FF,hc,0.55,550 MS.,,0.27,-0.28,0.49,-0.51,0.51
7-Control- FF,hc,0.55,550 MS.,,0.3,-0.25,0.54,-0.46,0.46
7-Control- FF,hc,0.55,550 MS.,,0.2,-0.35,0.36,-0.64,0.64
7-Control- FF,hc,0.55,550 MS.,,0.28,-0.27,0.51,-0.49,0.49
7-Control- FF,ho,0.55,550 MS.,,0.32,-0.23,0.58,-0.42,0.42
7-Control- FF,ho,0.55,550 MS.,,0.38,-0.17,0.7,-0.3,0.3
7-Control- FF,ho,0.55,550 MS.,,0.38,-0.17,0.68,-0.32,0.32
7-Control- FF,ho,0.55,550 MS.,,0.34,-0.21,0.61,-0.39,0.39
7-Control- FF,ho,0.55,550 MS.,,0.46,-0.09,0.84,-0.16,0.16
7-Control- FF,ho,0.55,550 MS.,,0.42,-0.13,0.76,-0.24,0.24
7-Control- FF,ho,0.55,550 MS.,,0.47,-0.08,0.86,-0.14,0.14
7-Control- FF,ho,0.55,550 MS.,,0.55,0,1,0,0
7-Control- FF,ho,0.55,550 MS.,,0.51,-0.04,0.93,-0.07,0.07
7-Control- FF,ho,0.55,550 MS.,,0.57,0.02,1.03,0.03,-0.03
7-Control- FF,ho,0.55,550 MS.,,0.54,-0.01,0.99,-0.01,0.01
7-Control- FF,ho,0.55,550 MS.,,0.57,0.02,1.03,0.03,-0.03
7-Control- FF,ho,0.55,550 MS.,,0.66,0.11,1.19,0.19,-0.19
7-Control- FF,ho,0.55,550 MS.,,0.5,-0.05,0.92,-0.08,0.08
7-Control- FF,ho,0.55,550 MS.,,0.5,-0.05,0.9,-0.1,0.1
7-Control- FF,ho,0.55,550 MS.,,0.41,-0.14,0.74,-0.26,0.26
7-Control- FF,ho,0.55,550 MS.,,0.47,-0.08,0.86,-0.14,0.14
7-Control- FF,ho,0.55,550 MS.,,0.46,-0.09,0.84,-0.16,0.16
7-Control- FF,ho,0.55,550 MS.,,0.43,-0.12,0.79,-0.21,0.21
7-Control- FF,ho,0.55,550 MS.,,0.47,-0.08,0.86,-0.14,0.14
7-Control- FF,ho,0.55,550 MS.,,0.58,0.03,1.05,0.05,-0.05
7-Control- FF,ho,0.55,550 MS.,,0.45,-0.1,0.81,-0.19,0.19
7-Control- FF,ho,0.55,550 MS.,,0.42,-0.13,0.76,-0.24,0.24
7-Control- FF,ho,0.55,550 MS.,,0.37,-0.18,0.67,-0.33,0.33
7-Control- FF,ho,0.55,550 MS.,,0.42,-0.13,0.77,-0.23,0.23
7-Control- FF,ho,0.55,550 MS.,,0.55,0,1,0,0
7-Control- FF,ho,0.55,550 MS.,,0.49,-0.06,0.89,-0.11,0.11
7-Control- FF,ho,0.55,550 MS.,,0.5,-0.05,0.92,-0.08,0.08
7-Control- FF,ho,0.55,550 MS.,,0.44,-0.11,0.8,-0.2,0.2
7-Control- FF,ho,0.55,550 MS.,,0.55,0,1,0,0
7-Control- FF,ho,0.55,550 MS.,,0.46,-0.09,0.83,-0.17,0.17
7-Control- FF,ho,0.55,550 MS.,,0.46,-0.09,0.84,-0.16,0.16
7-Control- FF,ho,0.55,550 MS.,,0.45,-0.1,0.81,-0.19,0.19
7-Control- FF,ho,0.55,550 MS.,,0.46,-0.09,0.84,-0.16,0.16
7-Control- FF,ho,0.55,550 MS.,,0.46,-0.09,0.83,-0.17,0.17
7-Control- FF,ho,0.55,550 MS.,,0.39,-0.16,0.71,-0.29,0.29
7-Control- FF,ho,0.55,550 MS.,,0.47,-0.08,0.86,-0.14,0.14
7-Control- FF,ho,0.55,550 MS.,,0.37,-0.18,0.67,-0.33,0.33
7-Control- FF,ho,0.55,550 MS.,,0.42,-0.13,0.76,-0.24,0.24
7-Control- FF,ho,0.55,550 MS.,,0.43,-0.12,0.79,-0.21,0.21
7-Control- FF,ho,0.55,550 MS.,,0.45,-0.1,0.81,-0.19,0.19
7-Control- FF,ho,0.55,550 MS.,,0.48,-0.07,0.87,-0.13,0.13
7-Control- FF,ho,0.55,550 MS.,,0.48,-0.07,0.87,-0.13,0.13
7-Control- FF,ho,0.55,550 MS.,,0.53,-0.02,0.96,-0.04,0.04
7-Control- FF,ho,0.55,550 MS.,,0.49,-0.06,0.89,-0.11,0.11
7-Control- FF,ho,0.55,550 MS.,,0.46,-0.09,0.83,-0.17,0.17
7-Control- FF,ho,0.55,550 MS.,,0.52,-0.03,0.95,-0.05,0.05
7-Control- FF,ho,0.55,550 MS.,,0.53,-0.02,0.96,-0.04,0.04
7-Control- FF,ho,0.55,550 MS.,,0.54,-0.01,0.97,-0.03,0.03
7-Control- FF,ho,0.55,550 MS.,,0.54,-0.01,0.99,-0.01,0.01
7-Control- FF,ia,0.55,550 MS.,,0.46,-0.09,0.83,-0.17,0.17
7-Control- FF,ia,0.55,550 MS.,,0.33,-0.22,0.6,-0.4,0.4
7-Control- FF,ia,0.55,550 MS.,,0.32,-0.23,0.58,-0.42,0.42
7-Control- FF,ia,0.55,550 MS.,,0.31,-0.24,0.57,-0.43,0.43
7-Control- FF,ia,0.55,550 MS.,,0.41,-0.14,0.74,-0.26,0.26
7-Control- FF,ia,0.55,550 MS.,,0.42,-0.13,0.77,-0.23,0.23
7-Control- FF,ia,0.55,550 MS.,,0.41,-0.14,0.74,-0.26,0.26
7-Control- FF,ia,0.55,550 MS.,,0.47,-0.08,0.86,-0.14,0.14
7-Control- FF,ia,0.55,550 MS.,,0.51,-0.04,0.93,-0.07,0.07
7-Control- FF,ia,0.55,550 MS.,,0.47,-0.08,0.86,-0.14,0.14
7-Control- FF,ia,0.55,550 MS.,,0.58,0.03,1.05,0.05,-0.05
7-Control- FF,ia,0.55,550 MS.,,0.66,0.11,1.19,0.19,-0.19
7-Control- FF,ia,0.55,550 MS.,,0.74,0.19,1.35,0.35,-0.35
7-Control- FF,ia,0.55,550 MS.,,0.63,0.08,1.15,0.15,-0.15
7-Control- FF,ia,0.55,550 MS.,,0.82,0.27,1.48,0.48,-0.48
7-Control- FF,ia,0.55,550 MS.,,0.81,0.26,1.47,0.47,-0.47
7-Control- FF,ia,0.55,550 MS.,,0.78,0.23,1.41,0.41,-0.41
7-Control- FF,ia,0.55,550 MS.,,0.53,-0.02,0.96,-0.04,0.04
7-Control- FF,ia,0.55,550 MS.,,0.54,-0.01,0.97,-0.03,0.03
7-Control- FF,ia,0.55,550 MS.,,0.55,0,1,0,0
7-Control- FF,ia,0.55,550 MS.,,0.54,-0.01,0.99,-0.01,0.01
7-Control- FF,ia,0.55,550 MS.,,0.43,-0.12,0.79,-0.21,0.21
7-Control- FF,ia,0.55,550 MS.,,0.51,-0.04,0.93,-0.07,0.07
7-Control- FF,ia,0.55,550 MS.,,0.34,-0.21,0.63,-0.37,0.37
7-Control- FF,ia,0.55,550 MS.,,0.54,-0.01,0.97,-0.03,0.03
7-Control- FF,ia,0.55,550 MS.,,0.53,-0.02,0.96,-0.04,0.04
7-Control- FF,ia,0.55,550 MS.,,0.46,-0.09,0.83,-0.17,0.17
7-Control- FF,ia,0.55,550 MS.,,0.77,0.22,1.4,0.4,-0.4
7-Control- FF,ia,0.55,550 MS.,,0.62,0.07,1.13,0.13,-0.13
7-Control- FF,ia,0.55,550 MS.,,0.46,-0.09,0.84,-0.16,0.16
7-Control- FF,ia,0.55,550 MS.,,0.67,0.12,1.22,0.22,-0.22
7-Control- FF,ia,0.55,550 MS.,,0.66,0.11,1.21,0.21,-0.21
7-Control- FF,ia,0.55,550 MS.,,0.68,0.13,1.24,0.24,-0.24
7-Control- FF,ia,0.55,550 MS.,,0.64,0.09,1.16,0.16,-0.16
7-Control- FF,ia,0.55,550 MS.,,0.68,0.13,1.24,0.24,-0.24
7-Control- FF,ia,0.55,550 MS.,,0.68,0.13,1.24,0.24,-0.24
7-Control- FF,ia,0.55,550 MS.,,0.64,0.09,1.16,0.16,-0.16
7-Control- FF,ia,0.55,550 MS.,,0.79,0.24,1.44,0.44,-0.44
7-Control- FF,ia,0.55,550 MS.,,0.59,0.04,1.08,0.08,-0.08
7-Control- FF,ia,0.55,550 MS.,,0.58,0.03,1.06,0.06,-0.06
7-Control- FF,ia,0.55,550 MS.,,0.62,0.07,1.12,0.12,-0.12
7-Control- FF,ia,0.55,550 MS.,,0.5,-0.05,0.9,-0.1,0.1
7-Control- FF,ia,0.55,550 MS.,,0.79,0.24,1.44,0.44,-0.44
7-Control- FF,ia,0.55,550 MS.,,0.48,-0.07,0.87,-0.13,0.13
7-Control- FF,ia,0.55,550 MS.,,0.64,0.09,1.16,0.16,-0.16
7-Control- FF,ia,0.55,550 MS.,,0.55,0,1,0,0
7-Control- FF,ia,0.55,550 MS.,,0.63,0.08,1.15,0.15,-0.15
7-Control- FF,ia,0.55,550 MS.,,0.67,0.12,1.22,0.22,-0.22
7-Control- FF,ia,0.55,550 MS.,,0.64,0.09,1.16,0.16,-0.16
7-Control- FF,ia,0.55,550 MS.,,0.64,0.09,1.16,0.16,-0.16
7-Control- FF,mae,0.55,550 MS.,,0.45,-0.1,0.81,-0.19,0.19
7-Control- FF,mae,0.55,550 MS.,,0.51,-0.04,0.93,-0.07,0.07
7-Control- FF,mae,0.55,550 MS.,,0.54,-0.01,0.99,-0.01,0.01
7-Control- FF,mae,0.55,550 MS.,,0.63,0.08,1.15,0.15,-0.15
7-Control- FF,mae,0.55,550 MS.,,0.58,0.03,1.05,0.05,-0.05
7-Control- FF,mae,0.55,550 MS.,,0.58,0.03,1.06,0.06,-0.06
7-Control- FF,mae,0.55,550 MS.,,0.58,0.03,1.05,0.05,-0.05
7-Control- FF,mae,0.55,550 MS.,,0.57,0.02,1.03,0.03,-0.03
7-Control- FF,mae,0.55,550 MS.,,0.57,0.02,1.03,0.03,-0.03
7-Control- FF,mae,0.55,550 MS.,,0.59,0.04,1.08,0.08,-0.08
7-Control- FF,mae,0.55,550 MS.,,0.56,0.01,1.02,0.02,-0.02
7-Control- FF,mae,0.55,550 MS.,,0.58,0.03,1.06,0.06,-0.06
7-Control- FF,mae,0.55,550 MS.,,0.6,0.05,1.09,0.09,-0.09
7-Control- FF,mae,0.55,550 MS.,,0.63,0.08,1.15,0.15,-0.15
7-Control- FF,mae,0.55,550 MS.,,0.62,0.07,1.13,0.13,-0.13
7-Control- FF,mae,0.55,550 MS.,,0.59,0.04,1.08,0.08,-0.08
7-Control- FF,mae,0.55,550 MS.,,0.59,0.04,1.08,0.08,-0.08
7-Control- FF,mae,0.55,550 MS.,,0.59,0.04,1.08,0.08,-0.08
7-Control- FF,mae,0.55,550 MS.,,0.62,0.07,1.13,0.13,-0.13
7-Control- FF,mae,0.55,550 MS.,,0.54,-0.01,0.99,-0.01,0.01
7-Control- FF,mae,0.55,550 MS.,,0.62,0.07,1.12,0.12,-0.12
7-Control- FF,mae,0.55,550 MS.,,0.52,-0.03,0.95,-0.05,0.05
7-Control- FF,mae,0.55,550 MS.,,0.59,0.04,1.08,0.08,-0.08
7-Control- FF,mae,0.55,550 MS.,,0.59,0.04,1.08,0.08,-0.08
7-Control- FF,mae,0.55,550 MS.,,0.6,0.05,1.09,0.09,-0.09
7-Control- FF,mae,0.55,550 MS.,,0.62,0.07,1.13,0.13,-0.13
7-Control- FF,mae,0.55,550 MS.,,0.58,0.03,1.06,0.06,-0.06
7-Control- FF,mae,0.55,550 MS.,,0.65,0.1,1.18,0.18,-0.18
7-Control- FF,mae,0.55,550 MS.,,0.67,0.12,1.22,0.22,-0.22
7-Control- FF,mae,0.55,550 MS.,,0.58,0.03,1.05,0.05,-0.05
7-Control- FF,mae,0.55,550 MS.,,0.58,0.03,1.05,0.05,-0.05
7-Control- FF,mae,0.55,550 MS.,,0.62,0.07,1.13,0.13,-0.13
7-Control- FF,mae,0.55,550 MS.,,0.61,0.06,1.11,0.11,-0.11
7-Control- FF,mae,0.55,550 MS.,,0.56,0.01,1.02,0.02,-0.02
7-Control- FF,mae,0.55,550 MS.,,0.6,0.05,1.09,0.09,-0.09
7-Control- FF,mae,0.55,550 MS.,,0.64,0.09,1.16,0.16,-0.16
7-Control- FF,mae,0.55,550 MS.,,0.6,0.05,1.09,0.09,-0.09
7-Control- FF,mae,0.55,550 MS.,,0.6,0.05,1.09,0.09,-0.09
7-Control- FF,mae,0.55,550 MS.,,0.66,0.11,1.21,0.21,-0.21
7-Control- FF,mae,0.55,550 MS.,,0.62,0.07,1.12,0.12,-0.12
7-Control- FF,mae,0.55,550 MS.,,0.59,0.04,1.08,0.08,-0.08
7-Control- FF,mae,0.55,550 MS.,,0.58,0.03,1.06,0.06,-0.06
7-Control- FF,mae,0.55,550 MS.,,0.58,0.03,1.06,0.06,-0.06
7-Control- FF,mae,0.55,550 MS.,,0.58,0.03,1.05,0.05,-0.05
7-Control- FF,mae,0.55,550 MS.,,0.66,0.11,1.19,0.19,-0.19
7-Control- FF,mae,0.55,550 MS.,,0.58,0.03,1.06,0.06,-0.06
7-Control- FF,mae,0.55,550 MS.,,0.64,0.09,1.16,0.16,-0.16
7-Control- FF,mae,0.55,550 MS.,,0.62,0.07,1.12,0.12,-0.12
7-Control- FF,mae,0.55,550 MS.,,0.6,0.05,1.09,0.09,-0.09
7-Control- FF,mae,0.55,550 MS.,,0.6,0.05,1.09,0.09,-0.09
7-Control- FF,ot,0.55,550 MS.,,0.4,-0.15,0.73,-0.27,0.27
7-Control- FF,ot,0.55,550 MS.,,0.38,-0.17,0.68,-0.32,0.32
7-Control- FF,ot,0.55,550 MS.,,0.35,-0.2,0.64,-0.36,0.36
7-Control- FF,ot,0.55,550 MS.,,0.38,-0.17,0.68,-0.32,0.32
7-Control- FF,ot,0.55,550 MS.,,0.39,-0.16,0.71,-0.29,0.29
7-Control- FF,ot,0.55,550 MS.,,0.43,-0.12,0.79,-0.21,0.21
7-Control- FF,ot,0.55,550 MS.,,0.42,-0.13,0.76,-0.24,0.24
7-Control- FF,ot,0.55,550 MS.,,0.38,-0.17,0.7,-0.3,0.3
7-Control- FF,ot,0.55,550 MS.,,0.4,-0.15,0.73,-0.27,0.27
7-Control- FF,ot,0.55,550 MS.,,0.38,-0.17,0.7,-0.3,0.3
7-Control- FF,ot,0.55,550 MS.,,0.34,-0.21,0.61,-0.39,0.39
7-Control- FF,ot,0.55,550 MS.,,0.34,-0.21,0.63,-0.37,0.37
7-Control- FF,ot,0.55,550 MS.,,0.41,-0.14,0.74,-0.26,0.26
7-Control- FF,ot,0.55,550 MS.,,0.42,-0.13,0.77,-0.23,0.23
7-Control- FF,ot,0.55,550 MS.,,0.45,-0.1,0.81,-0.19,0.19
7-Control- FF,ot,0.55,550 MS.,,0.46,-0.09,0.83,-0.17,0.17
7-Control- FF,ot,0.55,550 MS.,,0.44,-0.11,0.8,-0.2,0.2
7-Control- FF,ot,0.55,550 MS.,,0.42,-0.13,0.77,-0.23,0.23
7-Control- FF,ot,0.55,550 MS.,,0.51,-0.04,0.93,-0.07,0.07
7-Control- FF,ot,0.55,550 MS.,,0.46,-0.09,0.83,-0.17,0.17
7-Control- FF,ot,0.55,550 MS.,,0.38,-0.17,0.7,-0.3,0.3
7-Control- FF,ot,0.55,550 MS.,,0.39,-0.16,0.71,-0.29,0.29
7-Control- FF,ot,0.55,550 MS.,,0.32,-0.23,0.58,-0.42,0.42
7-Control- FF,ot,0.55,550 MS.,,0.34,-0.21,0.61,-0.39,0.39
7-Control- FF,ot,0.55,550 MS.,,0.3,-0.25,0.55,-0.45,0.45
7-Control- FF,ot,0.55,550 MS.,,0.34,-0.21,0.63,-0.37,0.37
7-Control- FF,ot,0.55,550 MS.,,0.34,-0.21,0.61,-0.39,0.39
7-Control- FF,ot,0.55,550 MS.,,0.35,-0.2,0.64,-0.36,0.36
7-Control- FF,ot,0.55,550 MS.,,0.37,-0.18,0.67,-0.33,0.33
7-Control- FF,ot,0.55,550 MS.,,0.34,-0.21,0.61,-0.39,0.39
7-Control- FF,ot,0.55,550 MS.,,0.32,-0.23,0.58,-0.42,0.42
7-Control- FF,ot,0.55,550 MS.,,0.35,-0.2,0.64,-0.36,0.36
7-Control- FF,ot,0.55,550 MS.,,0.32,-0.23,0.58,-0.42,0.42
7-Control- FF,ot,0.55,550 MS.,,0.28,-0.27,0.51,-0.49,0.49
7-Control- FF,ot,0.55,550 MS.,,0.28,-0.27,0.51,-0.49,0.49
7-Control- FF,ot,0.55,550 MS.,,0.33,-0.22,0.6,-0.4,0.4
7-Control- FF,ot,0.55,550 MS.,,0.3,-0.25,0.54,-0.46,0.46
7-Control- FF,ot,0.55,550 MS.,,0.34,-0.21,0.61,-0.39,0.39
7-Control- FF,ot,0.55,550 MS.,,0.31,-0.24,0.57,-0.43,0.43
7-Control- FF,ot,0.55,550 MS.,,0.3,-0.25,0.55,-0.45,0.45
7-Control- FF,ot,0.55,550 MS.,,0.34,-0.21,0.61,-0.39,0.39
7-Control- FF,ot,0.55,550 MS.,,0.34,-0.21,0.63,-0.37,0.37
7-Control- FF,ot,0.55,550 MS.,,0.34,-0.21,0.61,-0.39,0.39
7-Control- FF,ot,0.55,550 MS.,,0.38,-0.17,0.7,-0.3,0.3
7-Control- FF,ot,0.55,550 MS.,,0.41,-0.14,0.74,-0.26,0.26
7-Control- FF,ot,0.55,550 MS.,,0.39,-0.16,0.71,-0.29,0.29
7-Control- FF,ot,0.55,550 MS.,,0.36,-0.19,0.65,-0.35,0.35
7-Control- FF,ot,0.55,550 MS.,,0.4,-0.15,0.73,-0.27,0.27
7-Control- FF,ot,0.55,550 MS.,,0.38,-0.17,0.68,-0.32,0.32
7-Control- FF,ot,0.55,550 MS.,,0.4,-0.15,0.73,-0.27,0.27
